gid,role,role_score,cluster_id,priority_score,evidence,role_label,rank,depth,is_seed,in_deg,out_deg,in_kzt,out_kzt,in_tx,out_tx,pass_through,seed_payers,seeds_upstream,from_consolidators,betweenness,fast_out_share,max_payers_same_day,n_cycles,n_mutual,route_hits,forward_prob,flags,rule
100000000331309100,coordinator,0.5,7,0.8619,"Собирает от 5 плательщиков 984 635 ₸ и рассылает 99 получателям 23,00 млн ₸; сюда ведут пути от 7 seed. Признаки координации. Отдаёт больше, чем получил в выборке: есть источники вне данных.","Координатор, кандидат в организаторы",1,2,False,5,99,984635.0,23001375.0,8,126,23.3603,0,7,1,0.0046,0.3584,3,32,0,8,,sync_inflow;cycle;recurring_route,hub
100000000437046100,coordinator,0.7,2,0.8604,"Собирает от 9 плательщиков 1,11 млн ₸ и рассылает 42 получателям 7,61 млн ₸; сюда ведут пути от 7 seed. Признаки координации. Отдаёт больше, чем получил в выборке: есть источники вне данных.","Координатор, кандидат в организаторы",2,2,False,9,42,1107200.0,7606224.0,20,73,6.8698,0,7,0,0.0022,0.8675,3,469,3,47,,fast_transit;sync_inflow;cycle;mutual_transfers;recurring_route,hub
100000008603629100,coordinator,1.0,6,0.8582,"Собирает от 19 плательщиков 1,82 млн ₸ и рассылает 61 получателю 4,99 млн ₸; сюда ведут пути от 7 seed. Признаки координации. Отдаёт больше, чем получил в выборке: есть источники вне данных.","Координатор, кандидат в организаторы",3,2,False,19,61,1817300.0,4986156.0,45,74,2.7437,0,7,0,0.0058,0.9888,4,755,7,72,,fast_transit;sync_inflow;cycle;mutual_transfers;recurring_route,hub
100000008547948100,coordinator,0.55,5,0.8335,"Собирает от 6 плательщиков 212 665 ₸ и рассылает 26 получателям 5,19 млн ₸; сюда ведут пути от 8 seed. Признаки координации. Отдаёт больше, чем получил в выборке: есть источники вне данных.","Координатор, кандидат в организаторы",4,2,False,6,26,212665.0,5185600.0,7,31,24.3839,0,8,0,0.0011,0.2163,4,6,2,4,,sync_inflow;cycle;mutual_transfers;recurring_route,hub
100000004400305100,coordinator,0.6,2,0.8288,"Собирает от 7 плательщиков 222 800 ₸ и рассылает 82 получателям 5,83 млн ₸; сюда ведут пути от 7 seed. Признаки координации. Отдаёт больше, чем получил в выборке: есть источники вне данных.","Координатор, кандидат в организаторы",5,2,False,7,82,222800.0,5830181.0,9,101,26.1678,0,7,0,0.0026,0.7857,2,543,2,2,,fast_transit;cycle;mutual_transfers;recurring_route,hub
100000008165763100,coordinator,1.0,3,0.8205,"Собирает от 15 плательщиков 1,17 млн ₸ и рассылает 17 получателям 1,27 млн ₸; сюда ведут пути от 9 seed. Признаки координации.","Координатор, кандидат в организаторы",6,1,False,15,17,1165815.0,1267858.0,26,17,1.0875,1,9,0,0.0003,0.6806,4,0,0,8,,fast_transit;sync_inflow;recurring_route,hub
100000008477350100,coordinator,0.8,2,0.8187,"Собирает от 11 плательщиков 610 100 ₸ и рассылает 39 получателям 3,37 млн ₸; сюда ведут пути от 7 seed. Признаки координации. Отдаёт больше, чем получил в выборке: есть источники вне данных.","Координатор, кандидат в организаторы",7,2,False,11,39,610100.0,3374866.0,14,44,5.5317,0,7,0,0.0025,0.5699,2,463,1,4,,fast_transit;cycle;mutual_transfers;recurring_route,hub
100000001857829100,coordinator,0.55,6,0.8114,"Собирает от 6 плательщиков 888 535 ₸ и рассылает 16 получателям 2,39 млн ₸; сюда ведут пути от 7 seed. Признаки координации. Отдаёт больше, чем получил в выборке: есть источники вне данных.","Координатор, кандидат в организаторы",8,2,False,6,16,888535.0,2390993.0,9,16,2.6909,0,7,0,0.002,0.8155,3,48,2,0,,fast_transit;sync_inflow;cycle;mutual_transfers,hub
100000004156082100,coordinator,0.5,15,0.8079,"Собирает от 5 плательщиков 377 366 ₸ и рассылает 26 получателям 2,32 млн ₸; сюда ведут пути от 7 seed. Признаки координации. Отдаёт больше, чем получил в выборке: есть источники вне данных.","Координатор, кандидат в организаторы",9,1,False,5,26,377366.11,2319556.0,7,29,6.1467,1,7,0,0.002,0.959,2,10,1,20,,fast_transit;cycle;mutual_transfers;recurring_route,hub
100000008686313100,coordinator,0.55,2,0.803,"Собирает от 6 плательщиков 1,91 млн ₸ и рассылает 7 получателям 333 800 ₸; сюда ведут пути от 7 seed. Признаки координации.","Координатор, кандидат в организаторы",10,1,False,6,7,1912716.0,333800.0,16,13,0.1745,1,7,0,0.002,1.0,2,405,3,15,,fast_transit;cycle;mutual_transfers;recurring_route,hub
100000008346837100,coordinator,0.7,11,0.7997,"Собирает от 9 плательщиков 254 359 ₸ и рассылает 25 получателям 1,26 млн ₸; сюда ведут пути от 7 seed. Признаки координации. Отдаёт больше, чем получил в выборке: есть источники вне данных.","Координатор, кандидат в организаторы",11,2,False,9,25,254359.0,1258643.0,12,26,4.9483,0,7,0,0.009,0.8516,4,109,2,0,,fast_transit;sync_inflow;cycle;mutual_transfers,hub
100000003115284100,consolidator,0.65,10,0.7888,"Получает от 8 плательщиков (из них seed: 2) 2,16 млн ₸; дальше отдаёт 24% (517 000 ₸). Признаки консолидации.",Точка консолидации,12,1,False,8,2,2160500.0,517000.0,15,4,0.2393,2,11,1,0.0001,0.9865,7,1,1,4,,fast_transit;sync_inflow;cycle;mutual_transfers;recurring_route,fan_in
100000005782781100,coordinator,0.55,8,0.7847,"Собирает от 6 плательщиков 171 888 ₸ и рассылает 10 получателям 1,26 млн ₸; сюда ведут пути от 7 seed. Признаки координации. Отдаёт больше, чем получил в выборке: есть источники вне данных.","Координатор, кандидат в организаторы",13,2,False,6,10,171888.0,1263597.0,10,10,7.3513,0,7,0,0.0006,1.0,3,23,0,0,,fast_transit;sync_inflow;cycle,hub
100000007442518100,coordinator,0.5,31,0.7798,"Собирает от 5 плательщиков 510 000 ₸ и рассылает 9 получателям 4,42 млн ₸; сюда ведут пути от 7 seed. Признаки координации. Отдаёт больше, чем получил в выборке: есть источники вне данных.","Координатор, кандидат в организаторы",14,1,False,5,9,510000.0,4419999.0,8,12,8.6667,1,7,0,0.0003,0.8993,1,1,0,0,,fast_transit;cycle,hub
100000003684369100,coordinator,1.0,3,0.7187,"seed. Собирает от 24 плательщиков 3,85 млн ₸ и рассылает 62 получателям 8,59 млн ₸; сюда ведут пути от 9 seed. Признаки координации.","Координатор, кандидат в организаторы",15,0,True,24,62,3848436.0,8588655.0,58,67,2.2317,1,9,0,0.0023,1.0,6,0,1,302,,seed;sync_inflow;mutual_transfers;recurring_route,hub
100000005933757100,distributor,0.74,14,0.7166,"Рассылает 34 получателям 3,00 млн ₸, в среднем 88 313 ₸ на получателя; входящих плательщиков 4. Признаки веерного распределения. Отдаёт больше, чем получил в выборке: есть источники вне данных.",Распределитель (веер),16,2,False,4,34,1246000.0,3002628.0,6,46,2.4098,0,7,0,0.0039,0.6113,2,1,2,4,,fast_transit;cycle;mutual_transfers;recurring_route,fan_out
100000006889963100,consolidator,0.6,7,0.7139,"Получает от 4 плательщиков (из них seed: 2) 1,43 млн ₸; дальше отдаёт 31% (443 476 ₸). Признаки консолидации.",Точка консолидации,17,1,False,4,1,1431000.0,443475.8,6,3,0.3099,2,11,0,0.0,1.0,4,0,0,2,,fast_transit;sync_inflow;recurring_route,fan_in_seed
100000003016635100,coordinator,0.65,4,0.7051,"seed. Собирает от 8 плательщиков 586 981 ₸ и рассылает 73 получателям 9,41 млн ₸; сюда ведут пути от 6 seed. Признаки координации.","Координатор, кандидат в организаторы",18,0,True,8,73,586981.0,9414081.0,36,151,16.0381,0,6,0,0.0072,0.9351,3,13,6,221,,seed;sync_inflow;cycle;mutual_transfers;recurring_route,hub
100000004403675100,consolidator,0.6,19,0.6992,Получает от 4 плательщиков (из них seed: 2) 182 980 ₸; отдаёт больше полученного в выборке (264 699 ₸): есть источники вне данных. Признаки консолидации.,Точка консолидации,19,1,False,4,5,182980.0,264699.0,8,6,1.4466,2,7,0,0.0028,0.5402,1,9,1,5,,fast_transit;cycle;mutual_transfers;recurring_route,fan_in_seed
100000002957787100,distributor,0.74,2,0.6907,"Рассылает 34 получателям 1,28 млн ₸, в среднем 37 534 ₸ на получателя; входящих плательщиков 4. Признаки веерного распределения. Отдаёт больше, чем получил в выборке: есть источники вне данных.",Распределитель (веер),20,2,False,4,34,84956.0,1276153.96,7,41,15.0214,0,7,0,0.0043,0.7551,2,83,1,26,,fast_transit;cycle;mutual_transfers;recurring_route,fan_out
100000006866783100,coordinator,0.9,2,0.6905,"seed. Собирает от 13 плательщиков 838 812 ₸ и рассылает 67 получателям 3,95 млн ₸; сюда ведут пути от 6 seed. Признаки координации.","Координатор, кандидат в организаторы",21,0,True,13,67,838812.0,3948037.0,31,90,4.7067,0,6,0,0.006,1.0,5,878,8,115,,seed;sync_inflow;cycle;mutual_transfers;recurring_route,hub
100000008730846100,consolidator,0.6,10,0.6893,Получает от 7 плательщиков 155 042 ₸; отдаёт больше полученного в выборке (363 370 ₸): есть источники вне данных. Признаки консолидации.,Точка консолидации,22,2,False,7,3,155042.0,363370.0,11,4,2.3437,0,8,0,0.0001,1.0,4,0,0,6,,fast_transit;sync_inflow;recurring_route,fan_in
100000002741024100,coordinator,0.5,6,0.6858,Собирает от 5 плательщиков 817 981 ₸ и рассылает 6 получателям 434 989 ₸; сюда ведут пути от 7 seed. Признаки координации.,"Координатор, кандидат в организаторы",23,2,False,5,6,817980.85,434989.0,9,7,0.5318,0,7,0,0.0001,0.0648,1,0,3,0,,mutual_transfers,hub
100000008710791100,distributor,0.63,5,0.6833,"Рассылает 23 получателям 5,52 млн ₸, в среднем 240 066 ₸ на получателя; входящих плательщиков 3. Признаки веерного распределения. Отдаёт больше, чем получил в выборке: есть источники вне данных.",Распределитель (веер),24,2,False,3,23,181510.0,5521511.0,3,25,30.4199,0,9,0,0.0003,0.7007,1,0,0,0,,fast_transit,fan_out
100000000661912100,consolidator,0.5,2,0.6832,Получает от 5 плательщиков (из них seed: 1) 393 036 ₸; дальше отдаёт 110% (430 700 ₸). Признаки консолидации.,Точка консолидации,25,1,False,5,2,393036.0,430700.0,9,8,1.0958,1,7,0,0.0013,0.7516,2,0,1,2,,fast_transit;mutual_transfers;recurring_route,fan_in
100000003242289100,distributor,0.63,16,0.6753,"Рассылает 23 получателям 2,38 млн ₸, в среднем 103 380 ₸ на получателя; входящих плательщиков 3. Признаки веерного распределения. Отдаёт больше, чем получил в выборке: есть источники вне данных.",Распределитель (веер),26,2,False,3,23,550791.0,2377741.0,8,26,4.317,0,7,0,0.001,0.3309,2,103,1,8,,cycle;mutual_transfers;recurring_route,fan_out
100000007908818100,consolidator,0.6,3,0.6728,Получает от 4 плательщиков (из них seed: 2) 727 475 ₸; дальше отдаёт 42% (302 000 ₸). Признаки консолидации.,Точка консолидации,27,1,False,4,6,727475.0,302000.0,4,13,0.4151,2,11,0,0.0002,0.0497,2,0,0,0,,,fan_in_seed
100000008489922100,distributor,0.76,5,0.6699,"Рассылает 36 получателям 3,79 млн ₸, в среднем 105 275 ₸ на получателя; входящих плательщиков 3. Признаки веерного распределения. Отдаёт больше, чем получил в выборке: есть источники вне данных.",Распределитель (веер),28,3,False,3,36,262010.0,3789900.0,5,41,14.4647,0,8,0,0.0009,0.2691,2,5,1,0,,cycle;mutual_transfers,fan_out
100000005704413100,distributor,0.72,9,0.6659,"Рассылает 32 получателям 1,36 млн ₸, в среднем 42 612 ₸ на получателя; входящих плательщиков 3. Признаки веерного распределения. Отдаёт больше, чем получил в выборке: есть источники вне данных.",Распределитель (веер),29,3,False,3,32,97834.67,1363593.0,4,35,13.9377,0,7,0,0.0026,0.4452,2,2,1,16,,cycle;mutual_transfers;recurring_route,fan_out
100000008517538100,distributor,0.57,5,0.6619,"Рассылает 17 получателям 1,44 млн ₸, в среднем 84 647 ₸ на получателя; входящих плательщиков 3. Признаки веерного распределения. Отдаёт больше, чем получил в выборке: есть источники вне данных.",Распределитель (веер),30,3,False,3,17,155500.0,1439000.0,6,18,9.254,0,8,0,0.0002,0.5921,1,0,0,7,,fast_transit;recurring_route,fan_out
100000008547844100,distributor,0.59,5,0.6603,"Рассылает 19 получателям 2,04 млн ₸, в среднем 107 484 ₸ на получателя; входящих плательщиков 3. Признаки веерного распределения. Отдаёт больше, чем получил в выборке: есть источники вне данных.",Распределитель (веер),,2,False,3,19,177600.0,2042199.0,3,21,11.4989,0,8,0,0.0018,0.4073,1,7,1,0,,cycle;mutual_transfers,fan_out
100000008710843100,distributor,0.53,21,0.6566,"Рассылает 13 получателям 1,99 млн ₸, в среднем 152 731 ₸ на получателя; входящих плательщиков 2. Признаки веерного распределения. Отдаёт больше, чем получил в выборке: есть источники вне данных.",Распределитель (веер),,2,False,2,13,33944.0,1985500.0,3,14,58.4934,0,8,0,0.0012,0.0076,1,4,0,0,,cycle,fan_out
100000003880331100,distributor,0.56,6,0.6543,"Рассылает 16 получателям 3,90 млн ₸, в среднем 244 057 ₸ на получателя; входящих плательщиков 1. Признаки веерного распределения. Отдаёт больше, чем получил в выборке: есть источники вне данных.",Распределитель (веер),,3,False,1,16,100000.0,3904908.0,1,31,39.0491,0,7,0,0.0007,0.4467,1,20,1,0,,cycle;mutual_transfers,fan_out
100000008111003100,consolidator,0.55,3,0.6535,Получает от 6 плательщиков 222 716 ₸; дальше отдаёт 16% (35 000 ₸). Признаки консолидации.,Точка консолидации,,2,False,6,1,222716.0,35000.0,9,1,0.1572,0,7,0,0.0009,1.0,2,103,1,0,,fast_transit;cycle;mutual_transfers,fan_in
100000004299488100,consolidator,0.55,2,0.653,"Получает от 6 плательщиков (из них seed: 1) 1,75 млн ₸; дальше отдаёт 20% (344 999 ₸). Признаки консолидации.",Точка консолидации,,1,False,6,2,1749000.0,344999.0,22,14,0.1973,1,7,1,0.0,0.942,3,0,1,9,,fast_transit;sync_inflow;mutual_transfers;recurring_route,fan_in
100000008465789100,distributor,0.56,5,0.6521,"Рассылает 16 получателям 1,86 млн ₸, в среднем 116 131 ₸ на получателя; входящих плательщиков 1. Признаки веерного распределения. Отдаёт больше, чем получил в выборке: есть источники вне данных.",Распределитель (веер),,3,False,1,16,30099.0,1858100.0,1,17,61.7329,0,8,0,0.0008,0.478,1,6,0,0,,cycle,fan_out
100000008466579100,distributor,0.57,5,0.6498,"Рассылает 17 получателям 1,93 млн ₸, в среднем 113 706 ₸ на получателя; входящих плательщиков 2. Признаки веерного распределения. Отдаёт больше, чем получил в выборке: есть источники вне данных.",Распределитель (веер),,2,False,2,17,36952.0,1933000.0,2,20,52.3111,0,8,0,0.0005,0.0647,1,4,0,0,,cycle,fan_out
100000004070318100,distributor,0.59,2,0.649,"Рассылает 19 получателям 551 860 ₸, в среднем 29 045 ₸ на получателя; входящих плательщиков 4. Признаки веерного распределения. Отдаёт больше, чем получил в выборке: есть источники вне данных.",Распределитель (веер),,1,False,4,19,207246.55,551860.0,6,37,2.6628,1,7,0,0.0021,0.5406,2,461,2,0,,fast_transit;cycle;mutual_transfers,fan_out
100000005910114100,distributor,0.59,6,0.6479,"Рассылает 19 получателям 1,47 млн ₸, в среднем 77 368 ₸ на получателя; входящих плательщиков 3. Признаки веерного распределения. Отдаёт больше, чем получил в выборке: есть источники вне данных.",Распределитель (веер),,3,False,3,19,326144.0,1469993.0,3,56,4.5072,0,7,0,0.0058,0.4222,1,255,0,0,,cycle,fan_out
100000008512827100,distributor,0.5,13,0.6478,"Рассылает 10 получателям 1,94 млн ₸, в среднем 194 450 ₸ на получателя; входящих плательщиков 3. Признаки веерного распределения. Отдаёт больше, чем получил в выборке: есть источники вне данных.",Распределитель (веер),,2,False,3,10,107949.0,1944500.0,3,10,18.0131,0,9,0,0.0001,0.7987,1,0,0,0,,fast_transit,fan_out
100000003854444100,distributor,0.54,17,0.6472,"Рассылает 14 получателям 2,32 млн ₸, в среднем 165 922 ₸ на получателя; входящих плательщиков 1. Признаки веерного распределения. Отдаёт больше, чем получил в выборке: есть источники вне данных.",Распределитель (веер),,2,False,1,14,210000.0,2322909.0,4,14,11.0615,0,7,0,0.0011,0.7448,1,0,0,0,,fast_transit,fan_out
100000004015047100,consolidator,0.7,8,0.6461,Получает от 9 плательщиков (из них seed: 3) 919 104 ₸; дальше отдаёт 8% (69 195 ₸). Признаки консолидации.,Точка консолидации,,1,False,9,1,919104.0,69195.0,18,7,0.0753,3,11,1,0.0,0.6363,2,0,1,0,,fast_transit;mutual_transfers,fan_in
100000004351795100,distributor,0.54,2,0.6451,"Рассылает 14 получателям 1,72 млн ₸, в среднем 122 512 ₸ на получателя; входящих плательщиков 3. Признаки веерного распределения. Отдаёт больше, чем получил в выборке: есть источники вне данных.",Распределитель (веер),,1,False,3,14,118333.0,1715161.0,3,37,14.4944,1,7,0,0.0024,0.3791,1,205,1,0,,cycle;mutual_transfers,fan_out
100000003265158100,consolidator,0.6,12,0.6426,Получает от 3 плательщиков (из них seed: 2) 146 100 ₸; дальше отдаёт 106% (154 200 ₸). Признаки консолидации.,Точка консолидации,,1,False,3,2,146100.4,154200.0,3,4,1.0554,2,9,0,0.0002,1.0,1,0,0,0,,fast_transit,fan_in_seed
100000008304139100,distributor,0.64,3,0.6419,"Рассылает 24 получателям 1,69 млн ₸, в среднем 70 542 ₸ на получателя; входящих плательщиков 4. Признаки веерного распределения. Отдаёт больше, чем получил в выборке: есть источники вне данных.",Распределитель (веер),,1,False,4,24,189329.75,1692997.0,4,43,8.9421,1,7,0,0.0013,0.2819,1,289,1,0,,cycle;mutual_transfers,fan_out
100000000332284100,consolidator,0.75,7,0.6371,Получает от 10 плательщиков 107 426 ₸; отдаёт больше полученного в выборке (289 500 ₸): есть источники вне данных. Признаки консолидации.,Точка консолидации,,2,False,10,3,107426.0,289500.0,12,3,2.6949,0,7,0,0.0001,1.0,3,0,0,0,,fast_transit;sync_inflow,fan_in
100000004150593100,distributor,0.51,4,0.6351,"Рассылает 11 получателям 871 165 ₸, в среднем 79 197 ₸ на получателя; входящих плательщиков 1. Признаки веерного распределения. Отдаёт больше, чем получил в выборке: есть источники вне данных.",Распределитель (веер),,2,False,1,11,57000.0,871165.0,2,16,15.2836,0,7,0,0.0002,0.8159,1,4,0,0,,fast_transit;cycle,fan_out
100000008743913100,distributor,0.53,21,0.6335,"Рассылает 13 получателям 1,85 млн ₸, в среднем 142 354 ₸ на получателя; входящих плательщиков 3. Признаки веерного распределения. Отдаёт больше, чем получил в выборке: есть источники вне данных.",Распределитель (веер),,2,False,3,13,149300.0,1850600.0,3,13,12.3952,0,9,0,0.0003,0.448,2,0,0,0,,,fan_out
100000007594394100,consolidator,0.55,17,0.6315,"Получает от 6 плательщиков 395 385 ₸; отдаёт больше полученного в выборке (3,38 млн ₸): есть источники вне данных. Признаки консолидации.",Точка консолидации,,2,False,6,1,395385.0,3376312.0,6,40,8.5393,0,9,0,0.0,0.4527,2,0,1,0,,mutual_transfers,fan_in
100000002723538100,distributor,0.52,6,0.6305,"Рассылает 12 получателям 560 499 ₸, в среднем 46 708 ₸ на получателя; входящих плательщиков 3. Признаки веерного распределения. Отдаёт больше, чем получил в выборке: есть источники вне данных.",Распределитель (веер),,2,False,3,12,105647.0,560499.0,3,14,5.3054,0,7,0,0.0003,0.5698,1,60,1,0,,fast_transit;cycle;mutual_transfers,fan_out
100000007639767100,distributor,0.5,6,0.6295,"Рассылает 10 получателям 822 244 ₸, в среднем 82 224 ₸ на получателя; входящих плательщиков 4. Признаки веерного распределения. Отдаёт больше, чем получил в выборке: есть источники вне данных.",Распределитель (веер),,1,False,4,10,90913.0,822244.0,4,13,9.0443,1,7,0,0.0025,0.0952,1,587,3,0,,cycle;mutual_transfers,fan_out
100000008413748100,distributor,0.58,16,0.6294,"Рассылает 18 получателям 1,38 млн ₸, в среднем 76 518 ₸ на получателя; входящих плательщиков 2. Признаки веерного распределения. Отдаёт больше, чем получил в выборке: есть источники вне данных.",Распределитель (веер),,2,False,2,18,26480.0,1377320.22,2,21,52.0136,0,7,0,0.0006,0.3328,2,85,0,0,,cycle,fan_out
100000000343175100,coordinator,0.65,10,0.6282,"seed. Собирает от 8 плательщиков 178 712 ₸ и рассылает 31 получателю 4,00 млн ₸; сюда ведут пути от 7 seed. Признаки координации.","Координатор, кандидат в организаторы",,0,True,8,31,178712.0,4000039.0,14,33,22.3826,1,7,0,0.0011,1.0,2,0,0,0,,seed,hub
100000003796063100,distributor,0.55,7,0.6267,"Рассылает 15 получателям 959 150 ₸, в среднем 63 943 ₸ на получателя; входящих плательщиков 1. Признаки веерного распределения. Отдаёт больше, чем получил в выборке: есть источники вне данных.",Распределитель (веер),,3,False,1,15,35000.0,959150.0,1,23,27.4043,0,7,1,0.0012,0.0735,1,103,1,0,,cycle;mutual_transfers,fan_out
100000004759121100,consolidator,0.55,2,0.6263,Получает от 6 плательщиков (из них seed: 1) 710 000 ₸; дальше отдаёт 44% (312 000 ₸). Признаки консолидации.,Точка консолидации,,1,False,6,2,710000.0,312000.0,10,6,0.4394,1,7,0,0.0001,0.5192,1,0,1,0,,fast_transit;mutual_transfers,fan_in
100000005578559100,distributor,0.61,9,0.6257,"Рассылает 21 получателю 893 164 ₸, в среднем 42 532 ₸ на получателя; входящих плательщиков 2. Признаки веерного распределения. Отдаёт больше, чем получил в выборке: есть источники вне данных.",Распределитель (веер),,2,False,2,21,131000.0,893163.6699999999,2,23,6.818,0,7,0,0.001,0.455,1,1,0,0,,cycle,fan_out
100000007055802100,consolidator,0.55,2,0.6195,"Получает от 6 плательщиков (из них seed: 1) 2,02 млн ₸; дальше отдаёт 30% (605 000 ₸). Признаки консолидации.",Точка консолидации,,1,False,6,1,2024999.0,605000.0,34,7,0.2988,1,7,1,0.0,1.0,4,0,1,13,,fast_transit;sync_inflow;mutual_transfers;recurring_route,fan_in
100000002398779100,consolidator,0.9,2,0.6182,"Получает от 13 плательщиков 1,10 млн ₸; дальше отдаёт 6% (66 000 ₸). Признаки консолидации.",Точка консолидации,,2,False,13,1,1095690.0,66000.0,28,3,0.0602,0,8,1,0.0,1.0,7,0,0,6,,fast_transit;sync_inflow;recurring_route,fan_in
100000004847758100,distributor,0.55,3,0.6163,"Рассылает 15 получателям 488 800 ₸, в среднем 32 587 ₸ на получателя; входящих плательщиков 4. Признаки веерного распределения. Отдаёт больше, чем получил в выборке: есть источники вне данных.",Распределитель (веер),,1,False,4,15,115171.0,488800.0,4,23,4.2441,1,7,0,0.0014,0.2578,1,70,1,0,,cycle;mutual_transfers,fan_out
100000003747133100,consolidator,0.5,48,0.6143,Получает от 5 плательщиков 237 068 ₸; дальше отдаёт 105% (250 000 ₸). Признаки консолидации.,Точка консолидации,,2,False,5,2,237068.0,250000.0,8,2,1.0545,0,7,0,0.0001,0.92,2,0,0,0,,fast_transit,fan_in
100000008742053100,distributor,0.52,13,0.6136,"Рассылает 12 получателям 2,79 млн ₸, в среднем 232 417 ₸ на получателя; входящих плательщиков 1. Признаки веерного распределения. Отдаёт больше, чем получил в выборке: есть источники вне данных.",Распределитель (веер),,3,False,1,12,10000.0,2789000.0,1,12,278.9,0,8,0,0.0001,,1,0,0,0,,,fan_out
100000001530983100,distributor,0.51,4,0.6129,"Рассылает 11 получателям 1,83 млн ₸, в среднем 166 322 ₸ на получателя; входящих плательщиков 4. Признаки веерного распределения. Отдаёт больше, чем получил в выборке: есть источники вне данных.",Распределитель (веер),,1,False,4,11,564158.0,1829538.0,4,17,3.243,2,7,0,0.0003,0.1565,1,0,0,0,,,fan_out
100000008546855100,consolidator,0.55,17,0.6119,Получает от 6 плательщиков 71 790 ₸; дальше отдаёт 14% (10 000 ₸). Признаки консолидации.,Точка консолидации,,2,False,6,2,71790.0,10000.0,8,2,0.1393,0,7,0,0.0001,1.0,5,0,2,4,,fast_transit;sync_inflow;mutual_transfers;recurring_route,fan_in
100000006734214100,consolidator,0.5,7,0.6105,Получает от 5 плательщиков 610 000 ₸; дальше отдаёт 6% (36 000 ₸). Признаки консолидации.,Точка консолидации,,3,False,5,3,610000.0,36000.0,10,4,0.059,0,7,1,0.0001,0.7222,2,0,0,0,,fast_transit,fan_in
100000008637537100,consolidator,0.6,41,0.5974,"seed. Получает от 3 плательщиков (из них seed: 2) 619 890 ₸; дальше отдаёт 2,35 млн ₸ 3 получателям. Признаки консолидации.",Точка консолидации,,0,True,3,3,619890.0,2351495.0,22,30,3.7934,2,9,0,0.0001,1.0,2,2,2,8,,seed;cycle;mutual_transfers;recurring_route,fan_in_seed
100000002224132100,consolidator,0.5,24,0.5969,"Получает от 5 плательщиков 3,95 млн ₸; отдаёт больше полученного в выборке (12,12 млн ₸): есть источники вне данных. Признаки консолидации.",Точка консолидации,,2,False,5,4,3951020.0,12115000.0,10,25,3.0663,0,2,0,0.0,0.7268,2,5,3,4,,fast_transit;cycle;mutual_transfers;recurring_route,fan_in
100000008746449100,distributor,0.5,5,0.5969,"Рассылает 10 получателям 1,01 млн ₸, в среднем 100 900 ₸ на получателя; входящих плательщиков 1. Признаки веерного распределения. Отдаёт больше, чем получил в выборке: есть источники вне данных.",Распределитель (веер),,3,False,1,10,10000.0,1009000.0,1,10,100.9,0,8,0,0.0002,,1,0,0,0,,,fan_out
100000004071080100,consolidator,0.7,2,0.5932,Получает от 9 плательщиков (из них seed: 1) 238 600 ₸; дальше отдаёт 19% (46 500 ₸). Признаки консолидации.,Точка консолидации,,1,False,9,2,238600.0,46500.0,16,5,0.1949,1,7,0,0.0,0.871,2,0,1,4,,fast_transit;mutual_transfers;recurring_route,fan_in
100000004140487100,distributor,0.5,3,0.5887,"Рассылает 10 получателям 262 600 ₸, в среднем 26 260 ₸ на получателя; входящих плательщиков 1. Признаки веерного распределения. Отдаёт больше, чем получил в выборке: есть источники вне данных.",Распределитель (веер),,3,False,1,10,24510.0,262600.0,1,19,10.714,0,7,0,0.0003,0.2959,1,35,0,0,,cycle,fan_out
100000002578405100,distributor,1.0,1,0.5869,"Рассылает 116 получателям 3,11 млн ₸, в среднем 26 796 ₸ на получателя; входящих плательщиков 2. Признаки веерного распределения. Отдаёт больше, чем получил в выборке: есть источники вне данных.",Распределитель (веер),,2,False,2,116,1200351.0,3108352.0,7,120,2.5895,0,1,0,0.0002,0.6693,1,0,2,2,,fast_transit;mutual_transfers;recurring_route,fan_out
100000007593823100,distributor,0.53,2,0.5847,"Рассылает 13 получателям 162 900 ₸, в среднем 12 531 ₸ на получателя; входящих плательщиков 3. Признаки веерного распределения. Отдаёт больше, чем получил в выборке: есть источники вне данных.",Распределитель (веер),,3,False,3,13,25000.0,162900.0,3,21,6.516,0,7,0,0.0007,0.4009,1,49,1,0,,cycle;mutual_transfers,fan_out
100000000089154100,distributor,0.55,3,0.579,"Рассылает 15 получателям 425 500 ₸, в среднем 28 367 ₸ на получателя; входящих плательщиков 1. Признаки веерного распределения. Отдаёт больше, чем получил в выборке: есть источники вне данных.",Распределитель (веер),,1,False,1,15,10000.0,425500.0,1,21,42.55,1,7,0,0.0001,0.2738,1,56,1,0,,cycle;mutual_transfers,fan_out
100000008748914100,distributor,0.53,3,0.5772,"Рассылает 13 получателям 4,47 млн ₸, в среднем 343 988 ₸ на получателя; входящих плательщиков 2. Признаки веерного распределения. Отдаёт больше, чем получил в выборке: есть источники вне данных.",Распределитель (веер),,1,False,2,13,180000.0,4471847.0,9,21,24.8436,1,1,0,0.0006,0.4959,1,0,1,13,,mutual_transfers;recurring_route,fan_out
100000001282143100,consolidator,0.5,13,0.5723,"Получает от 5 плательщиков 1,70 млн ₸; дальше отдаёт 0% (0 ₸). Признаки консолидации.",Точка консолидации,,3,False,5,0,1700000.0,0.0,6,0,0.0,0,10,0,0.0,,4,0,0,0,,sync_inflow,fan_in
100000003213473100,distributor,0.51,2,0.5707,"Рассылает 11 получателям 240 000 ₸, в среднем 21 818 ₸ на получателя; входящих плательщиков 1. Признаки веерного распределения. Отдаёт больше, чем получил в выборке: есть источники вне данных.",Распределитель (веер),,3,False,1,11,57500.0,240000.0,2,12,4.1739,0,7,0,0.0001,0.1875,1,33,1,0,,cycle;mutual_transfers,fan_out
100000002718366100,consolidator,0.55,5,0.5681,"Получает от 6 плательщиков 2,52 млн ₸; дальше отдаёт 0% (0 ₸). Признаки консолидации.",Точка консолидации,,2,False,6,0,2525000.0,0.0,10,0,0.0,0,9,0,0.0,,3,0,0,0,,sync_inflow,fan_in
100000003635170100,transit,0.96,34,0.5632,"Получил 268 500 ₸ от 3 плательщиков, передал дальше 94% (253 500 ₸) 4 получателям; 100% ушло в течение 2 дней. Признаки транзита.",Транзит,,1,False,3,4,268500.0,253500.0,13,10,0.9441,1,8,0,0.0002,1.0,2,0,2,2,,fast_transit;mutual_transfers;recurring_route,pass_through
100000004486525100,consolidator,0.65,2,0.5631,Получает от 8 плательщиков 360 924 ₸; дальше отдаёт 75% (271 045 ₸). Признаки консолидации.,Точка консолидации,,2,False,8,2,360924.0,271045.0,21,3,0.751,0,7,0,0.0,1.0,5,0,0,0,,fast_transit;sync_inflow,fan_in
100000005382566100,consolidator,0.6,19,0.5631,seed. Получает от 7 плательщиков (из них seed: 6) 393 066 ₸; дальше отдаёт 50 000 ₸ 1 получателю. Признаки консолидации.,Точка консолидации,,0,True,7,1,393066.0,50000.0,11,1,0.1272,6,14,0,0.0,1.0,2,0,1,0,,seed;mutual_transfers,fan_in
100000002894076100,consolidator,0.6,8,0.5628,"Получает от 4 плательщиков (из них seed: 2) 1,12 млн ₸; дальше отдаёт 0% (0 ₸). Признаки консолидации.",Точка консолидации,,1,False,4,0,1122782.0,0.0,6,0,0.0,2,10,0,0.0,,3,0,0,0,,sync_inflow,fan_in_seed
100000005665181100,distributor,0.51,7,0.5546,"Рассылает 11 получателям 181 915 ₸, в среднем 16 538 ₸ на получателя; входящих плательщиков 4. Признаки веерного распределения. Отдаёт больше, чем получил в выборке: есть источники вне данных.",Распределитель (веер),,2,False,4,11,45498.0,181915.0,5,11,3.9983,0,7,0,0.0003,0.077,2,0,1,0,,mutual_transfers,fan_out
100000001303311100,consolidator,0.5,21,0.5533,"Получает от 5 плательщиков 1,32 млн ₸; дальше отдаёт 0% (0 ₸). Признаки консолидации.",Точка консолидации,,3,False,5,0,1324000.0,0.0,5,0,0.0,0,9,0,0.0,,4,0,0,0,,sync_inflow,fan_in
100000003741418100,consolidator,0.7,7,0.5521,Получает от 9 плательщиков 151 900 ₸; дальше отдаёт 26% (39 920 ₸). Признаки консолидации.,Точка консолидации,,2,False,9,3,151900.0,39920.0,13,3,0.2628,0,7,0,0.0001,,2,0,1,0,,mutual_transfers,fan_in
100000002838861100,consolidator,0.5,9,0.5495,Получает от 5 плательщиков (из них seed: 2) 554 524 ₸; дальше отдаёт 2% (10 000 ₸). Признаки консолидации.,Точка консолидации,,1,False,5,1,554523.95,10000.0,5,1,0.018,2,8,0,0.0,,2,0,1,0,,mutual_transfers,fan_in
100000002547110100,consolidator,0.55,5,0.5428,"Получает от 6 плательщиков 1,50 млн ₸; дальше отдаёт 0% (0 ₸). Признаки консолидации.",Точка консолидации,,3,False,6,0,1500000.0,0.0,10,0,0.0,0,8,0,0.0,,5,0,0,0,,sync_inflow,fan_in
100000007998965100,consolidator,0.5,10,0.5422,Получает от 5 плательщиков 278 000 ₸; дальше отдаёт 9% (26 000 ₸). Признаки консолидации.,Точка консолидации,,2,False,5,1,278000.0,26000.0,7,3,0.0935,0,8,0,0.0,0.3846,2,0,0,0,,,fan_in
100000006518161100,transit,1.0,4,0.5421,"Получил 594 200 ₸ от 3 плательщиков, передал дальше 100% (595 899 ₸) 2 получателям; 71% ушло в течение 2 дней. Признаки транзита.",Транзит,,1,False,3,2,594200.0,595899.0,13,13,1.0029,1,7,0,0.0001,0.7147,2,0,1,10,,fast_transit;mutual_transfers;recurring_route,pass_through
100000006707582100,distributor,0.54,10,0.5391,"Рассылает 14 получателям 961 138 ₸, в среднем 68 653 ₸ на получателя; входящих плательщиков 2. Признаки веерного распределения. Отдаёт больше, чем получил в выборке: есть источники вне данных.",Распределитель (веер),,1,False,2,14,39520.0,961138.0,2,15,24.3203,1,1,0,0.0004,0.948,1,0,1,0,,fast_transit;mutual_transfers,fan_out
100000003249054100,consolidator,0.6,3,0.5336,Получает от 7 плательщиков 99 700 ₸; дальше отдаёт 15% (15 000 ₸). Признаки консолидации.,Точка консолидации,,2,False,7,1,99700.0,15000.0,11,1,0.1505,0,7,0,0.0,,2,0,0,0,,,fan_in
100000001616816100,consolidator,0.5,8,0.5301,seed. Получает от 5 плательщиков 176 195 ₸; дальше отдаёт 181 326 ₸ 3 получателям. Признаки консолидации.,Точка консолидации,,0,True,5,3,176195.0,181326.0,12,10,1.0291,0,10,1,0.0001,0.6939,1,0,2,0,,seed;mutual_transfers,fan_in
100000008560717100,consolidator,0.6,7,0.5246,Получает от 7 плательщиков (из них seed: 1) 529 000 ₸; дальше отдаёт 5% (25 000 ₸). Признаки консолидации.,Точка консолидации,,1,False,7,1,529000.0,25000.0,9,1,0.0473,1,7,0,0.0,,2,0,0,0,,,fan_in
100000005242320100,distributor,0.61,13,0.5224,"Рассылает 21 получателю 8,94 млн ₸, в среднем 425 538 ₸ на получателя; входящих плательщиков 2. Признаки веерного распределения. Отдаёт больше, чем получил в выборке: есть источники вне данных.",Распределитель (веер),,2,False,2,21,365700.0,8936295.0,2,29,24.4361,0,2,0,0.0,0.1927,1,0,0,0,,,fan_out
100000001660397100,transit,1.0,2,0.5221,"Получил 48 600 ₸ от 2 плательщиков, передал дальше 101% (49 000 ₸) 3 получателям; 76% ушло в течение 2 дней. Признаки транзита.",Транзит,,1,False,2,3,48600.0,49000.0,2,4,1.0082,1,7,0,0.0005,0.7551,1,222,1,0,,fast_transit;cycle;mutual_transfers,pass_through
100000004962193100,consolidator,0.65,2,0.5177,Получает от 8 плательщиков 900 468 ₸; дальше отдаёт 0% (0 ₸). Признаки консолидации.,Точка консолидации,,2,False,8,0,900468.0,0.0,11,0,0.0,0,7,1,0.0,,5,0,0,0,,sync_inflow,fan_in
100000001697501100,distributor,0.78,1,0.517,"Рассылает 38 получателям 1,48 млн ₸, в среднем 39 016 ₸ на получателя; входящих плательщиков 3. Признаки веерного распределения. Отдаёт больше, чем получил в выборке: есть источники вне данных.",Распределитель (веер),,1,False,3,38,123700.0,1482606.0,3,55,11.9855,1,1,0,0.0002,0.4582,1,0,3,0,,mutual_transfers,fan_out
100000003946524100,transit,0.795,3,0.5167,"Получил 133 757 ₸ от 2 плательщиков, передал дальше 108% (144 750 ₸) 2 получателям. Признаки транзита.",Транзит,,1,False,2,2,133757.0,144750.0,2,2,1.0822,1,10,0,0.0001,,1,0,1,0,,mutual_transfers,pass_through
100000005830339100,consolidator,0.5,3,0.5165,Получает от 5 плательщиков 476 341 ₸; дальше отдаёт 71% (339 251 ₸). Признаки консолидации.,Точка консолидации,,3,False,5,1,476341.0,339251.0,12,1,0.7122,0,7,0,0.0,,1,0,0,0,,,fan_in
100000004679953100,terminal,0.768,6,0.5162,"Получил 343 538 ₸ от 3 плательщиков, дальше ушло только 10%. Деньги остаются.",Конечный получатель,,1,False,3,3,343538.0,34100.0,3,3,0.0993,1,7,0,0.0004,0.6246,2,6,0,0,,fast_transit;cycle,keeps
100000008561016100,transit,1.0,5,0.5153,"Получил 180 000 ₸ от 1 плательщика, передал дальше 103% (185 000 ₸) 1 получателю; 100% ушло в течение 2 дней. Признаки транзита.",Транзит,,3,False,1,1,180000.0,185000.0,2,4,1.0278,0,9,0,0.0,1.0,1,0,0,2,,fast_transit;recurring_route,pass_through
100000005778283100,consolidator,0.6,8,0.5107,Получает от 3 плательщиков (из них seed: 2) 615 760 ₸; дальше отдаёт 0% (0 ₸). Признаки консолидации.,Точка консолидации,,1,False,3,0,615760.0,0.0,3,0,0.0,2,9,0,0.0,,1,0,0,0,,,fan_in_seed
100000004707703100,transit,1.0,4,0.5105,"Получил 239 300 ₸ от 2 плательщиков, передал дальше 97% (231 650 ₸) 5 получателям; 89% ушло в течение 2 дней. Признаки транзита.",Транзит,,1,False,2,5,239300.0,231650.0,3,6,0.968,1,7,0,0.0001,0.8893,1,0,0,0,,fast_transit,pass_through
100000007777377100,terminal,0.83,4,0.5065,"Получил 456 290 ₸ от 1 плательщика, дальше ушло только 2%. Деньги остаются.",Конечный получатель,,2,False,1,2,456290.0,10000.0,7,2,0.0219,0,7,0,0.0001,1.0,1,0,0,2,,fast_transit;recurring_route,keeps
100000004820260100,transit,0.899,15,0.5042,"Получил 234 200 ₸ от 1 плательщика, передал дальше 92% (215 350 ₸) 3 получателям; 100% ушло в течение 2 дней. Признаки транзита.",Транзит,,2,False,1,3,234200.0,215350.0,12,10,0.9195,0,7,0,0.0,1.0,1,1,1,5,,fast_transit;cycle;mutual_transfers;recurring_route,pass_through
100000008086440100,transit,0.519,2,0.5042,"Получил 199 733 ₸ от 1 плательщика, передал дальше 81% (161 300 ₸) 5 получателям; 24% ушло в течение 2 дней. Признаки транзита.",Транзит,,3,False,1,5,199733.0,161300.0,1,6,0.8076,0,7,0,0.0001,0.2356,1,81,1,0,,cycle;mutual_transfers,pass_through
100000008460102100,distributor,0.71,18,0.5042,"Рассылает 31 получателю 476 570 ₸, в среднем 15 373 ₸ на получателя; входящих плательщиков 1. Признаки веерного распределения. Отдаёт больше, чем получил в выборке: есть источники вне данных.",Распределитель (веер),,3,False,1,31,17500.0,476570.0,1,34,27.2326,0,1,0,0.001,0.1874,1,0,0,0,,,fan_out
100000004336312100,transit,0.609,35,0.5021,"Получил 90 415 ₸ от 3 плательщиков, передал дальше 80% (72 650 ₸) 2 получателям; 52% ушло в течение 2 дней. Признаки транзита.",Транзит,,2,False,3,2,90415.0,72650.0,7,3,0.8035,0,7,0,0.0,0.5182,3,7,1,0,,fast_transit;sync_inflow;cycle;mutual_transfers,pass_through
100000001253557100,consolidator,0.5,5,0.4993,Получает от 5 плательщиков (из них seed: 1) 210 200 ₸; дальше отдаёт 0% (0 ₸). Признаки консолидации.,Точка консолидации,,1,False,5,0,210200.0,0.0,5,0,0.0,1,10,0,0.0,,1,0,0,0,,,fan_in
100000008144528100,consolidator,0.5,4,0.4967,"Получает от 5 плательщиков 1,07 млн ₸; дальше отдаёт 0% (0 ₸). Признаки консолидации.",Точка консолидации,,2,False,5,0,1068202.6,0.0,13,0,0.0,0,7,0,0.0,,2,0,0,0,,,fan_in
100000004160650100,distributor,0.5,25,0.4942,"Рассылает 10 получателям 1,49 млн ₸, в среднем 148 983 ₸ на получателя; входящих плательщиков 2. Признаки веерного распределения. Отдаёт больше, чем получил в выборке: есть источники вне данных.",Распределитель (веер),,2,False,2,10,75100.0,1489827.0,4,40,19.8379,0,1,0,0.0,0.8165,1,14,2,8,,fast_transit;cycle;mutual_transfers;recurring_route,fan_out
100000000291906100,transit,0.563,51,0.4937,"Получил 388 000 ₸ от 2 плательщиков, передал дальше 117% (455 854 ₸) 2 получателям; 42% ушло в течение 2 дней. Признаки транзита.",Транзит,,2,False,2,2,388000.0,455854.0,3,6,1.1749,0,7,0,0.0001,0.4187,1,0,1,0,,mutual_transfers,pass_through
100000005519998100,transit,0.918,35,0.4932,"Получил 182 000 ₸ от 3 плательщиков, передал дальше 103% (188 000 ₸) 3 получателям; 33% ушло в течение 2 дней. Признаки транзита.",Транзит,,2,False,3,3,182000.0,188000.0,5,8,1.033,0,7,0,0.0001,0.3298,1,6,2,0,,cycle;mutual_transfers,pass_through
100000006977207100,distributor,0.55,20,0.4932,"Рассылает 15 получателям 4,16 млн ₸, в среднем 277 135 ₸ на получателя; входящих плательщиков 1. Признаки веерного распределения. Отдаёт больше, чем получил в выборке: есть источники вне данных.",Распределитель (веер),,2,False,1,15,414000.0,4157018.0,1,15,10.0411,0,1,0,0.0,,1,0,0,0,,,fan_out
100000006972210100,consolidator,0.6,9,0.492,Получает от 3 плательщиков (из них seed: 3) 488 775 ₸; дальше отдаёт 0% (0 ₸). Признаки консолидации.,Точка консолидации,,1,False,3,0,488775.0,0.0,4,0,0.0,3,8,0,0.0,,1,0,0,0,,,fan_in_seed
100000006274203100,terminal,1.0,17,0.4899,"Получил 3,42 млн ₸ от 2 плательщиков, дальше ушло только 2%. Деньги остаются.",Конечный получатель,,3,False,2,3,3417512.0,72000.0,41,3,0.0211,0,9,1,0.0,0.0694,1,0,1,0,,mutual_transfers,keeps
100000006704530100,transit,0.875,27,0.4865,"Получил 450 500 ₸ от 1 плательщика, передал дальше 95% (428 000 ₸) 3 получателям. Признаки транзита.",Транзит,,3,False,1,3,450500.0,428000.0,1,5,0.9501,0,7,0,0.0001,,1,0,0,0,,,pass_through
100000008324800100,transit,1.0,71,0.4841,"Получил 526 500 ₸ от 3 плательщиков, передал дальше 97% (511 000 ₸) 1 получателю; 100% ушло в течение 2 дней. Признаки транзита.",Транзит,,2,False,3,1,526500.0,511000.0,17,13,0.9706,0,7,0,0.0,1.0,2,0,1,2,,fast_transit;mutual_transfers;recurring_route,pass_through
100000004746397100,terminal,0.671,7,0.4835,"Получил 219 520 ₸ от 1 плательщика, дальше ушло только 3%. Деньги остаются.",Конечный получатель,,3,False,1,1,219520.0,7500.0,1,1,0.0342,0,7,0,0.0007,,1,4,0,0,,cycle,keeps
100000008692291100,transit,0.937,5,0.4792,"Получил 160 000 ₸ от 3 плательщиков, передал дальше 98% (156 000 ₸) 3 получателям; 13% ушло в течение 2 дней. Признаки транзита.",Транзит,,3,False,3,3,160000.0,156000.0,3,3,0.975,0,8,0,0.0001,0.1346,2,0,0,0,,,pass_through
100000001609499100,terminal,0.71,2,0.4754,"Получил 263 113 ₸ от 3 плательщиков, дальше ушло только 8%. Деньги остаются.",Конечный получатель,,1,False,3,2,263113.0,21000.0,3,2,0.0798,1,7,0,0.0002,0.4762,1,122,1,0,,cycle;mutual_transfers,keeps
100000008094734100,consolidator,0.6,2,0.4753,Получает от 4 плательщиков (из них seed: 2) 236 249 ₸; дальше отдаёт 0% (0 ₸). Признаки консолидации.,Точка консолидации,,1,False,4,0,236249.0,0.0,4,0,0.0,2,8,0,0.0,,1,0,0,0,,,fan_in_seed
100000008748408100,distributor,0.61,8,0.4745,"Рассылает 21 получателю 1,50 млн ₸, в среднем 71 427 ₸ на получателя; входящих плательщиков 1. Признаки веерного распределения. Отдаёт больше, чем получил в выборке: есть источники вне данных.",Распределитель (веер),,1,False,1,21,360000.0,1499960.0,2,22,4.1666,1,1,0,0.0,0.8743,1,0,0,12,,fast_transit;recurring_route,fan_out
100000008379273100,transit,0.861,9,0.4735,"Получил 36 000 ₸ от 2 плательщиков, передал дальше 106% (38 000 ₸) 4 получателям. Признаки транзита.",Транзит,,3,False,2,4,36000.0,38000.0,2,4,1.0556,0,7,0,0.0017,,1,0,0,0,,,pass_through
100000006069103100,transit,0.55,4,0.4723,"Получил 228 818 ₸ от 3 плательщиков, передал дальше 118% (270 000 ₸) 3 получателям; 17% ушло в течение 2 дней. Признаки транзита.",Транзит,,1,False,3,3,228818.0,270000.0,3,4,1.18,1,7,0,0.0001,0.1667,1,0,1,0,,mutual_transfers,pass_through
100000008512552100,peripheral,0.6,16,0.4715,"Вход 394 360 ₸ от 4 плательщиков, выход 1,30 млн ₸ 6 получателям. Пороги ролей не достигнуты, признаков роли нет. Отдаёт больше, чем получил в выборке: есть источники вне данных.",Периферия,,2,False,4,6,394360.0,1302275.0,9,11,3.3022,0,7,0,0.0004,1.0,2,12,1,9,,fast_transit;cycle;mutual_transfers;recurring_route,none
100000008723830100,transit,1.0,4,0.4706,"Получил 459 785 ₸ от 2 плательщиков, передал дальше 99% (455 000 ₸) 1 получателю; 100% ушло в течение 2 дней. Признаки транзита.",Транзит,,1,False,2,1,459785.0,455000.0,2,1,0.9896,1,7,0,0.0,1.0,1,0,0,0,,fast_transit,pass_through
100000003071930100,terminal,0.84,9,0.4685,"Получил 477 610 ₸ от 3 плательщиков, дальше ушло только 1%. Деньги остаются.",Конечный получатель,,1,False,3,1,477610.0,5000.0,4,1,0.0105,1,8,0,0.0,1.0,1,0,0,0,,fast_transit,keeps
100000003701161100,peripheral,0.6,23,0.4658,"Вход 1,53 млн ₸ от 4 плательщиков, выход 349 000 ₸ 3 получателям. Пороги ролей не достигнуты, признаков роли нет.",Периферия,,1,False,4,3,1527103.0,349000.0,13,7,0.2285,1,7,0,0.0002,1.0,2,2,2,4,,fast_transit;cycle;mutual_transfers;recurring_route,none
100000001141268100,terminal,0.841,21,0.462,"Получил 480 000 ₸ от 2 плательщиков, дальше ушло только 2%. Деньги остаются.",Конечный получатель,,3,False,2,1,480000.0,10000.0,2,1,0.0208,0,9,0,0.0,1.0,2,0,0,0,,fast_transit,keeps
100000007170072100,transit,1.0,6,0.4598,"Получил 100 000 ₸ от 1 плательщика, передал дальше 100% (99 500 ₸) 2 получателям; 100% ушло в течение 2 дней. Признаки транзита.",Транзит,,3,False,1,2,100000.0,99500.0,1,9,0.995,0,7,0,0.0,1.0,1,0,0,0,,fast_transit,pass_through
100000004325327100,transit,1.0,2,0.4518,"Получил 70 817 ₸ от 2 плательщиков, передал дальше 99% (70 000 ₸) 1 получателю; 100% ушло в течение 2 дней. Признаки транзита.",Транзит,,1,False,2,1,70817.0,70000.0,3,1,0.9885,1,7,0,0.0,1.0,1,0,0,0,,fast_transit,pass_through
100000000810551100,terminal,0.5,3,0.451,"Получил 100 000 ₸ от 1 плательщика, дальше ушло только 7%. Деньги остаются.",Конечный получатель,,1,False,1,1,100000.0,7100.0,1,1,0.071,1,10,0,0.0001,,1,0,0,0,,,keeps
100000001102676100,transit,1.0,3,0.4499,"Получил 50 000 ₸ от 1 плательщика, передал дальше 100% (50 000 ₸) 1 получателю; 100% ушло в течение 2 дней. Признаки транзита.",Транзит,,2,False,1,1,50000.0,50000.0,1,1,1.0,0,8,0,0.0,1.0,1,0,0,0,,fast_transit,pass_through
100000005660203100,terminal,0.879,4,0.4481,"Получил 572 899 ₸ от 1 плательщика, дальше ушло только 7%. Деньги остаются.",Конечный получатель,,2,False,1,2,572899.0,41000.0,12,5,0.0716,0,7,0,0.0,1.0,1,0,1,2,,fast_transit;mutual_transfers;recurring_route,keeps
100000005074393100,peripheral,0.6,11,0.4467,"Вход 563 026 ₸ от 4 плательщиков, выход 685 500 ₸ 6 получателям. Пороги ролей не достигнуты, признаков роли нет. Отдаёт больше, чем получил в выборке: есть источники вне данных.",Периферия,,1,False,4,6,563026.0,685500.0,5,10,1.2175,1,10,0,0.0002,0.0664,1,1,2,0,,cycle;mutual_transfers,none
100000008244300100,consolidator,0.5,7,0.4458,Получает от 5 плательщиков (из них seed: 1) 65 430 ₸; дальше отдаёт 0% (0 ₸). Признаки консолидации.,Точка консолидации,,1,False,5,0,65430.0,0.0,6,0,0.0,1,8,0,0.0,,1,0,0,0,,,fan_in
100000008258083100,peripheral,0.8,31,0.4447,"Вход 3,15 млн ₸ от 2 плательщиков, выход 2,05 млн ₸ 2 получателям. Пороги ролей не достигнуты, признаков роли нет.",Периферия,,2,False,2,2,3149500.0,2045650.0,13,6,0.6495,0,7,0,0.0001,0.7647,1,1,1,0,,fast_transit;cycle;mutual_transfers,none
100000002527114100,distributor,1.0,1,0.4422,"seed. Рассылает 111 получателям 3,29 млн ₸, в среднем 29 633 ₸ на получателя; входящих плательщиков 3. Признаки веерного распределения.",Распределитель (веер),,0,True,3,111,129000.0,3289249.0,4,113,25.4981,0,0,0,0.0002,0.4464,1,0,3,0,,seed;mutual_transfers,fan_out
100000007544358100,transit,0.787,4,0.4385,"Получил 322 500 ₸ от 2 плательщиков, передал дальше 109% (350 000 ₸) 1 получателю; 29% ушло в течение 2 дней. Признаки транзита.",Транзит,,1,False,2,1,322500.0,350000.0,2,3,1.0853,1,7,0,0.0,0.2857,1,0,0,0,,,pass_through
100000005473151100,peripheral,0.7,9,0.4375,"Вход 1,22 млн ₸ от 3 плательщиков, выход 225 000 ₸ 4 получателям. Пороги ролей не достигнуты, признаков роли нет.",Периферия,,1,False,3,4,1220000.0,225000.0,4,6,0.1844,1,9,0,0.0002,0.9111,2,0,1,0,,fast_transit;mutual_transfers,none
100000008438656100,terminal,0.5,3,0.4372,"Получил 80 000 ₸ от 2 плательщиков, дальше ушло только 6%. Деньги остаются.",Конечный получатель,,1,False,2,1,80000.0,5000.0,2,1,0.0625,1,10,0,0.0,1.0,1,0,0,0,,fast_transit,keeps
100000000673868100,peripheral,0.75,31,0.4355,"Вход 2,03 млн ₸ от 1 плательщика, выход 383 000 ₸ 5 получателям. Пороги ролей не достигнуты, признаков роли нет.",Периферия,,3,False,1,5,2030650.0,383000.0,5,19,0.1886,0,7,0,0.0,0.7624,1,1,1,7,,fast_transit;cycle;mutual_transfers;recurring_route,none
100000008545727100,peripheral,0.7,9,0.435,"Вход 30 000 ₸ от 1 плательщика, выход 1,87 млн ₸ 6 получателям. Пороги ролей не достигнуты, признаков роли нет. Отдаёт больше, чем получил в выборке: есть источники вне данных.",Периферия,,2,False,1,6,30000.0,1866500.0,1,7,62.2167,0,9,0,0.0001,0.6376,1,0,1,0,,fast_transit;mutual_transfers,none
100000003299365100,transit,1.0,3,0.4341,"Получил 200 000 ₸ от 1 плательщика, передал дальше 100% (200 000 ₸) 1 получателю; 100% ушло в течение 2 дней. Признаки транзита.",Транзит,,1,False,1,1,200000.0,200000.0,1,1,1.0,1,10,0,0.0,1.0,1,0,1,0,,fast_transit;mutual_transfers,pass_through
100000004019124100,consolidator,0.6,4,0.4341,seed. Получает от 3 плательщиков (из них seed: 2) 193 000 ₸; дальше отдаёт 0 ₸ 0 получателям. Признаки консолидации.,Точка консолидации,,0,True,3,0,193000.0,0.0,3,0,0.0,2,11,0,0.0,,1,0,0,0,,seed,fan_in_seed
100000008192264100,transit,0.715,7,0.4341,"Получил 162 810 ₸ от 1 плательщика, передал дальше 115% (187 910 ₸) 1 получателю; 87% ушло в течение 2 дней. Признаки транзита.",Транзит,,3,False,1,1,162810.0,187910.0,1,2,1.1542,0,7,0,0.0,0.875,1,0,0,0,,fast_transit,pass_through
100000001162560100,distributor,0.52,9,0.4322,"Рассылает 12 получателям 2,90 млн ₸, в среднем 242 033 ₸ на получателя; входящих плательщиков 1. Признаки веерного распределения. Отдаёт больше, чем получил в выборке: есть источники вне данных.",Распределитель (веер),,1,False,1,12,331300.0,2904398.0,2,14,8.7667,1,1,0,0.0,0.1497,1,0,0,0,,,fan_out
100000002781227100,transit,0.822,63,0.4322,"Получил 191 168 ₸ от 2 плательщиков, передал дальше 111% (212 420 ₸) 3 получателям; 81% ушло в течение 2 дней. Признаки транзита.",Транзит,,1,False,2,3,191167.62,212420.0,8,10,1.1112,1,1,0,0.0001,0.8117,1,0,1,0,,fast_transit;mutual_transfers,pass_through
100000000976943100,transit,0.5,10,0.4306,"Получил 70 000 ₸ от 1 плательщика, передал дальше 120% (84 000 ₸) 1 получателю; 13% ушло в течение 2 дней. Признаки транзита.",Транзит,,3,False,1,1,70000.0,84000.0,1,3,1.2,0,8,1,0.0,0.131,1,0,0,0,,,pass_through
100000003404627100,terminal,0.972,41,0.4305,"Получил 877 700 ₸ от 4 плательщиков, исходящих от 5 000 ₸ в июле нет (колено 1). Деньги остаются.",Конечный получатель,,1,False,4,0,877700.0,0.0,5,0,0.0,1,11,0,0.0,,3,0,0,0,,sync_inflow,keeps
100000002605308100,terminal,1.0,14,0.4302,"Получил 2,57 млн ₸ от 3 плательщиков, исходящих от 5 000 ₸ в июле нет (колено 2). Деньги остаются.",Конечный получатель,,2,False,3,0,2569521.84,0.0,7,0,0.0,0,11,0,0.0,,1,0,0,0,,,keeps
100000006225798100,terminal,0.929,16,0.4302,"Получил 722 000 ₸ от 3 плательщиков, дальше ушло только 4%. Деньги остаются.",Конечный получатель,,3,False,3,2,722000.0,26300.0,4,2,0.0364,0,7,0,0.0,,1,0,0,0,,,keeps
100000008461532100,peripheral,0.6,27,0.4301,"Вход 565 300 ₸ от 2 плательщиков, выход 2,53 млн ₸ 8 получателям. Пороги ролей не достигнуты, признаков роли нет. Отдаёт больше, чем получил в выборке: есть источники вне данных.",Периферия,,2,False,2,8,565300.0,2530090.0,2,9,4.4757,0,7,0,0.0003,0.9954,1,0,1,0,,fast_transit;mutual_transfers,none
100000005339662100,peripheral,0.6,15,0.4293,"Вход 202 939 ₸ от 4 плательщиков, выход 295 160 ₸ 4 получателям. Пороги ролей не достигнуты, признаков роли нет. Отдаёт больше, чем получил в выборке: есть источники вне данных.",Периферия,,1,False,4,4,202939.0,295160.0,9,15,1.4544,1,7,0,0.0001,0.7669,2,1,2,2,,fast_transit;cycle;mutual_transfers;recurring_route,none
100000000656682100,transit,0.683,2,0.4284,"Получил 71 000 ₸ от 1 плательщика, передал дальше 113% (80 000 ₸) 2 получателям. Признаки транзита.",Транзит,,3,False,1,2,71000.0,80000.0,1,3,1.1268,0,7,0,0.0,,1,0,0,0,,,pass_through
100000008752616100,peripheral,0.65,5,0.4283,"Вход 64 510 ₸ от 2 плательщиков, выход 1,26 млн ₸ 7 получателям. Пороги ролей не достигнуты, признаков роли нет. Отдаёт больше, чем получил в выборке: есть источники вне данных.",Периферия,,2,False,2,7,64510.0,1265000.0,2,7,19.6094,0,9,0,0.0001,1.0,1,0,0,0,,fast_transit,none
100000006020215100,transit,0.683,11,0.428,"Получил 30 000 ₸ от 1 плательщика, передал дальше 113% (33 800 ₸) 2 получателям. Признаки транзита.",Транзит,,3,False,1,2,30000.0,33800.0,1,2,1.1267,0,7,0,0.0001,,1,0,0,0,,,pass_through
100000002433697100,transit,0.715,7,0.4254,"Получил 130 000 ₸ от 1 плательщика, передал дальше 85% (110 000 ₸) 1 получателю; 100% ушло в течение 2 дней. Признаки транзита.",Транзит,,3,False,1,1,130000.0,110000.0,1,1,0.8462,0,7,0,0.0,1.0,1,0,0,0,,fast_transit,pass_through
100000005612411100,peripheral,0.6,3,0.4245,"Вход 115 500 ₸ от 3 плательщиков, выход 506 997 ₸ 8 получателям. Пороги ролей не достигнуты, признаков роли нет. Отдаёт больше, чем получил в выборке: есть источники вне данных.",Периферия,,1,False,3,8,115500.0,506997.0,4,8,4.3896,1,8,0,0.0002,0.5144,2,0,0,2,,fast_transit;recurring_route,none
100000008731444100,peripheral,0.55,6,0.4234,"Вход 439 000 ₸ от 3 плательщиков, выход 879 768 ₸ 9 получателям. Пороги ролей не достигнуты, признаков роли нет. Отдаёт больше, чем получил в выборке: есть источники вне данных.",Периферия,,2,False,3,9,439000.0,879767.8,5,9,2.004,0,7,0,0.0001,0.6956,1,0,0,2,,fast_transit;recurring_route,none
100000001330685100,terminal,1.0,7,0.4196,"Получил 2,44 млн ₸ от 3 плательщиков, дальше ушло только 4%. Деньги остаются.",Конечный получатель,,1,False,3,1,2435923.0,100500.0,7,1,0.0413,1,7,0,0.0,,2,0,0,0,,,keeps
100000003834495100,terminal,0.89,2,0.4188,"Получил 602 441 ₸ от 3 плательщиков, дальше ушло только 3%. Деньги остаются.",Конечный получатель,,3,False,3,1,602441.0,20000.0,5,1,0.0332,0,7,0,0.0,1.0,2,0,0,2,,fast_transit;recurring_route,keeps
100000003035737100,terminal,0.954,7,0.4185,"Получил 809 170 ₸ от 2 плательщиков, дальше ушло только 1%. Деньги остаются.",Конечный получатель,,3,False,2,1,809170.0,6544.53,3,1,0.0081,0,7,0,0.0,1.0,1,0,0,0,,fast_transit,keeps
100000004135268100,transit,0.618,53,0.4184,"Получил 1,24 млн ₸ от 2 плательщиков, передал дальше 81% (1,00 млн ₸) 3 получателям; 85% ушло в течение 2 дней. Признаки транзита.",Транзит,,1,False,2,3,1239000.0,1000200.0,3,4,0.8073,1,1,0,0.0,0.8498,1,1,2,2,,fast_transit;cycle;mutual_transfers;recurring_route,pass_through
100000005527892100,peripheral,0.6,20,0.4178,"Вход 220 001 ₸ от 3 плательщиков, выход 552 419 ₸ 8 получателям. Пороги ролей не достигнуты, признаков роли нет. Отдаёт больше, чем получил в выборке: есть источники вне данных.",Периферия,,1,False,3,8,220001.0,552419.0,3,8,2.511,1,8,0,0.0005,0.6233,1,0,0,0,,fast_transit,none
100000002293421100,transit,0.634,2,0.4167,"Получил 41 000 ₸ от 2 плательщиков, передал дальше 115% (47 000 ₸) 2 получателям; 32% ушло в течение 2 дней. Признаки транзита.",Транзит,,2,False,2,2,41000.0,47000.0,6,5,1.1463,0,7,0,0.0,0.3191,1,1,1,0,,cycle;mutual_transfers,pass_through
100000001887715100,peripheral,0.7,21,0.416,"Вход 1,33 млн ₸ от 3 плательщиков, выход 750 000 ₸ 1 получателю. Пороги ролей не достигнуты, признаков роли нет.",Периферия,,3,False,3,1,1331500.0,750000.0,4,1,0.5633,0,9,0,0.0,1.0,3,0,0,0,,fast_transit;sync_inflow,none
100000002849158100,peripheral,0.7,5,0.4158,"Вход 723 000 ₸ от 3 плательщиков, выход 1,31 млн ₸ 1 получателю. Пороги ролей не достигнуты, признаков роли нет. Отдаёт больше, чем получил в выборке: есть источники вне данных.",Периферия,,3,False,3,1,723000.0,1313000.0,3,3,1.816,0,9,0,0.0,0.5506,3,0,0,0,,fast_transit;sync_inflow,none
100000000706545100,terminal,1.0,4,0.4157,"Получил 1,07 млн ₸ от 3 плательщиков, дальше ушло только 7%. Деньги остаются.",Конечный получатель,,1,False,3,1,1070300.0,75800.0,8,3,0.0708,1,7,0,0.0,,1,0,1,0,,mutual_transfers,keeps
100000004906181100,peripheral,0.65,37,0.4156,"Вход 100 000 ₸ от 1 плательщика, выход 2,47 млн ₸ 7 получателям. Пороги ролей не достигнуты, признаков роли нет. Отдаёт больше, чем получил в выборке: есть источники вне данных.",Периферия,,3,False,1,7,100000.0,2473417.91,1,33,24.7342,0,7,0,0.0001,0.642,1,0,0,0,,fast_transit,none
100000001937767100,peripheral,0.8,14,0.4149,"Вход 53 000 ₸ от 1 плательщика, выход 1,93 млн ₸ 4 получателям. Пороги ролей не достигнуты, признаков роли нет. Отдаёт больше, чем получил в выборке: есть источники вне данных.",Периферия,,1,False,1,4,53000.0,1933000.0,1,6,36.4717,1,11,1,0.0001,0.0274,1,0,1,0,,mutual_transfers,none
100000004097972100,terminal,0.538,2,0.4148,"Получил 118 878 ₸ от 1 плательщика, дальше ушло только 8%. Деньги остаются.",Конечный получатель,,3,False,1,2,118878.0,10000.0,1,2,0.0841,0,7,0,0.0,0.5,1,0,0,0,,fast_transit,keeps
100000008137435100,peripheral,0.7,23,0.4146,"Вход 93 906 ₸ от 2 плательщиков, выход 1,42 млн ₸ 6 получателям. Пороги ролей не достигнуты, признаков роли нет. Отдаёт больше, чем получил в выборке: есть источники вне данных.",Периферия,,1,False,2,6,93906.0,1419700.0,2,7,15.1183,1,7,0,0.0003,0.2944,2,14,0,0,,cycle,none
100000002356167100,terminal,0.739,7,0.4114,"Получил 300 000 ₸ от 1 плательщика, дальше ушло только 10%. Деньги остаются.",Конечный получатель,,3,False,1,2,300000.0,29500.0,1,3,0.0983,0,7,0,0.0,0.1864,1,0,0,0,,,keeps
100000001650895100,terminal,0.593,9,0.411,"Получил 153 500 ₸ от 1 плательщика, дальше ушло только 7%. Деньги остаются.",Конечный получатель,,3,False,1,1,153500.0,10000.0,1,1,0.0651,0,9,0,0.0,,1,0,0,0,,,keeps
100000004527381100,peripheral,0.9,15,0.4107,"Вход 119 333 ₸ от 1 плательщика, выход 273 866 ₸ 1 получателю. Пороги ролей не достигнуты, признаков роли нет. Отдаёт больше, чем получил в выборке: есть источники вне данных.",Периферия,,2,False,1,1,119333.17,273866.11,1,1,2.295,0,7,0,0.0003,1.0,1,3,0,0,,fast_transit;cycle,none
100000002175422100,peripheral,0.7,32,0.4097,"Вход 68 500 ₸ от 3 плательщиков, выход 1,62 млн ₸ 6 получателям. Пороги ролей не достигнуты, признаков роли нет. Отдаёт больше, чем получил в выборке: есть источники вне данных.",Периферия,,2,False,3,6,68500.0,1621188.0,5,14,23.667,0,7,0,0.0002,0.4973,2,0,3,2,,mutual_transfers;recurring_route,none
100000005287097100,peripheral,0.55,4,0.4094,"Вход 127 173 ₸ от 2 плательщиков, выход 697 300 ₸ 9 получателям. Пороги ролей не достигнуты, признаков роли нет. Отдаёт больше, чем получил в выборке: есть источники вне данных.",Периферия,,1,False,2,9,127173.0,697300.0,5,42,5.4831,1,7,0,0.0008,0.2442,1,8,2,0,,cycle;mutual_transfers,none
100000002267998100,peripheral,0.8,23,0.4093,"Вход 420 000 ₸ от 2 плательщиков, выход 1,11 млн ₸ 3 получателям. Пороги ролей не достигнуты, признаков роли нет. Отдаёт больше, чем получил в выборке: есть источники вне данных.",Периферия,,2,False,2,3,420000.0,1115000.0,4,12,2.6548,0,7,0,0.0001,0.7354,1,2,2,0,,fast_transit;cycle;mutual_transfers,none
100000004330371100,peripheral,0.8,4,0.4093,"Вход 264 171 ₸ от 2 плательщиков, выход 90 681 ₸ 2 получателям. Пороги ролей не достигнуты, признаков роли нет.",Периферия,,1,False,2,2,264171.0,90681.0,12,6,0.3433,1,7,0,0.0003,0.6495,2,0,2,2,,fast_transit;mutual_transfers;recurring_route,none
100000001279272100,peripheral,0.9,2,0.4085,"Вход 250 000 ₸ от 1 плательщика, выход 136 758 ₸ 2 получателям. Пороги ролей не достигнуты, признаков роли нет.",Периферия,,3,False,1,2,250000.0,136758.0,1,2,0.547,0,7,0,0.0003,0.9506,1,11,0,0,,fast_transit;cycle,none
100000003390036100,peripheral,0.8,10,0.408,"Вход 231 300 ₸ от 2 плательщиков, выход 62 000 ₸ 2 получателям. Пороги ролей не достигнуты, признаков роли нет.",Периферия,,2,False,2,2,231300.0,62000.0,4,2,0.2681,0,11,1,0.0001,0.1613,1,2,0,0,,cycle,none
100000001072022100,terminal,1.0,3,0.4071,"Получил 1,68 млн ₸ от 3 плательщиков, исходящих от 5 000 ₸ в июле нет (колено 1). Деньги остаются.",Конечный получатель,,1,False,3,0,1684000.0,0.0,6,0,0.0,1,10,0,0.0,,2,0,0,0,,,keeps
100000004386331100,transit,0.688,12,0.4054,"Получил 20 000 ₸ от 1 плательщика, передал дальше 88% (17 500 ₸) 2 получателям. Признаки транзита.",Транзит,,3,False,1,2,20000.0,17500.0,1,2,0.875,0,9,0,0.0,,1,0,1,0,,mutual_transfers,pass_through
100000002217161100,peripheral,0.65,36,0.4046,"Вход 404 750 ₸ от 2 плательщиков, выход 995 132 ₸ 7 получателям. Пороги ролей не достигнуты, признаков роли нет. Отдаёт больше, чем получил в выборке: есть источники вне данных.",Периферия,,2,False,2,7,404750.0,995132.0,15,19,2.4586,0,7,0,0.0002,0.9498,1,0,1,0,,fast_transit;mutual_transfers,none
100000003254277100,transit,0.886,2,0.4039,"Получил 49 200 ₸ от 1 плательщика, передал дальше 91% (44 997 ₸) 1 получателю; 100% ушло в течение 2 дней. Признаки транзита.",Транзит,,3,False,1,1,49200.0,44997.0,1,1,0.9146,0,7,0,0.0,1.0,1,0,0,0,,fast_transit,pass_through
100000007229557100,terminal,0.972,21,0.4038,"Получил 878 000 ₸ от 3 плательщиков, исходящих от 5 000 ₸ в июле нет (колено 3). Деньги остаются.",Конечный получатель,,3,False,3,0,878000.0,0.0,3,0,0.0,0,9,0,0.0,,3,0,0,0,,sync_inflow,keeps
100000000489417100,transit,0.879,11,0.4036,"Получил 73 504 ₸ от 3 плательщиков, передал дальше 109% (80 000 ₸) 1 получателю; 100% ушло в течение 2 дней. Признаки транзита.",Транзит,,2,False,3,1,73504.0,80000.0,3,1,1.0884,0,7,0,0.0,1.0,2,0,0,0,,fast_transit,pass_through
100000002472632100,terminal,0.851,26,0.4034,"Получил 502 400 ₸ от 2 плательщиков, дальше ушло только 4%. Деньги остаются.",Конечный получатель,,3,False,2,1,502400.0,20000.0,3,1,0.0398,0,7,0,0.0,,1,0,0,0,,,keeps
100000004717647100,peripheral,0.75,46,0.4032,"Вход 300 000 ₸ от 1 плательщика, выход 2,24 млн ₸ 5 получателям. Пороги ролей не достигнуты, признаков роли нет. Отдаёт больше, чем получил в выборке: есть источники вне данных.",Периферия,,3,False,1,5,300000.0,2240000.0,2,10,7.4667,0,7,0,0.0001,0.021,1,0,1,2,,mutual_transfers;recurring_route,none
100000002956769100,terminal,0.962,13,0.4028,"Получил 840 000 ₸ от 3 плательщиков, исходящих от 5 000 ₸ в июле нет (колено 3). Деньги остаются.",Конечный получатель,,3,False,3,0,840000.0,0.0,3,0,0.0,0,9,0,0.0,,3,0,0,0,,sync_inflow,keeps
100000002793881100,terminal,0.948,5,0.4013,"Получил 785 600 ₸ от 3 плательщиков, исходящих от 5 000 ₸ в июле нет (колено 3). Деньги остаются.",Конечный получатель,,3,False,3,0,785600.0,0.0,3,0,0.0,0,9,0,0.0,,3,0,0,0,,sync_inflow,keeps
100000005882013100,terminal,0.565,11,0.4007,"Получил 135 000 ₸ от 2 плательщиков, дальше ушло только 7%. Деньги остаются.",Конечный получатель,,2,False,2,1,135000.0,10000.0,3,1,0.0741,0,10,0,0.0,1.0,1,1,1,0,,fast_transit;cycle;mutual_transfers,keeps
100000003899899100,terminal,0.67,4,0.4004,"Получил 218 500 ₸ от 2 плательщиков, дальше ушло только 5%. Деньги остаются.",Конечный получатель,,3,False,2,1,218500.0,10000.0,5,1,0.0458,0,7,0,0.0,1.0,1,0,0,0,,fast_transit,keeps
100000003589877100,peripheral,0.7,5,0.3997,"Вход 176 000 ₸ от 2 плательщиков, выход 416 129 ₸ 6 получателям. Пороги ролей не достигнуты, признаков роли нет. Отдаёт больше, чем получил в выборке: есть источники вне данных.",Периферия,,1,False,2,6,176000.0,416129.0,2,6,2.3644,1,9,0,0.0001,0.8798,1,0,0,0,,fast_transit,none
100000004076740100,peripheral,0.7,35,0.3996,"Вход 93 250 ₸ от 3 плательщиков, выход 125 000 ₸ 6 получателям. Пороги ролей не достигнуты, признаков роли нет. Отдаёт больше, чем получил в выборке: есть источники вне данных.",Периферия,,1,False,3,6,93250.0,125000.0,5,10,1.3405,1,7,0,0.0004,0.184,1,2,2,2,,cycle;mutual_transfers;recurring_route,none
100000002870463100,terminal,0.658,8,0.3992,"Получил 207 000 ₸ от 3 плательщиков, дальше ушло только 5%. Деньги остаются.",Конечный получатель,,2,False,3,1,207000.0,10000.0,4,1,0.0483,0,7,0,0.0,1.0,1,0,1,0,,fast_transit;mutual_transfers,keeps
100000006579678100,peripheral,0.7,4,0.3992,"Вход 192 930 ₸ от 2 плательщиков, выход 1,67 млн ₸ 6 получателям. Пороги ролей не достигнуты, признаков роли нет. Отдаёт больше, чем получил в выборке: есть источники вне данных.",Периферия,,1,False,2,6,192930.0,1668800.0,2,15,8.6498,1,7,0,0.0004,0.1208,1,0,2,0,,mutual_transfers,none
100000002991079100,terminal,0.586,4,0.3991,"Получил 148 900 ₸ от 2 плательщиков, дальше ушло только 7%. Деньги остаются.",Конечный получатель,,1,False,2,1,148900.0,11000.0,3,1,0.0739,1,7,0,0.0,1.0,1,0,0,0,,fast_transit,keeps
100000003366471100,terminal,0.759,6,0.3991,"Получил 329 789 ₸ от 2 плательщиков, дальше ушло только 6%. Деньги остаются.",Конечный получатель,,3,False,2,1,329789.0,20000.0,5,1,0.0606,0,7,0,0.0,1.0,2,0,0,0,,fast_transit,keeps
100000001875239100,terminal,0.926,5,0.399,"Получил 712 000 ₸ от 3 плательщиков, исходящих от 5 000 ₸ в июле нет (колено 3). Деньги остаются.",Конечный получатель,,3,False,3,0,712000.0,0.0,3,0,0.0,0,9,0,0.0,,3,0,0,0,,sync_inflow,keeps
100000002963189100,peripheral,0.65,14,0.3989,"Вход 490 000 ₸ от 1 плательщика, выход 5,22 млн ₸ 7 получателям. Пороги ролей не достигнуты, признаков роли нет. Отдаёт больше, чем получил в выборке: есть источники вне данных.",Периферия,,3,False,1,7,490000.0,5219000.0,3,15,10.651,0,7,0,0.0001,,1,0,1,0,,mutual_transfers,none
100000003366154100,peripheral,0.85,3,0.3965,"Вход 125 000 ₸ от 1 плательщика, выход 289 170 ₸ 3 получателям. Пороги ролей не достигнуты, признаков роли нет. Отдаёт больше, чем получил в выборке: есть источники вне данных.",Периферия,,1,False,1,3,125000.0,289170.0,1,3,2.3134,1,10,0,0.0001,1.0,1,0,0,0,,fast_transit,none
100000002369874100,terminal,0.889,5,0.3951,"Получил 600 000 ₸ от 4 плательщиков, исходящих от 5 000 ₸ в июле нет (колено 3). Деньги остаются.",Конечный получатель,,3,False,4,0,600000.0,0.0,4,0,0.0,0,9,0,0.0,,4,0,0,0,,sync_inflow,keeps
100000008603331100,peripheral,0.7,5,0.3949,"Вход 39 500 ₸ от 2 плательщиков, выход 741 774 ₸ 6 получателям. Пороги ролей не достигнуты, признаков роли нет. Отдаёт больше, чем получил в выборке: есть источники вне данных.",Периферия,,2,False,2,6,39500.0,741774.0,3,6,18.7791,0,7,0,0.0002,0.444,1,0,1,2,,mutual_transfers;recurring_route,none
100000004816564100,terminal,0.728,15,0.3948,"Получил 285 480 ₸ от 1 плательщика, дальше ушло только 2%. Деньги остаются.",Конечный получатель,,2,False,1,1,285480.0,5000.0,1,1,0.0175,0,7,0,0.0,1.0,1,0,0,0,,fast_transit,keeps
100000006492770100,terminal,0.715,2,0.3947,"Получил 269 000 ₸ от 1 плательщика, дальше ушло только 7%. Деньги остаются.",Конечный получатель,,3,False,1,1,269000.0,20000.0,1,1,0.0743,0,7,0,0.0,1.0,1,0,0,0,,fast_transit,keeps
100000002443664100,terminal,0.873,13,0.3933,"Получил 556 880 ₸ от 3 плательщиков, исходящих от 5 000 ₸ в июле нет (колено 2). Деньги остаются.",Конечный получатель,,2,False,3,0,556880.0,0.0,3,0,0.0,0,9,0,0.0,,3,0,0,0,,sync_inflow,keeps
100000000201868100,transit,1.0,4,0.3929,"Получил 190 000 ₸ от 1 плательщика, передал дальше 100% (190 000 ₸) 1 получателю; 100% ушло в течение 2 дней. Признаки транзита.",Транзит,,2,False,1,1,190000.0,190000.0,1,1,1.0,0,7,0,0.0,1.0,1,0,1,0,,fast_transit;mutual_transfers,pass_through
100000001904863100,terminal,0.849,14,0.3925,"Получил 500 000 ₸ от 1 плательщика, исходящих от 5 000 ₸ в июле нет (колено 2). Деньги остаются.",Конечный получатель,,2,False,1,0,500000.0,0.0,1,0,0.0,0,11,0,0.0,,1,0,0,0,,,keeps
100000002241986100,peripheral,0.7,40,0.3923,"Вход 280 000 ₸ от 1 плательщика, выход 3,08 млн ₸ 6 получателям. Пороги ролей не достигнуты, признаков роли нет. Отдаёт больше, чем получил в выборке: есть источники вне данных.",Периферия,,3,False,1,6,280000.0,3077000.0,1,12,10.9893,0,7,0,0.0001,,1,0,0,0,,,none
100000002575080100,transit,1.0,15,0.3919,"Получил 13 000 ₸ от 1 плательщика, передал дальше 96% (12 500 ₸) 1 получателю; 100% ушло в течение 2 дней. Признаки транзита.",Транзит,,3,False,1,1,13000.0,12500.0,1,1,0.9615,0,7,0,0.0,1.0,1,0,0,0,,fast_transit,pass_through
100000004569484100,peripheral,0.8,9,0.3914,"Вход 98 312 ₸ от 2 плательщиков, выход 156 000 ₸ 4 получателям. Пороги ролей не достигнуты, признаков роли нет. Отдаёт больше, чем получил в выборке: есть источники вне данных.",Периферия,,3,False,2,4,98312.0,156000.0,3,4,1.5868,0,7,0,0.0028,,1,2,2,0,,cycle;mutual_transfers,none
100000008172352100,peripheral,0.65,33,0.3907,"Вход 90 265 ₸ от 3 плательщиков, выход 289 510 ₸ 7 получателям. Пороги ролей не достигнуты, признаков роли нет. Отдаёт больше, чем получил в выборке: есть источники вне данных.",Периферия,,1,False,3,7,90265.0,289510.0,3,8,3.2073,1,8,0,0.0002,0.7667,2,0,0,0,,fast_transit,none
100000002173161100,terminal,1.0,4,0.39,"Получил 1,43 млн ₸ от 3 плательщиков, исходящих от 5 000 ₸ в июле нет (колено 1). Деньги остаются.",Конечный получатель,,1,False,3,0,1427500.0,0.0,5,0,0.0,1,9,0,0.0,,2,0,0,0,,,keeps
100000008501413100,transit,1.0,34,0.3899,"Получил 5 000 ₸ от 1 плательщика, передал дальше 102% (5 100 ₸) 1 получателю; 100% ушло в течение 2 дней. Признаки транзита.",Транзит,,3,False,1,1,5000.0,5100.0,1,1,1.02,0,8,0,0.0,1.0,1,0,0,0,,fast_transit,pass_through
100000006755850100,terminal,0.823,7,0.3898,"Получил 443 476 ₸ от 1 плательщика, исходящих от 5 000 ₸ в июле нет (колено 2). Деньги остаются.",Конечный получатель,,2,False,1,0,443475.8,0.0,3,0,0.0,0,11,1,0.0,,1,0,0,0,,,keeps
100000000291908100,terminal,0.735,51,0.3892,"Получил 295 500 ₸ от 1 плательщика, дальше ушло только 5%. Деньги остаются.",Конечный получатель,,3,False,1,1,295500.0,13300.0,5,1,0.045,0,7,0,0.0,,1,0,0,0,,,keeps
100000004180097100,peripheral,0.7,2,0.3881,"Вход 104 854 ₸ от 3 плательщиков, выход 47 800 ₸ 3 получателям. Пороги ролей не достигнуты, признаков роли нет.",Периферия,,1,False,3,3,104854.0,47800.0,5,7,0.4559,1,7,0,0.0003,0.8577,1,1,2,0,,fast_transit;cycle;mutual_transfers,none
100000002957306100,terminal,0.8,10,0.3873,"Получил 398 490 ₸ от 2 плательщиков, исходящих от 5 000 ₸ в июле нет (колено 1). Деньги остаются.",Конечный получатель,,1,False,2,0,398490.0,0.0,2,0,0.0,2,11,0,0.0,,1,0,0,0,,,keeps
100000008121806100,peripheral,0.8,6,0.3871,"Вход 67 000 ₸ от 1 плательщика, выход 248 509 ₸ 4 получателям. Пороги ролей не достигнуты, признаков роли нет. Отдаёт больше, чем получил в выборке: есть источники вне данных.",Периферия,,3,False,1,4,67000.0,248509.0,1,6,3.7091,0,7,0,0.0008,0.342,1,12,0,0,,cycle,none
100000004188160100,peripheral,0.75,4,0.3868,"Вход 87 862 ₸ от 2 плательщиков, выход 133 846 ₸ 5 получателям. Пороги ролей не достигнуты, признаков роли нет. Отдаёт больше, чем получил в выборке: есть источники вне данных.",Периферия,,1,False,2,5,87862.0,133846.0,5,6,1.5234,1,7,0,0.0025,0.3865,1,5,1,0,,cycle;mutual_transfers,none
100000006424479100,peripheral,0.9,11,0.3868,"Вход 500 000 ₸ от 1 плательщика, выход 220 000 ₸ 2 получателям. Пороги ролей не достигнуты, признаков роли нет.",Периферия,,2,False,1,2,500000.0,220000.0,2,3,0.44,0,10,0,0.0001,,1,0,0,0,,,none
100000004217419100,terminal,0.536,6,0.3867,"Получил 118 200 ₸ от 2 плательщиков, дальше ушло только 7%. Деньги остаются.",Конечный получатель,,3,False,2,1,118200.0,7700.0,3,1,0.0651,0,7,0,0.0,1.0,1,0,0,0,,fast_transit,keeps
100000008632060100,peripheral,0.55,2,0.3867,"Вход 6 000 ₸ от 1 плательщика, выход 339 200 ₸ 9 получателям. Пороги ролей не достигнуты, признаков роли нет. Отдаёт больше, чем получил в выборке: есть источники вне данных.",Периферия,,3,False,1,9,6000.0,339200.0,1,12,56.5333,0,7,0,0.0005,,1,65,0,0,,cycle,none
100000001527186100,terminal,0.916,3,0.3862,"Получил 678 000 ₸ от 1 плательщика, исходящих от 5 000 ₸ в июле нет (колено 1). Деньги остаются.",Конечный получатель,,1,False,1,0,678000.0,0.0,2,0,0.0,1,10,0,0.0,,1,0,0,0,,,keeps
100000004905207100,terminal,0.79,14,0.3862,"Получил 380 000 ₸ от 1 плательщика, исходящих от 5 000 ₸ в июле нет (колено 2). Деньги остаются.",Конечный получатель,,2,False,1,0,380000.0,0.0,1,0,0.0,0,11,0,0.0,,1,0,0,0,,,keeps
100000008389800100,peripheral,0.65,4,0.3857,"Вход 189 000 ₸ от 3 плательщиков, выход 401 620 ₸ 7 получателям. Пороги ролей не достигнуты, признаков роли нет. Отдаёт больше, чем получил в выборке: есть источники вне данных.",Периферия,,2,False,3,7,189000.0,401620.0,3,8,2.125,0,7,0,0.0002,0.5363,1,0,2,0,,fast_transit;mutual_transfers,none
100000005523088100,terminal,0.923,19,0.3856,"seed. Получил 700 000 ₸ от 1 плательщика, исходящих от 5 000 ₸ в июле нет (колено 0). Деньги остаются.",Конечный получатель,,0,True,1,0,700000.0,0.0,2,0,0.0,1,15,0,0.0,,1,0,0,0,,seed,keeps
100000008636603100,peripheral,0.7,4,0.3855,"Вход 35 460 ₸ от 2 плательщиков, выход 159 375 ₸ 6 получателям. Пороги ролей не достигнуты, признаков роли нет. Отдаёт больше, чем получил в выборке: есть источники вне данных.",Периферия,,2,False,2,6,35460.0,159375.0,2,7,4.4945,0,7,0,0.0035,0.3694,1,3,1,0,,cycle;mutual_transfers,none
100000004390333100,peripheral,0.55,2,0.3845,"Вход 64 558 ₸ от 2 плательщиков, выход 506 500 ₸ 9 получателям. Пороги ролей не достигнуты, признаков роли нет. Отдаёт больше, чем получил в выборке: есть источники вне данных.",Периферия,,1,False,2,9,64558.0,506500.0,2,14,7.8457,1,7,0,0.0002,0.2172,1,169,1,0,,cycle;mutual_transfers,none
100000004077081100,peripheral,0.8,3,0.3836,"Вход 140 000 ₸ от 1 плательщика, выход 615 000 ₸ 4 получателям. Пороги ролей не достигнуты, признаков роли нет. Отдаёт больше, чем получил в выборке: есть источники вне данных.",Периферия,,3,False,1,4,140000.0,615000.0,1,6,4.3929,0,7,0,0.0001,0.6829,1,0,0,0,,fast_transit,none
100000000667713100,peripheral,0.7,4,0.3834,"Вход 119 495 ₸ от 2 плательщиков, выход 79 236 ₸ 6 получателям. Пороги ролей не достигнуты, признаков роли нет.",Периферия,,1,False,2,6,119495.0,79236.0,10,7,0.6631,1,7,0,0.0001,0.4726,1,1,1,2,,cycle;mutual_transfers;recurring_route,none
100000005873152100,transit,1.0,10,0.3832,"Получил 10 000 ₸ от 1 плательщика, передал дальше 100% (10 000 ₸) 1 получателю. Признаки транзита.",Транзит,,3,False,1,1,10000.0,10000.0,1,1,1.0,0,11,0,0.0,,1,2,0,0,,cycle,pass_through
100000008758168100,peripheral,0.75,21,0.3832,"Вход 75 410 ₸ от 2 плательщиков, выход 1,53 млн ₸ 5 получателям. Пороги ролей не достигнуты, признаков роли нет. Отдаёт больше, чем получил в выборке: есть источники вне данных.",Периферия,,2,False,2,5,75410.0,1533600.0,2,5,20.3368,0,9,0,0.0001,0.2873,1,0,0,0,,,none
100000002939838100,terminal,0.878,4,0.3823,"Получил 571 233 ₸ от 3 плательщиков, исходящих от 5 000 ₸ в июле нет (колено 1). Деньги остаются.",Конечный получатель,,1,False,3,0,571233.0,0.0,3,0,0.0,1,10,0,0.0,,1,0,0,0,,,keeps
100000002480800100,terminal,0.878,3,0.3822,"Получил 569 251 ₸ от 2 плательщиков, исходящих от 5 000 ₸ в июле нет (колено 1). Деньги остаются.",Конечный получатель,,1,False,2,0,569251.0,0.0,2,0,0.0,1,10,1,0.0,,2,0,0,0,,,keeps
100000003004487100,peripheral,0.6,32,0.3817,"Вход 183 703 ₸ от 4 плательщиков, выход 265 015 ₸ 2 получателям. Пороги ролей не достигнуты, признаков роли нет. Отдаёт больше, чем получил в выборке: есть источники вне данных.",Периферия,,1,False,4,2,183702.8,265015.0,9,3,1.4426,1,7,0,0.0002,0.9245,2,0,1,0,,fast_transit;mutual_transfers,none
100000003718221100,peripheral,0.8,23,0.3813,"Вход 350 000 ₸ от 2 плательщиков, выход 423 500 ₸ 4 получателям. Пороги ролей не достигнуты, признаков роли нет. Отдаёт больше, чем получил в выборке: есть источники вне данных.",Периферия,,2,False,2,4,350000.0,423500.0,6,8,1.21,0,7,0,0.0,0.8028,1,2,2,0,,fast_transit;cycle;mutual_transfers,none
100000004689658100,terminal,0.83,6,0.3805,"Получил 456 100 ₸ от 1 плательщика, дальше ушло только 2%. Деньги остаются.",Конечный получатель,,3,False,1,1,456100.0,7092.0,1,1,0.0155,0,7,0,0.0,,1,0,0,0,,,keeps
100000008733194100,peripheral,0.6,11,0.3804,"Вход 251 424 ₸ от 4 плательщиков, выход 159 695 ₸ 8 получателям. Пороги ролей не достигнуты, признаков роли нет.",Периферия,,2,False,4,8,251424.0,159695.0,4,8,0.6352,0,7,0,0.0002,0.7115,2,0,1,0,,fast_transit;mutual_transfers,none
100000003104347100,terminal,0.811,23,0.3799,"Получил 418 000 ₸ от 1 плательщика, дальше ушло только 8%. Деньги остаются.",Конечный получатель,,2,False,1,1,418000.0,32000.0,1,1,0.0766,0,7,0,0.0,,1,0,0,0,,,keeps
100000005661829100,transit,0.93,17,0.3796,"Получил 37 790 ₸ от 1 плательщика, передал дальше 107% (40 362 ₸) 2 получателям; 84% ушло в течение 2 дней. Признаки транзита.",Транзит,,3,False,1,2,37790.0,40362.0,1,4,1.0681,0,7,0,0.0,0.8372,1,0,0,0,,fast_transit,pass_through
100000003178549100,peripheral,0.8,16,0.3795,"Вход 250 000 ₸ от 2 плательщиков, выход 89 080 ₸ 4 получателям. Пороги ролей не достигнуты, признаков роли нет.",Периферия,,3,False,2,4,250000.0,89080.0,2,4,0.3563,0,7,0,0.0003,,1,11,0,0,,cycle,none
100000003528285100,peripheral,0.6,3,0.3795,"Вход 118 870 ₸ от 4 плательщиков, выход 548 000 ₸ 4 получателям. Пороги ролей не достигнуты, признаков роли нет. Отдаёт больше, чем получил в выборке: есть источники вне данных.",Периферия,,3,False,4,4,118870.0,548000.0,5,6,4.6101,0,7,0,0.0001,0.6204,1,0,0,0,,fast_transit,none
100000003163886100,terminal,0.849,55,0.3792,"Получил 500 000 ₸ от 1 плательщика, исходящих от 5 000 ₸ в июле нет (колено 3). Деньги остаются.",Конечный получатель,,3,False,1,0,500000.0,0.0,1,0,0.0,0,10,0,0.0,,1,0,0,0,,,keeps
100000008732488100,terminal,0.568,6,0.3791,"Получил 137 000 ₸ от 1 плательщика, дальше ушло только 7%. Деньги остаются.",Конечный получатель,,3,False,1,1,137000.0,10000.0,1,1,0.073,0,7,0,0.0,1.0,1,0,0,0,,fast_transit,keeps
100000002565277100,terminal,0.842,3,0.3784,"Получил 483 319 ₸ от 1 плательщика, исходящих от 5 000 ₸ в июле нет (колено 1). Деньги остаются.",Конечный получатель,,1,False,1,0,483319.0,0.0,1,0,0.0,1,10,0,0.0,,1,0,0,0,,,keeps
100000008223661100,peripheral,0.75,5,0.3783,"Вход 202 000 ₸ от 2 плательщиков, выход 262 580 ₸ 5 получателям. Пороги ролей не достигнуты, признаков роли нет. Отдаёт больше, чем получил в выборке: есть источники вне данных.",Периферия,,3,False,2,5,202000.0,262580.0,2,5,1.2999,0,8,0,0.0003,0.1875,2,0,0,0,,,none
100000004737477100,transit,0.541,2,0.3779,"Получил 49 598 ₸ от 2 плательщиков, передал дальше 82% (40 500 ₸) 1 получателю; 37% ушло в течение 2 дней. Признаки транзита.",Транзит,,1,False,2,1,49598.0,40500.0,3,3,0.8166,1,7,0,0.0,0.3704,1,0,0,0,,,pass_through
100000007392365100,peripheral,0.7,42,0.3777,"Вход 9 613 ₸ от 1 плательщика, выход 1,77 млн ₸ 6 получателям. Пороги ролей не достигнуты, признаков роли нет. Отдаёт больше, чем получил в выборке: есть источники вне данных.",Периферия,,3,False,1,6,9613.0,1765600.0,1,9,183.6679,0,7,0,0.0001,,1,0,0,0,,,none
100000008443341100,peripheral,0.8,2,0.3771,"Вход 34 500 ₸ от 2 плательщиков, выход 50 000 ₸ 3 получателям. Пороги ролей не достигнуты, признаков роли нет. Отдаёт больше, чем получил в выборке: есть источники вне данных.",Периферия,,1,False,2,3,34500.0,50000.0,2,4,1.4493,1,7,0,0.0004,0.62,1,34,1,0,,fast_transit;cycle;mutual_transfers,none
100000004666651100,terminal,0.816,66,0.3757,"Получил 429 250 ₸ от 1 плательщика, исходящих от 5 000 ₸ в июле нет (колено 2). Деньги остаются.",Конечный получатель,,2,False,1,0,429250.0,0.0,1,0,0.0,0,10,0,0.0,,1,0,0,0,,,keeps
100000001384826100,terminal,0.781,7,0.3756,"Получил 364 260 ₸ от 1 плательщика, дальше ушло только 3%. Деньги остаются.",Конечный получатель,,3,False,1,1,364260.0,10000.0,1,1,0.0275,0,7,0,0.0,,1,0,0,0,,,keeps
100000008003034100,peripheral,0.8,11,0.3756,"Вход 12 201 ₸ от 1 плательщика, выход 135 000 ₸ 4 получателям. Пороги ролей не достигнуты, признаков роли нет. Отдаёт больше, чем получил в выборке: есть источники вне данных.",Периферия,,1,False,1,4,12201.0,135000.0,1,4,11.0647,1,7,0,0.002,0.3593,1,1,0,0,,cycle,none
100000004726132100,terminal,0.771,2,0.3755,"Получил 349 000 ₸ от 1 плательщика, дальше ушло только 7%. Деньги остаются.",Конечный получатель,,3,False,1,1,349000.0,24000.0,1,2,0.0688,0,7,0,0.0,,1,0,0,0,,,keeps
100000004017410100,peripheral,0.75,35,0.3747,"Вход 193 650 ₸ от 2 плательщиков, выход 1,33 млн ₸ 5 получателям. Пороги ролей не достигнуты, признаков роли нет. Отдаёт больше, чем получил в выборке: есть источники вне данных.",Периферия,,3,False,2,5,193650.0,1330915.0,6,11,6.8728,0,7,0,0.0,0.0413,2,5,2,0,,cycle;mutual_transfers,none
100000008628231100,peripheral,0.9,66,0.3744,"Вход 50 000 ₸ от 1 плательщика, выход 627 870 ₸ 2 получателям. Пороги ролей не достигнуты, признаков роли нет. Отдаёт больше, чем получил в выборке: есть источники вне данных.",Периферия,,1,False,1,2,50000.0,627870.0,1,19,12.5574,1,10,0,0.0,0.035,1,0,0,0,,,none
100000004479404100,peripheral,0.8,46,0.3742,"Вход 1,49 млн ₸ от 2 плательщиков, выход 300 000 ₸ 1 получателю. Пороги ролей не достигнуты, признаков роли нет.",Периферия,,2,False,2,1,1492000.0,300000.0,8,2,0.2011,0,7,0,0.0001,,1,0,1,0,,mutual_transfers,none
100000002188829100,terminal,0.801,3,0.3741,"Получил 400 000 ₸ от 1 плательщика, исходящих от 5 000 ₸ в июле нет (колено 1). Деньги остаются.",Конечный получатель,,1,False,1,0,400000.0,0.0,1,0,0.0,1,10,0,0.0,,1,0,0,0,,,keeps
100000002559089100,terminal,0.927,13,0.3741,"Получил 715 000 ₸ от 2 плательщиков, исходящих от 5 000 ₸ в июле нет (колено 3). Деньги остаются.",Конечный получатель,,3,False,2,0,715000.0,0.0,2,0,0.0,0,9,0,0.0,,2,0,0,0,,,keeps
100000006641671100,transit,0.759,6,0.3739,"Получил 22 000 ₸ от 2 плательщиков, передал дальше 114% (25 000 ₸) 1 получателю; 80% ушло в течение 2 дней. Признаки транзита.",Транзит,,3,False,2,1,22000.0,25000.0,2,3,1.1364,0,7,0,0.0,0.8,1,0,0,0,,fast_transit,pass_through
100000000791285100,peripheral,0.85,27,0.3735,"Вход 1,12 млн ₸ от 1 плательщика, выход 650 000 ₸ 3 получателям. Пороги ролей не достигнуты, признаков роли нет.",Периферия,,3,False,1,3,1120000.0,650000.0,2,3,0.5804,0,7,0,0.0,0.9538,1,0,1,0,,fast_transit;mutual_transfers,none
100000004105288100,terminal,0.666,3,0.3731,"Получил 215 000 ₸ от 2 плательщиков, исходящих от 5 000 ₸ в июле нет (колено 1). Деньги остаются.",Конечный получатель,,1,False,2,0,215000.0,0.0,2,0,0.0,1,11,0,0.0,,1,0,0,0,,,keeps
100000008761219100,peripheral,0.8,49,0.3728,"Вход 50 000 ₸ от 2 плательщиков, выход 375 000 ₸ 2 получателям. Пороги ролей не достигнуты, признаков роли нет. Отдаёт больше, чем получил в выборке: есть источники вне данных.",Периферия,,3,False,2,2,50000.0,375000.0,2,2,7.5,0,9,0,0.0,1.0,1,0,0,0,,fast_transit,none
100000005048668100,peripheral,0.6,6,0.3722,"Вход 16 668 ₸ от 2 плательщиков, выход 159 400 ₸ 8 получателям. Пороги ролей не достигнуты, признаков роли нет. Отдаёт больше, чем получил в выборке: есть источники вне данных.",Периферия,,3,False,2,8,16668.0,159400.0,2,11,9.5632,0,7,0,0.0007,0.3005,1,44,1,0,,cycle;mutual_transfers,none
100000005171642100,transit,1.0,28,0.3722,"Получил 696 800 ₸ от 2 плательщиков, передал дальше 98% (683 600 ₸) 1 получателю; 96% ушло в течение 2 дней. Признаки транзита.",Транзит,,3,False,2,1,696800.0,683600.0,5,4,0.9811,0,1,0,0.0,0.9626,1,1,1,0,,fast_transit;cycle;mutual_transfers,pass_through
100000002988894100,peripheral,0.85,3,0.372,"Вход 306 121 ₸ от 1 плательщика, выход 77 500 ₸ 3 получателям. Пороги ролей не достигнуты, признаков роли нет.",Периферия,,1,False,1,3,306121.0,77500.0,1,3,0.2532,1,10,0,0.0001,0.3742,1,0,0,0,,,none
100000008473207100,terminal,0.653,3,0.3717,"Получил 202 000 ₸ от 1 плательщика, исходящих от 5 000 ₸ в июле нет (колено 2). Деньги остаются.",Конечный получатель,,2,False,1,0,202000.0,0.0,4,0,0.0,0,11,1,0.0,,1,0,0,0,,,keeps
100000001714173100,terminal,0.903,21,0.3715,"Получил 638 905 ₸ от 1 плательщика, исходящих от 5 000 ₸ в июле нет (колено 3). Деньги остаются.",Конечный получатель,,3,False,1,0,638905.0,0.0,6,0,0.0,0,9,0,0.0,,1,0,0,0,,,keeps
100000008490127100,peripheral,0.7,7,0.3714,"Вход 431 755 ₸ от 1 плательщика, выход 923 000 ₸ 6 получателям. Пороги ролей не достигнуты, признаков роли нет. Отдаёт больше, чем получил в выборке: есть источники вне данных.",Периферия,,3,False,1,6,431755.0,923000.0,2,9,2.1378,0,7,0,0.0001,,1,0,0,0,,,none
100000003131693100,terminal,0.774,3,0.3712,"Получил 353 277 ₸ от 1 плательщика, исходящих от 5 000 ₸ в июле нет (колено 1). Деньги остаются.",Конечный получатель,,1,False,1,0,353277.0,0.0,1,0,0.0,1,10,0,0.0,,1,0,0,0,,,keeps
100000005432267100,terminal,0.772,3,0.371,"Получил 350 001 ₸ от 2 плательщиков, исходящих от 5 000 ₸ в июле нет (колено 1). Деньги остаются.",Конечный получатель,,1,False,2,0,350001.0,0.0,2,0,0.0,1,10,0,0.0,,2,0,0,0,,,keeps
100000008595687100,peripheral,0.9,4,0.371,"Вход 64 395 ₸ от 1 плательщика, выход 10 400 ₸ 1 получателю. Пороги ролей не достигнуты, признаков роли нет.",Периферия,,3,False,1,1,64395.0,10400.0,1,1,0.1615,0,7,0,0.0003,1.0,1,3,0,0,,fast_transit;cycle,none
100000002205022100,peripheral,0.85,55,0.3705,"Вход 7 100 ₸ от 1 плательщика, выход 518 000 ₸ 3 получателям. Пороги ролей не достигнуты, признаков роли нет. Отдаёт больше, чем получил в выборке: есть источники вне данных.",Периферия,,2,False,1,3,7100.0,518000.0,1,3,72.9577,0,10,0,0.0001,0.0116,1,0,0,0,,,none
100000004722765100,peripheral,0.85,48,0.3699,"Вход 230 000 ₸ от 1 плательщика, выход 2,28 млн ₸ 3 получателям. Пороги ролей не достигнуты, признаков роли нет. Отдаёт больше, чем получил в выборке: есть источники вне данных.",Периферия,,3,False,1,3,230000.0,2284500.0,1,9,9.9326,0,7,1,0.0001,0.0766,1,0,0,0,,,none
100000002945626100,terminal,0.883,5,0.3694,"Получил 584 000 ₸ от 3 плательщиков, исходящих от 5 000 ₸ в июле нет (колено 3). Деньги остаются.",Конечный получатель,,3,False,3,0,584000.0,0.0,3,0,0.0,0,9,0,0.0,,2,0,0,0,,,keeps
100000000596954100,peripheral,0.9,3,0.3686,"Вход 120 000 ₸ от 1 плательщика, выход 48 100 ₸ 2 получателям. Пороги ролей не достигнуты, признаков роли нет.",Периферия,,2,False,1,2,120000.0,48100.0,1,2,0.4008,0,10,0,0.0,1.0,1,0,0,0,,fast_transit,none
100000004676985100,transit,0.6,2,0.3683,"Получил 32 260 ₸ от 1 плательщика, передал дальше 84% (27 102 ₸) 1 получателю. Признаки транзита.",Транзит,,3,False,1,1,32260.0,27102.0,1,1,0.8401,0,7,0,0.0,,1,0,0,0,,,pass_through
100000005186131100,transit,1.0,2,0.3683,"Получил 10 000 ₸ от 1 плательщика, передал дальше 100% (10 000 ₸) 1 получателю; 100% ушло в течение 2 дней. Признаки транзита.",Транзит,,3,False,1,1,10000.0,10000.0,1,1,1.0,0,7,0,0.0,1.0,1,0,0,0,,fast_transit,pass_through
100000003157679100,terminal,0.867,5,0.3677,"Получил 541 000 ₸ от 4 плательщиков, исходящих от 5 000 ₸ в июле нет (колено 3). Деньги остаются.",Конечный получатель,,3,False,4,0,541000.0,0.0,4,0,0.0,0,9,0,0.0,,2,0,0,0,,,keeps
100000004226848100,terminal,0.74,3,0.3676,"Получил 301 866 ₸ от 1 плательщика, исходящих от 5 000 ₸ в июле нет (колено 1). Деньги остаются.",Конечный получатель,,1,False,1,0,301866.0,0.0,1,0,0.0,1,10,0,0.0,,1,0,0,0,,,keeps
100000002883402100,terminal,0.739,5,0.3675,"Получил 300 000 ₸ от 3 плательщиков, исходящих от 5 000 ₸ в июле нет (колено 3). Деньги остаются.",Конечный получатель,,3,False,3,0,300000.0,0.0,3,0,0.0,0,10,0,0.0,,1,0,0,0,,,keeps
100000007382543100,peripheral,0.7,29,0.3675,"Вход 218 000 ₸ от 3 плательщиков, выход 427 000 ₸ 5 получателям. Пороги ролей не достигнуты, признаков роли нет. Отдаёт больше, чем получил в выборке: есть источники вне данных.",Периферия,,2,False,3,5,218000.0,427000.0,3,8,1.9587,0,7,0,0.0002,0.2342,1,0,2,0,,mutual_transfers,none
100000008427027100,terminal,0.739,3,0.3675,"Получил 300 000 ₸ от 1 плательщика, исходящих от 5 000 ₸ в июле нет (колено 3). Деньги остаются.",Конечный получатель,,3,False,1,0,300000.0,0.0,1,0,0.0,0,10,0,0.0,,1,0,0,0,,,keeps
100000004997515100,peripheral,0.6,5,0.3674,"Вход 395 000 ₸ от 4 плательщиков, выход 54 500 ₸ 4 получателям. Пороги ролей не достигнуты, признаков роли нет.",Периферия,,3,False,4,4,395000.0,54500.0,4,4,0.138,0,9,0,0.0001,,1,0,0,0,,,none
100000001049200100,peripheral,0.8,17,0.3664,"Вход 76 624 ₸ от 2 плательщиков, выход 36 000 ₸ 4 получателям. Пороги ролей не достигнуты, признаков роли нет.",Периферия,,1,False,2,4,76624.0,36000.0,2,5,0.4698,1,7,0,0.0012,,1,3,1,0,,cycle;mutual_transfers,none
100000004386258100,peripheral,0.7,12,0.3655,"Вход 61 700 ₸ от 3 плательщиков, выход 40 000 ₸ 3 получателям. Пороги ролей не достигнуты, признаков роли нет.",Периферия,,2,False,3,3,61700.0,40000.0,3,3,0.6483,0,9,1,0.0001,0.75,2,0,2,0,,fast_transit;mutual_transfers,none
100000008104567100,peripheral,0.7,9,0.3654,"Вход 53 550 ₸ от 3 плательщиков, выход 40 000 ₸ 3 получателям. Пороги ролей не достигнуты, признаков роли нет.",Периферия,,2,False,3,3,53550.0,40000.0,3,4,0.747,0,7,0,0.002,0.3,1,1,0,0,,cycle,none
100000003171006100,terminal,0.843,5,0.3652,"Получил 485 000 ₸ от 2 плательщиков, исходящих от 5 000 ₸ в июле нет (колено 3). Деньги остаются.",Конечный получатель,,3,False,2,0,485000.0,0.0,2,0,0.0,0,9,0,0.0,,2,0,0,0,,,keeps
100000001924185100,terminal,0.589,10,0.365,"Получил 151 000 ₸ от 2 плательщиков, исходящих от 5 000 ₸ в июле нет (колено 1). Деньги остаются.",Конечный получатель,,1,False,2,0,151000.0,0.0,2,0,0.0,2,11,0,0.0,,1,0,0,0,,,keeps
100000003254723100,terminal,0.716,3,0.365,"Получил 269 850 ₸ от 1 плательщика, исходящих от 5 000 ₸ в июле нет (колено 2). Деньги остаются.",Конечный получатель,,2,False,1,0,269850.0,0.0,6,0,0.0,0,10,0,0.0,,1,0,0,0,,,keeps
100000007898453100,peripheral,0.9,3,0.365,"Вход 24 750 ₸ от 1 плательщика, выход 320 000 ₸ 2 получателям. Пороги ролей не достигнуты, признаков роли нет. Отдаёт больше, чем получил в выборке: есть источники вне данных.",Периферия,,2,False,1,2,24750.0,320000.0,1,2,12.9293,0,10,0,0.0,0.9375,1,0,1,0,,fast_transit;mutual_transfers,none
100000008708207100,terminal,0.834,5,0.3642,"Получил 465 000 ₸ от 2 плательщиков, исходящих от 5 000 ₸ в июле нет (колено 3). Деньги остаются.",Конечный получатель,,3,False,2,0,465000.0,0.0,2,0,0.0,0,9,0,0.0,,2,0,0,0,,,keeps
100000004420041100,peripheral,0.65,12,0.3641,"Вход 69 638 ₸ от 1 плательщика, выход 651 830 ₸ 7 получателям. Пороги ролей не достигнуты, признаков роли нет. Отдаёт больше, чем получил в выборке: есть источники вне данных.",Периферия,,3,False,1,7,69638.0,651830.0,1,11,9.3603,0,7,0,0.0002,,1,0,0,0,,,none
100000002645993100,peripheral,0.75,2,0.3638,"Вход 49 650 ₸ от 2 плательщиков, выход 86 980 ₸ 5 получателям. Пороги ролей не достигнуты, признаков роли нет. Отдаёт больше, чем получил в выборке: есть источники вне данных.",Периферия,,3,False,2,5,49650.0,86980.0,4,9,1.7519,0,7,0,0.0001,1.0,2,18,0,0,,fast_transit;cycle,none
100000008188026100,peripheral,0.8,15,0.3636,"Вход 86 468 ₸ от 2 плательщиков, выход 337 983 ₸ 4 получателям. Пороги ролей не достигнуты, признаков роли нет. Отдаёт больше, чем получил в выборке: есть источники вне данных.",Периферия,,1,False,2,4,86468.0,337983.17,5,4,3.9088,1,7,0,0.0001,,1,3,0,0,,cycle,none
100000001526235100,peripheral,0.6,26,0.3631,"Вход 82 000 ₸ от 3 плательщиков, выход 432 750 ₸ 8 получателям. Пороги ролей не достигнуты, признаков роли нет. Отдаёт больше, чем получил в выборке: есть источники вне данных.",Периферия,,2,False,3,8,82000.0,432750.0,4,9,5.2774,0,7,0,0.0003,0.1346,1,0,3,0,,mutual_transfers,none
100000008555233100,terminal,0.822,21,0.363,"Получил 440 600 ₸ от 1 плательщика, исходящих от 5 000 ₸ в июле нет (колено 3). Деньги остаются.",Конечный получатель,,3,False,1,0,440600.0,0.0,1,0,0.0,0,9,0,0.0,,1,0,0,0,,,keeps
100000003873332100,peripheral,0.8,17,0.3629,"Вход 23 468 ₸ от 1 плательщика, выход 286 000 ₸ 4 получателям. Пороги ролей не достигнуты, признаков роли нет. Отдаёт больше, чем получил в выборке: есть источники вне данных.",Периферия,,1,False,1,4,23468.0,286000.0,1,8,12.1868,1,7,0,0.0009,,1,0,0,0,,,none
100000002593344100,terminal,0.817,5,0.3625,"Получил 431 000 ₸ от 2 плательщиков, исходящих от 5 000 ₸ в июле нет (колено 3). Деньги остаются.",Конечный получатель,,3,False,2,0,431000.0,0.0,2,0,0.0,0,9,0,0.0,,2,0,0,0,,,keeps
100000002628576100,peripheral,0.8,7,0.3623,"Вход 727 882 ₸ от 2 плательщиков, выход 539 000 ₸ 2 получателям. Пороги ролей не достигнуты, признаков роли нет.",Периферия,,3,False,2,2,727882.0,539000.0,3,2,0.7405,0,7,0,0.0,1.0,1,0,0,0,,fast_transit,none
100000000594783100,terminal,1.0,24,0.362,"Получил 2,63 млн ₸ от 1 плательщика, дальше ушло только 6%. Деньги остаются.",Конечный получатель,,3,False,1,2,2635000.0,152500.0,10,2,0.0579,0,2,1,0.0,1.0,1,2,1,0,,fast_transit;cycle;mutual_transfers,keeps
100000005079754100,peripheral,0.9,3,0.3619,"Вход 70 000 ₸ от 1 плательщика, выход 122 000 ₸ 2 получателям. Пороги ролей не достигнуты, признаков роли нет. Отдаёт больше, чем получил в выборке: есть источники вне данных.",Периферия,,1,False,1,2,70000.0,122000.0,1,2,1.7429,1,10,0,0.0001,0.1639,1,0,0,0,,,none
100000001584286100,terminal,0.934,13,0.3615,"Получил 738 699 ₸ от 2 плательщиков, исходящих от 5 000 ₸ в июле нет (колено 2). Деньги остаются.",Конечный получатель,,2,False,2,0,738699.0,0.0,3,0,0.0,0,8,0,0.0,,1,0,0,0,,,keeps
100000002343825100,peripheral,0.7,5,0.3614,"Вход 350 000 ₸ от 3 плательщиков, выход 89 800 ₸ 2 получателям. Пороги ролей не достигнуты, признаков роли нет.",Периферия,,3,False,3,2,350000.0,89800.0,4,2,0.2566,0,8,0,0.0,0.5568,2,0,0,0,,fast_transit,none
100000008566737100,terminal,0.681,6,0.3614,"Получил 230 000 ₸ от 2 плательщиков, исходящих от 5 000 ₸ в июле нет (колено 1). Деньги остаются.",Конечный получатель,,1,False,2,0,230000.0,0.0,2,0,0.0,1,10,0,0.0,,2,0,0,0,,,keeps
100000001680944100,terminal,0.797,21,0.3603,"Получил 393 000 ₸ от 1 плательщика, исходящих от 5 000 ₸ в июле нет (колено 3). Деньги остаются.",Конечный получатель,,3,False,1,0,393000.0,0.0,1,0,0.0,0,9,0,0.0,,1,0,0,0,,,keeps
100000004186824100,terminal,0.827,4,0.36,"Получил 451 700 ₸ от 2 плательщиков, дальше ушло только 2%. Деньги остаются.",Конечный получатель,,1,False,2,1,451700.0,7000.0,7,1,0.0155,1,7,0,0.0,,1,0,0,0,,,keeps
100000000640800100,peripheral,0.8,6,0.3595,"Вход 80 000 ₸ от 1 плательщика, выход 518 135 ₸ 4 получателям. Пороги ролей не достигнуты, признаков роли нет. Отдаёт больше, чем получил в выборке: есть источники вне данных.",Периферия,,3,False,1,4,80000.0,518135.0,1,6,6.4767,0,7,0,0.0001,0.0311,1,0,0,0,,,none
100000003134934100,terminal,0.79,6,0.3595,"Получил 379 354 ₸ от 4 плательщиков, исходящих от 5 000 ₸ в июле нет (колено 2). Деньги остаются.",Конечный получатель,,2,False,4,0,379354.0,0.0,4,0,0.0,0,9,0,0.0,,2,0,0,0,,,keeps
100000002548759100,terminal,0.787,5,0.3593,"Получил 375 000 ₸ от 2 плательщиков, исходящих от 5 000 ₸ в июле нет (колено 3). Деньги остаются.",Конечный получатель,,3,False,2,0,375000.0,0.0,2,0,0.0,0,9,0,0.0,,2,0,0,0,,,keeps
100000001732159100,peripheral,0.8,41,0.3592,"seed. Вход 2,38 млн ₸ от 2 плательщиков, выход 1,51 млн ₸ 4 получателям. Пороги ролей не достигнуты, признаков роли нет.",Периферия,,0,True,2,4,2378100.0,1505966.0,30,23,0.6333,2,9,1,0.0,0.9145,2,2,2,5,,seed;cycle;mutual_transfers;recurring_route,none
100000000838385100,peripheral,0.9,29,0.3591,"Вход 436 900 ₸ от 1 плательщика, выход 177 500 ₸ 2 получателям. Пороги ролей не достигнуты, признаков роли нет.",Периферия,,3,False,1,2,436900.0,177500.0,8,6,0.4063,0,7,0,0.0,0.6901,1,0,1,3,,fast_transit;mutual_transfers;recurring_route,none
100000002603769100,terminal,1.0,2,0.3591,"Получил 1,19 млн ₸ от 3 плательщиков, исходящих от 5 000 ₸ в июле нет (колено 1). Деньги остаются.",Конечный получатель,,1,False,3,0,1185368.0,0.0,3,0,0.0,1,7,0,0.0,,1,0,0,0,,,keeps
100000003158727100,terminal,0.783,8,0.3588,"Получил 367 940 ₸ от 3 плательщиков, исходящих от 5 000 ₸ в июле нет (колено 1). Деньги остаются.",Конечный получатель,,1,False,3,0,367940.0,0.0,3,0,0.0,1,9,0,0.0,,2,0,0,0,,,keeps
100000001052945100,peripheral,0.85,57,0.3587,"Вход 56 520 ₸ от 1 плательщика, выход 1,60 млн ₸ 3 получателям. Пороги ролей не достигнуты, признаков роли нет. Отдаёт больше, чем получил в выборке: есть источники вне данных.",Периферия,,3,False,1,3,56520.0,1595700.0,1,6,28.2325,0,7,0,0.0001,,1,0,0,0,,,none
100000005664632100,terminal,0.649,66,0.358,"Получил 198 620 ₸ от 1 плательщика, исходящих от 5 000 ₸ в июле нет (колено 2). Деньги остаются.",Конечный получатель,,2,False,1,0,198620.0,0.0,18,0,0.0,0,10,0,0.0,,1,0,0,0,,,keeps
100000001899164100,peripheral,0.6,12,0.3579,"Вход 291 675 ₸ от 4 плательщиков, выход 76 500 ₸ 3 получателям. Пороги ролей не достигнуты, признаков роли нет.",Периферия,,1,False,4,3,291675.0,76500.0,5,3,0.2623,1,8,0,0.0001,,2,0,2,0,,mutual_transfers,none
100000008747113100,terminal,0.648,7,0.3579,"Получил 197 801 ₸ от 2 плательщиков, исходящих от 5 000 ₸ в июле нет (колено 1). Деньги остаются.",Конечный получатель,,1,False,2,0,197801.0,0.0,2,0,0.0,1,10,0,0.0,,2,0,0,0,,,keeps
100000001463701100,terminal,0.897,10,0.3575,"Получил 621 000 ₸ от 2 плательщиков, исходящих от 5 000 ₸ в июле нет (колено 1). Деньги остаются.",Конечный получатель,,1,False,2,0,621000.0,0.0,2,0,0.0,1,8,0,0.0,,2,0,0,0,,,keeps
100000008751380100,terminal,0.769,5,0.3574,"Получил 345 780 ₸ от 2 плательщиков, исходящих от 5 000 ₸ в июле нет (колено 3). Деньги остаются.",Конечный получатель,,3,False,2,0,345780.0,0.0,2,0,0.0,0,9,0,0.0,,1,0,0,0,,,keeps
100000008213966100,peripheral,0.7,29,0.3564,"Вход 187 004 ₸ от 3 плательщиков, выход 436 900 ₸ 1 получателю. Пороги ролей не достигнуты, признаков роли нет. Отдаёт больше, чем получил в выборке: есть источники вне данных.",Периферия,,2,False,3,1,187004.0,436900.0,7,8,2.3363,0,7,0,0.0,0.8499,1,0,1,0,,fast_transit;mutual_transfers,none
100000003062895100,terminal,0.758,5,0.3562,"Получил 328 444 ₸ от 2 плательщиков, исходящих от 5 000 ₸ в июле нет (колено 2). Деньги остаются.",Конечный получатель,,2,False,2,0,328444.0,0.0,2,0,0.0,0,9,0,0.0,,1,0,0,0,,,keeps
100000008775471100,terminal,0.882,21,0.356,"Получил 580 000 ₸ от 1 плательщика, исходящих от 5 000 ₸ в июле нет (колено 3). Деньги остаются.",Конечный получатель,,3,False,1,0,580000.0,0.0,2,0,0.0,0,8,0,0.0,,1,0,0,0,,,keeps
100000008556318100,terminal,0.628,3,0.3557,"Получил 180 132 ₸ от 2 плательщиков, исходящих от 5 000 ₸ в июле нет (колено 1). Деньги остаются.",Конечный получатель,,1,False,2,0,180132.0,0.0,2,0,0.0,1,10,0,0.0,,1,0,0,0,,,keeps
100000002921047100,peripheral,0.8,8,0.3552,"Вход 338 000 ₸ от 2 плательщиков, выход 163 000 ₸ 1 получателю. Пороги ролей не достигнуты, признаков роли нет.",Периферия,,1,False,2,1,338000.0,163000.02,2,1,0.4822,1,9,0,0.0,1.0,1,0,0,0,,fast_transit,none
100000007181706100,terminal,0.623,3,0.3552,"Получил 176 272 ₸ от 2 плательщиков, исходящих от 5 000 ₸ в июле нет (колено 1). Деньги остаются.",Конечный получатель,,1,False,2,0,176272.0,0.0,2,0,0.0,1,10,0,0.0,,2,0,0,0,,,keeps
100000001875167100,terminal,1.0,7,0.3551,"Получил 1,00 млн ₸ от 1 плательщика, исходящих от 5 000 ₸ в июле нет (колено 3). Деньги остаются.",Конечный получатель,,3,False,1,0,1000000.0,0.0,2,0,0.0,0,7,0,0.0,,1,0,0,0,,,keeps
100000003964910100,terminal,1.0,16,0.3551,"Получил 1,00 млн ₸ от 2 плательщиков, исходящих от 5 000 ₸ в июле нет (колено 3). Деньги остаются.",Конечный получатель,,3,False,2,0,1000000.0,0.0,2,0,0.0,0,7,0,0.0,,2,0,0,0,,,keeps
100000002748532100,peripheral,0.7,21,0.3547,"Вход 355 575 ₸ от 3 плательщиков, выход 646 685 ₸ 2 получателям. Пороги ролей не достигнуты, признаков роли нет. Отдаёт больше, чем получил в выборке: есть источники вне данных.",Периферия,,2,False,3,2,355575.0,646685.0,3,7,1.8187,0,9,0,0.0,,1,0,0,0,,,none
100000004770073100,transit,1.0,2,0.3544,"Получил 5 462 ₸ от 1 плательщика, передал дальше 100% (5 467 ₸) 1 получателю; 100% ушло в течение 2 дней. Признаки транзита.",Транзит,,3,False,1,1,5462.4,5466.97,1,1,1.0008,0,7,0,0.0,1.0,1,0,0,0,,fast_transit,pass_through
100000001373265100,terminal,0.577,6,0.3542,"Получил 142 482 ₸ от 1 плательщика, дальше ушло только 4%. Деньги остаются.",Конечный получатель,,3,False,1,1,142482.0,5000.0,1,1,0.0351,0,7,0,0.0,,1,0,0,0,,,keeps
100000003152964100,terminal,0.576,6,0.3542,"Получил 141 847 ₸ от 1 плательщика, дальше ушло только 4%. Деньги остаются.",Конечный получатель,,3,False,1,1,141847.0,5500.0,1,1,0.0388,0,7,0,0.0,,1,0,0,0,,,keeps
100000003968044100,peripheral,0.85,6,0.3542,"Вход 40 000 ₸ от 1 плательщика, выход 311 000 ₸ 3 получателям. Пороги ролей не достигнуты, признаков роли нет. Отдаёт больше, чем получил в выборке: есть источники вне данных.",Периферия,,3,False,1,3,40000.0,311000.0,1,4,7.775,0,7,0,0.0001,,1,43,0,0,,cycle,none
100000003831324100,terminal,0.739,8,0.3541,"Получил 300 000 ₸ от 2 плательщиков, исходящих от 5 000 ₸ в июле нет (колено 1). Деньги остаются.",Конечный получатель,,1,False,2,0,300000.0,0.0,2,0,0.0,1,9,0,0.0,,1,0,0,0,,,keeps
100000001252290100,terminal,0.575,7,0.354,"Получил 141 005 ₸ от 1 плательщика, дальше ушло только 4%. Деньги остаются.",Конечный получатель,,3,False,1,1,141005.0,5000.0,1,1,0.0355,0,7,0,0.0,,1,0,0,0,,,keeps
100000001317336100,peripheral,0.9,32,0.3537,"Вход 131 196 ₸ от 1 плательщика, выход 1,75 млн ₸ 2 получателям. Пороги ролей не достигнуты, признаков роли нет. Отдаёт больше, чем получил в выборке: есть источники вне данных.",Периферия,,3,False,1,2,131196.0,1752000.0,1,3,13.3541,0,7,0,0.0,,1,0,0,0,,,none
100000002621949100,terminal,0.608,3,0.3537,"Получил 164 612 ₸ от 1 плательщика, исходящих от 5 000 ₸ в июле нет (колено 1). Деньги остаются.",Конечный получатель,,1,False,1,0,164612.0,0.0,1,0,0.0,1,10,0,0.0,,1,0,0,0,,,keeps
100000003097324100,terminal,0.734,21,0.3537,"Получил 294 000 ₸ от 2 плательщиков, исходящих от 5 000 ₸ в июле нет (колено 3). Деньги остаются.",Конечный получатель,,3,False,2,0,294000.0,0.0,2,0,0.0,0,9,0,0.0,,2,0,0,0,,,keeps
100000002306369100,peripheral,0.7,3,0.3536,"Вход 73 166 ₸ от 1 плательщика, выход 260 900 ₸ 6 получателям. Пороги ролей не достигнуты, признаков роли нет. Отдаёт больше, чем получил в выборке: есть источники вне данных.",Периферия,,1,False,1,6,73166.0,260900.0,1,9,3.5659,1,7,0,0.0001,,1,81,0,0,,cycle,none
100000000041368100,terminal,0.602,3,0.353,"Получил 160 000 ₸ от 1 плательщика, исходящих от 5 000 ₸ в июле нет (колено 1). Деньги остаются.",Конечный получатель,,1,False,1,0,160000.0,0.0,1,0,0.0,1,10,0,0.0,,1,0,0,0,,,keeps
100000003111305100,terminal,0.854,28,0.353,"Получил 509 338 ₸ от 4 плательщиков, исходящих от 5 000 ₸ в июле нет (колено 3). Деньги остаются.",Конечный получатель,,3,False,4,0,509338.0,0.0,4,0,0.0,0,8,0,0.0,,2,0,0,0,,,keeps
100000004041163100,peripheral,0.9,19,0.3526,"seed. Вход 50 000 ₸ от 1 плательщика, выход 866 000 ₸ 2 получателям. Пороги ролей не достигнуты, признаков роли нет.",Периферия,,0,True,1,2,50000.0,866000.0,1,6,17.32,1,14,1,0.0,0.0554,1,0,1,0,,seed;mutual_transfers,none
100000001538095100,terminal,0.724,13,0.3525,"Получил 280 000 ₸ от 2 плательщиков, исходящих от 5 000 ₸ в июле нет (колено 3). Деньги остаются.",Конечный получатель,,3,False,2,0,280000.0,0.0,2,0,0.0,0,9,0,0.0,,2,0,0,0,,,keeps
100000003031003100,terminal,0.724,13,0.3525,"Получил 280 090 ₸ от 3 плательщиков, исходящих от 5 000 ₸ в июле нет (колено 3). Деньги остаются.",Конечный получатель,,3,False,3,0,280090.0,0.0,3,0,0.0,0,9,0,0.0,,2,0,0,0,,,keeps
100000001884825100,terminal,0.847,5,0.3523,"Получил 495 000 ₸ от 3 плательщиков, исходящих от 5 000 ₸ в июле нет (колено 3). Деньги остаются.",Конечный получатель,,3,False,3,0,495000.0,0.0,3,0,0.0,0,8,0,0.0,,2,0,0,0,,,keeps
100000002459832100,terminal,0.972,20,0.3522,"Получил 880 606 ₸ от 2 плательщиков, исходящих от 5 000 ₸ в июле нет (колено 3). Деньги остаются.",Конечный получатель,,3,False,2,0,880606.0,0.0,2,0,0.0,0,7,0,0.0,,1,0,0,0,,,keeps
100000005031696100,peripheral,0.9,52,0.3516,"Вход 5 000 ₸ от 1 плательщика, выход 115 000 ₸ 2 получателям. Пороги ролей не достигнуты, признаков роли нет. Отдаёт больше, чем получил в выборке: есть источники вне данных.",Периферия,,2,False,1,2,5000.0,115000.0,1,3,23.0,0,10,0,0.0001,0.0435,1,0,0,0,,,none
100000008011159100,peripheral,0.7,43,0.3516,"Вход 363 000 ₸ от 3 плательщиков, выход 153 037 ₸ 5 получателям. Пороги ролей не достигнуты, признаков роли нет.",Периферия,,2,False,3,5,363000.0,153037.0,6,5,0.4216,0,7,0,0.0001,0.3594,1,0,1,0,,mutual_transfers,none
100000003270419100,terminal,0.588,11,0.3515,"Получил 150 000 ₸ от 1 плательщика, исходящих от 5 000 ₸ в июле нет (колено 3). Деньги остаются.",Конечный получатель,,3,False,1,0,150000.0,0.0,1,0,0.0,0,10,0,0.0,,1,0,0,0,,,keeps
100000002815005100,terminal,0.839,5,0.3514,"Получил 476 500 ₸ от 1 плательщика, исходящих от 5 000 ₸ в июле нет (колено 3). Деньги остаются.",Конечный получатель,,3,False,1,0,476500.0,0.0,1,0,0.0,0,8,0,0.0,,1,0,0,0,,,keeps
100000003163256100,transit,0.719,4,0.3514,"Получил 13 485 ₸ от 1 плательщика, передал дальше 111% (15 000 ₸) 1 получателю. Признаки транзита.",Транзит,,1,False,1,1,13485.0,15000.0,1,1,1.1123,1,7,0,0.0,,1,0,0,0,,,pass_through
100000008169544100,peripheral,0.8,4,0.3509,"Вход 137 104 ₸ от 1 плательщика, выход 42 800 ₸ 4 получателям. Пороги ролей не достигнуты, признаков роли нет.",Периферия,,1,False,1,4,137104.0,42800.0,2,7,0.3122,1,7,0,0.0001,0.2874,1,3,1,0,,cycle;mutual_transfers,none
100000004159526100,peripheral,0.6,14,0.3508,"Вход 275 037 ₸ от 4 плательщиков, выход 68 000 ₸ 4 получателям. Пороги ролей не достигнуты, признаков роли нет.",Периферия,,1,False,4,4,275037.0,68000.0,4,6,0.2472,1,8,0,0.0001,0.4412,2,0,1,0,,mutual_transfers,none
100000001567366100,terminal,0.958,4,0.3507,"Получил 824 070 ₸ от 1 плательщика, исходящих от 5 000 ₸ в июле нет (колено 1). Деньги остаются.",Конечный получатель,,1,False,1,0,824070.0,0.0,4,0,0.0,1,7,0,0.0,,1,0,0,0,,,keeps
100000006111439100,transit,0.583,7,0.3507,"Получил 20 570 ₸ от 3 плательщиков, передал дальше 117% (24 000 ₸) 4 получателям. Признаки транзита.",Транзит,,3,False,3,4,20570.0,24000.0,3,4,1.1667,0,7,1,0.0,,1,0,1,0,,mutual_transfers,pass_through
100000004480280100,peripheral,0.9,3,0.3503,"Вход 146 694 ₸ от 1 плательщика, выход 295 850 ₸ 2 получателям. Пороги ролей не достигнуты, признаков роли нет. Отдаёт больше, чем получил в выборке: есть источники вне данных.",Периферия,,1,False,1,2,146694.0,295850.0,1,7,2.0168,1,10,0,0.0,0.24,1,0,0,0,,,none
100000007511163100,peripheral,0.8,4,0.3501,"Вход 63 666 ₸ от 2 плательщиков, выход 82 052 ₸ 3 получателям. Пороги ролей не достигнуты, признаков роли нет. Отдаёт больше, чем получил в выборке: есть источники вне данных.",Периферия,,1,False,2,3,63666.0,82052.0,2,3,1.2888,1,7,0,0.0001,0.5972,1,0,1,0,,fast_transit;mutual_transfers,none
100000003154105100,peripheral,0.65,22,0.3497,"Вход 60 000 ₸ от 1 плательщика, выход 338 000 ₸ 7 получателям. Пороги ролей не достигнуты, признаков роли нет. Отдаёт больше, чем получил в выборке: есть источники вне данных.",Периферия,,3,False,1,7,60000.0,338000.0,1,9,5.6333,0,7,0,0.0001,0.1627,1,0,0,0,,,none
100000002936322100,terminal,0.948,20,0.3496,"Получил 787 133 ₸ от 2 плательщиков, исходящих от 5 000 ₸ в июле нет (колено 3). Деньги остаются.",Конечный получатель,,3,False,2,0,787133.0,0.0,2,0,0.0,0,7,0,0.0,,1,0,0,0,,,keeps
100000003205210100,terminal,0.569,3,0.3495,"Получил 137 563 ₸ от 1 плательщика, исходящих от 5 000 ₸ в июле нет (колено 1). Деньги остаются.",Конечный получатель,,1,False,1,0,137563.0,0.0,1,0,0.0,1,10,0,0.0,,1,0,0,0,,,keeps
100000001611488100,terminal,0.946,7,0.3494,"Получил 779 300 ₸ от 2 плательщиков, исходящих от 5 000 ₸ в июле нет (колено 3). Деньги остаются.",Конечный получатель,,3,False,2,0,779300.0,0.0,3,0,0.0,0,7,1,0.0,,1,0,0,0,,,keeps
100000001285440100,terminal,0.693,21,0.3493,"Получил 243 000 ₸ от 2 плательщиков, исходящих от 5 000 ₸ в июле нет (колено 3). Деньги остаются.",Конечный получатель,,3,False,2,0,243000.0,0.0,2,0,0.0,0,9,0,0.0,,2,0,0,0,,,keeps
100000002864256100,terminal,0.566,3,0.3492,"Получил 135 780 ₸ от 1 плательщика, исходящих от 5 000 ₸ в июле нет (колено 1). Деньги остаются.",Конечный получатель,,1,False,1,0,135780.0,0.0,1,0,0.0,1,10,0,0.0,,1,0,0,0,,,keeps
100000004892144100,terminal,1.0,24,0.349,"Получил 4,50 млн ₸ от 2 плательщиков, дальше ушло только 4%. Деньги остаются.",Конечный получатель,,3,False,2,1,4500000.0,180300.0,7,1,0.0401,0,2,1,0.0,,2,3,1,0,,cycle;mutual_transfers,keeps
100000003484058100,terminal,0.521,14,0.3487,"Получил 110 000 ₸ от 1 плательщика, дальше ушло только 5%. Деньги остаются.",Конечный получатель,,3,False,1,1,110000.0,6000.0,1,1,0.0545,0,7,0,0.0,,1,0,0,0,,,keeps
100000007129492100,peripheral,0.8,10,0.3486,"Вход 50 990 ₸ от 2 плательщиков, выход 37 000 ₸ 1 получателю. Пороги ролей не достигнуты, признаков роли нет.",Периферия,,1,False,2,1,50990.0,37000.0,2,1,0.7256,2,11,0,0.0,1.0,1,0,0,0,,fast_transit,none
100000006564102100,terminal,0.684,3,0.3483,"Получил 233 235 ₸ от 1 плательщика, исходящих от 5 000 ₸ в июле нет (колено 2). Деньги остаются.",Конечный получатель,,2,False,1,0,233235.0,0.0,1,0,0.0,0,9,0,0.0,,1,0,0,0,,,keeps
100000008722417100,peripheral,0.85,7,0.3483,"Вход 331 900 ₸ от 1 плательщика, выход 720 000 ₸ 3 получателям. Пороги ролей не достигнуты, признаков роли нет. Отдаёт больше, чем получил в выборке: есть источники вне данных.",Периферия,,3,False,1,3,331900.0,720000.0,1,6,2.1693,0,7,0,0.0001,0.3611,1,0,0,0,,,none
100000000941942100,terminal,0.557,3,0.3482,"Получил 130 000 ₸ от 1 плательщика, исходящих от 5 000 ₸ в июле нет (колено 1). Деньги остаются.",Конечный получатель,,1,False,1,0,130000.0,0.0,1,0,0.0,1,10,0,0.0,,1,0,0,0,,,keeps
100000001690558100,terminal,0.935,17,0.3482,"Получил 740 000 ₸ от 1 плательщика, исходящих от 5 000 ₸ в июле нет (колено 3). Деньги остаются.",Конечный получатель,,3,False,1,0,740000.0,0.0,1,0,0.0,0,7,0,0.0,,1,0,0,0,,,keeps
100000001788284100,peripheral,0.75,26,0.3482,"Вход 8 000 ₸ от 1 плательщика, выход 296 700 ₸ 5 получателям. Пороги ролей не достигнуты, признаков роли нет. Отдаёт больше, чем получил в выборке: есть источники вне данных.",Периферия,,3,False,1,5,8000.0,296700.0,1,8,37.0875,0,7,0,0.0001,0.6502,1,0,1,0,,fast_transit;mutual_transfers,none
100000003031633100,terminal,0.809,5,0.3482,"Получил 414 000 ₸ от 1 плательщика, исходящих от 5 000 ₸ в июле нет (колено 3). Деньги остаются.",Конечный получатель,,3,False,1,0,414000.0,0.0,2,0,0.0,0,8,0,0.0,,1,0,0,0,,,keeps
100000005514161100,peripheral,0.6,8,0.3479,"Вход 401 500 ₸ от 4 плательщиков, выход 50 000 ₸ 1 получателю. Пороги ролей не достигнуты, признаков роли нет.",Периферия,,1,False,4,1,401500.0,50000.0,7,1,0.1245,1,9,0,0.0,,2,0,0,0,,,none
100000003022835100,terminal,0.548,3,0.3473,"Получил 125 000 ₸ от 1 плательщика, исходящих от 5 000 ₸ в июле нет (колено 1). Деньги остаются.",Конечный получатель,,1,False,1,0,125000.0,0.0,1,0,0.0,1,10,0,0.0,,1,0,0,0,,,keeps
100000003809101100,peripheral,0.8,10,0.347,"Вход 166 050 ₸ от 2 плательщиков, выход 55 200 ₸ 2 получателям. Пороги ролей не достигнуты, признаков роли нет.",Периферия,,1,False,2,2,166050.0,55200.0,3,4,0.3324,1,8,0,0.0001,0.1848,1,0,1,0,,mutual_transfers,none
100000007472293100,peripheral,0.85,49,0.3469,"Вход 5 000 ₸ от 1 плательщика, выход 345 900 ₸ 3 получателям. Пороги ролей не достигнуты, признаков роли нет. Отдаёт больше, чем получил в выборке: есть источники вне данных.",Периферия,,3,False,1,3,5000.0,345900.0,1,3,69.18,0,9,0,0.0,,1,0,0,0,,,none
100000007629096100,peripheral,0.6,6,0.346,"Вход 1,08 млн ₸ от 4 плательщиков, выход 765 205 ₸ 1 получателю. Пороги ролей не достигнуты, признаков роли нет.",Периферия,,2,False,4,1,1075170.0,765205.0,5,5,0.7117,0,7,0,0.0,0.9346,2,0,1,2,,fast_transit;mutual_transfers;recurring_route,none
100000002605548100,terminal,0.534,10,0.3458,"Получил 116 695 ₸ от 2 плательщиков, исходящих от 5 000 ₸ в июле нет (колено 1). Деньги остаются.",Конечный получатель,,1,False,2,0,116695.0,0.0,2,0,0.0,1,10,0,0.0,,1,0,0,0,,,keeps
100000004677680100,peripheral,0.8,10,0.3452,"Вход 63 000 ₸ от 2 плательщиков, выход 168 000 ₸ 1 получателю. Пороги ролей не достигнуты, признаков роли нет. Отдаёт больше, чем получил в выборке: есть источники вне данных.",Периферия,,1,False,2,1,63000.0,168000.0,2,3,2.6667,1,8,0,0.0,0.9107,1,0,1,0,,fast_transit;mutual_transfers,none
100000001746925100,peripheral,0.9,3,0.3448,"Вход 65 250 ₸ от 1 плательщика, выход 5 000 ₸ 1 получателю. Пороги ролей не достигнуты, признаков роли нет.",Периферия,,1,False,1,1,65250.0,5000.0,1,1,0.0766,1,10,0,0.0001,,1,0,0,0,,,none
100000002983879100,terminal,0.651,3,0.3448,"Получил 200 050 ₸ от 2 плательщиков, исходящих от 5 000 ₸ в июле нет (колено 2). Деньги остаются.",Конечный получатель,,2,False,2,0,200050.0,0.0,2,0,0.0,0,9,0,0.0,,1,0,0,0,,,keeps
100000003001661100,peripheral,0.75,29,0.3448,"Вход 110 000 ₸ от 1 плательщика, выход 439 500 ₸ 5 получателям. Пороги ролей не достигнуты, признаков роли нет. Отдаёт больше, чем получил в выборке: есть источники вне данных.",Периферия,,3,False,1,5,110000.0,439500.0,1,8,3.9955,0,7,0,0.0001,,1,0,1,0,,mutual_transfers,none
100000004394765100,peripheral,0.7,4,0.3442,"Вход 603 844 ₸ от 3 плательщиков, выход 82 500 ₸ 2 получателям. Пороги ролей не достигнуты, признаков роли нет.",Периферия,,1,False,3,2,603844.0,82500.0,10,2,0.1366,1,7,0,0.0001,0.4303,2,0,0,0,,,none
100000008555918100,peripheral,0.9,3,0.3442,"Вход 139 211 ₸ от 1 плательщика, выход 43 300 ₸ 2 получателям. Пороги ролей не достигнуты, признаков роли нет.",Периферия,,1,False,1,2,139211.0,43300.0,1,2,0.311,1,10,0,0.0,,1,0,0,0,,,none
100000003071649100,terminal,0.639,5,0.3436,"Получил 189 500 ₸ от 1 плательщика, исходящих от 5 000 ₸ в июле нет (колено 3). Деньги остаются.",Конечный получатель,,3,False,1,0,189500.0,0.0,1,0,0.0,0,9,0,0.0,,1,0,0,0,,,keeps
100000003159641100,peripheral,0.6,58,0.3436,"Вход 64 000 ₸ от 4 плательщиков, выход 197 800 ₸ 1 получателю. Пороги ролей не достигнуты, признаков роли нет. Отдаёт больше, чем получил в выборке: есть источники вне данных.",Периферия,,2,False,4,1,64000.0,197800.0,7,1,3.0906,0,7,0,0.0001,1.0,1,0,0,0,,fast_transit,none
100000001927599100,terminal,0.637,9,0.3434,"Получил 188 000 ₸ от 2 плательщиков, исходящих от 5 000 ₸ в июле нет (колено 3). Деньги остаются.",Конечный получатель,,3,False,2,0,188000.0,0.0,2,0,0.0,0,9,0,0.0,,2,0,0,0,,,keeps
100000002799941100,terminal,0.889,17,0.3434,"Получил 600 000 ₸ от 1 плательщика, исходящих от 5 000 ₸ в июле нет (колено 3). Деньги остаются.",Конечный получатель,,3,False,1,0,600000.0,0.0,1,0,0.0,0,7,0,0.0,,1,0,0,0,,,keeps
100000004737764100,terminal,0.889,3,0.3434,"Получил 600 000 ₸ от 1 плательщика, исходящих от 5 000 ₸ в июле нет (колено 3). Деньги остаются.",Конечный получатель,,3,False,1,0,600000.0,0.0,1,0,0.0,0,7,0,0.0,,1,0,0,0,,,keeps
100000000413678100,peripheral,0.8,6,0.343,"Вход 306 500 ₸ от 2 плательщиков, выход 528 198 ₸ 3 получателям. Пороги ролей не достигнуты, признаков роли нет. Отдаёт больше, чем получил в выборке: есть источники вне данных.",Периферия,,3,False,2,3,306500.0,528198.0,2,18,1.7233,0,7,0,0.0001,0.1477,2,0,0,0,,,none
100000006844768100,peripheral,0.9,2,0.343,"Вход 282 000 ₸ от 1 плательщика, выход 188 000 ₸ 2 получателям. Пороги ролей не достигнуты, признаков роли нет.",Периферия,,2,False,1,2,282000.0,188000.0,5,5,0.6667,0,7,1,0.0,0.867,1,0,1,0,,fast_transit;mutual_transfers,none
100000000733451100,peripheral,0.9,11,0.3427,"Вход 70 000 ₸ от 1 плательщика, выход 300 000 ₸ 1 получателю. Пороги ролей не достигнуты, признаков роли нет. Отдаёт больше, чем получил в выборке: есть источники вне данных.",Периферия,,3,False,1,1,70000.0,300000.0,2,1,4.2857,0,10,0,0.0,,1,0,0,0,,,none
100000002679516100,terminal,0.505,12,0.3427,"Получил 102 335 ₸ от 3 плательщиков, исходящих от 5 000 ₸ в июле нет (колено 1). Деньги остаются.",Конечный получатель,,1,False,3,0,102335.0,0.0,3,0,0.0,1,10,0,0.0,,1,0,0,0,,,keeps
100000003582677100,peripheral,0.8,3,0.3426,"Вход 29 757 ₸ от 2 плательщиков, выход 56 000 ₸ 4 получателям. Пороги ролей не достигнуты, признаков роли нет. Отдаёт больше, чем получил в выборке: есть источники вне данных.",Периферия,,3,False,2,4,29756.989999999998,56000.0,2,5,1.8819,0,7,0,0.0002,,1,31,0,0,,cycle,none
100000008343874100,peripheral,0.8,20,0.3426,"Вход 283 535 ₸ от 2 плательщиков, выход 176 400 ₸ 2 получателям. Пороги ролей не достигнуты, признаков роли нет.",Периферия,,3,False,2,2,283535.0,176400.0,2,5,0.6221,0,7,0,0.0,0.8129,1,0,0,0,,fast_transit,none
100000008258458100,peripheral,0.9,64,0.3424,"Вход 19 000 ₸ от 1 плательщика, выход 1,56 млн ₸ 2 получателям. Пороги ролей не достигнуты, признаков роли нет. Отдаёт больше, чем получил в выборке: есть источники вне данных.",Периферия,,3,False,1,2,19000.0,1557988.0,1,4,81.9994,0,7,0,0.0,0.3643,1,0,0,0,,,none
100000000998559100,terminal,0.5,3,0.3422,"Получил 100 000 ₸ от 1 плательщика, исходящих от 5 000 ₸ в июле нет (колено 1). Деньги остаются.",Конечный получатель,,1,False,1,0,100000.0,0.0,1,0,0.0,1,10,0,0.0,,1,0,0,0,,,keeps
100000008739887100,peripheral,0.8,6,0.3419,"Вход 214 000 ₸ от 2 плательщиков, выход 307 000 ₸ 2 получателям. Пороги ролей не достигнуты, признаков роли нет. Отдаёт больше, чем получил в выборке: есть источники вне данных.",Периферия,,3,False,2,2,214000.0,307000.0,3,2,1.4346,0,7,0,0.0,1.0,1,0,0,0,,fast_transit,none
100000003886323100,terminal,0.5,4,0.3418,"Получил 78 168 ₸ от 2 плательщиков, дальше ушло только 10%. Деньги остаются.",Конечный получатель,,1,False,2,1,78168.0,7650.0,6,1,0.0979,1,7,0,0.0,,1,0,1,0,,mutual_transfers,keeps
100000002645609100,terminal,0.869,2,0.3413,"Получил 546 821 ₸ от 4 плательщиков, исходящих от 5 000 ₸ в июле нет (колено 1). Деньги остаются.",Конечный получатель,,1,False,4,0,546820.6799999999,0.0,5,0,0.0,1,7,0,0.0,,1,0,0,0,,,keeps
100000005124479100,peripheral,0.8,2,0.3411,"Вход 137 753 ₸ от 2 плательщиков, выход 22 000 ₸ 2 получателям. Пороги ролей не достигнуты, признаков роли нет.",Периферия,,1,False,2,2,137753.0,22000.0,2,2,0.1597,1,10,0,0.0,,1,0,0,0,,,none
100000006169033100,peripheral,0.85,43,0.3411,"Вход 49 000 ₸ от 1 плательщика, выход 1,14 млн ₸ 3 получателям. Пороги ролей не достигнуты, признаков роли нет. Отдаёт больше, чем получил в выборке: есть источники вне данных.",Периферия,,3,False,1,3,49000.0,1140271.0,1,10,23.2708,0,7,0,0.0,,1,0,1,0,,mutual_transfers,none
100000008221543100,terminal,0.867,16,0.3411,"Получил 542 000 ₸ от 2 плательщиков, исходящих от 5 000 ₸ в июле нет (колено 1). Деньги остаются.",Конечный получатель,,1,False,2,0,542000.0,0.0,2,0,0.0,1,7,0,0.0,,1,0,0,0,,,keeps
100000002975437100,terminal,0.862,32,0.3409,"Получил 530 000 ₸ от 1 плательщика, дальше ушло только 2%. Деньги остаются.",Конечный получатель,,3,False,1,1,530000.0,8500.0,2,1,0.016,0,7,0,0.0,,1,0,1,0,,mutual_transfers,keeps
100000008714412100,terminal,0.614,9,0.3409,"Получил 169 000 ₸ от 1 плательщика, исходящих от 5 000 ₸ в июле нет (колено 3). Деньги остаются.",Конечный получатель,,3,False,1,0,169000.0,0.0,1,0,0.0,0,9,0,0.0,,1,0,0,0,,,keeps
100000001733687100,terminal,0.739,5,0.3408,"Получил 300 000 ₸ от 1 плательщика, исходящих от 5 000 ₸ в июле нет (колено 3). Деньги остаются.",Конечный получатель,,3,False,1,0,300000.0,0.0,1,0,0.0,0,8,0,0.0,,1,0,0,0,,,keeps
100000004587414100,terminal,0.864,7,0.3407,"Получил 533 603 ₸ от 2 плательщиков, исходящих от 5 000 ₸ в июле нет (колено 3). Деньги остаются.",Конечный получатель,,3,False,2,0,533603.0,0.0,2,0,0.0,0,7,0,0.0,,1,0,0,0,,,keeps
100000002618492100,terminal,0.736,10,0.3405,"Получил 296 500 ₸ от 2 плательщиков, исходящих от 5 000 ₸ в июле нет (колено 1). Деньги остаются.",Конечный получатель,,1,False,2,0,296500.0,0.0,2,0,0.0,1,8,0,0.0,,1,0,0,0,,,keeps
100000003016438100,peripheral,0.9,5,0.3405,"Вход 200 000 ₸ от 1 плательщика, выход 300 000 ₸ 1 получателю. Пороги ролей не достигнуты, признаков роли нет. Отдаёт больше, чем получил в выборке: есть источники вне данных.",Периферия,,3,False,1,1,200000.0,300000.0,1,3,1.5,0,8,0,0.0,0.6667,1,0,0,0,,fast_transit,none
100000002635780100,terminal,0.606,8,0.3401,"Получил 163 000 ₸ от 1 плательщика, исходящих от 5 000 ₸ в июле нет (колено 2). Деньги остаются.",Конечный получатель,,2,False,1,0,163000.02,0.0,1,0,0.0,0,9,0,0.0,,1,0,0,0,,,keeps
100000002773323100,peripheral,0.8,5,0.3401,"Вход 285 000 ₸ от 2 плательщиков, выход 1,17 млн ₸ 1 получателю. Пороги ролей не достигнуты, признаков роли нет. Отдаёт больше, чем получил в выборке: есть источники вне данных.",Периферия,,3,False,2,1,285000.0,1171644.0,2,2,4.111,0,8,0,0.0,,2,0,0,0,,,none
100000008730371100,terminal,0.858,2,0.3401,"Получил 520 000 ₸ от 2 плательщиков, исходящих от 5 000 ₸ в июле нет (колено 3). Деньги остаются.",Конечный получатель,,3,False,2,0,520000.0,0.0,3,0,0.0,0,7,0,0.0,,1,0,0,0,,,keeps
100000007747786100,distributor,0.71,8,0.34,"seed. Рассылает 31 получателю 4,24 млн ₸, в среднем 136 710 ₸ на получателя; входящих плательщиков 0. Признаки веерного распределения.",Распределитель (веер),,0,True,0,31,0.0,4238009.4,0,35,,0,0,0,0.0,,0,0,0,0,,seed,fan_out
100000001382002100,transit,0.932,2,0.3397,"Получил 55 000 ₸ от 1 плательщика, передал дальше 103% (56 500 ₸) 1 получателю. Признаки транзита.",Транзит,,2,False,1,1,55000.0,56500.0,2,3,1.0273,0,7,0,0.0,,1,0,1,0,,mutual_transfers,pass_through
100000003221384100,terminal,0.854,15,0.3397,"Получил 511 200 ₸ от 1 плательщика, исходящих от 5 000 ₸ в июле нет (колено 2). Деньги остаются.",Конечный получатель,,2,False,1,0,511200.0,0.0,1,0,0.0,0,7,0,0.0,,1,0,0,0,,,keeps
100000008724461100,peripheral,0.9,5,0.3397,"Вход 100 111 ₸ от 1 плательщика, выход 130 000 ₸ 1 получателю. Пороги ролей не достигнуты, признаков роли нет. Отдаёт больше, чем получил в выборке: есть источники вне данных.",Периферия,,3,False,1,1,100111.0,130000.0,1,1,1.2986,0,9,0,0.0,1.0,1,0,0,0,,fast_transit,none
100000002193259100,peripheral,0.8,12,0.3393,"Вход 48 000 ₸ от 2 плательщиков, выход 58 000 ₸ 3 получателям. Пороги ролей не достигнуты, признаков роли нет. Отдаёт больше, чем получил в выборке: есть источники вне данных.",Периферия,,2,False,2,3,48000.0,58000.0,2,3,1.2083,0,8,0,0.0001,0.6897,1,0,2,0,,fast_transit;mutual_transfers,none
100000003014659100,terminal,0.724,10,0.3392,"Получил 280 000 ₸ от 1 плательщика, исходящих от 5 000 ₸ в июле нет (колено 1). Деньги остаются.",Конечный получатель,,1,False,1,0,280000.0,0.0,1,0,0.0,1,8,0,0.0,,1,0,0,0,,,keeps
100000007138613100,peripheral,0.7,2,0.3392,"Вход 1,00 млн ₸ от 3 плательщиков, выход 179 000 ₸ 2 получателям. Пороги ролей не достигнуты, признаков роли нет.",Периферия,,3,False,3,2,1002000.0,179000.0,3,2,0.1786,0,7,0,0.0,,1,0,0,0,,,none
100000008038077100,terminal,0.849,7,0.3392,"Получил 499 850 ₸ от 1 плательщика, исходящих от 5 000 ₸ в июле нет (колено 3). Деньги остаются.",Конечный получатель,,3,False,1,0,499850.0,0.0,2,0,0.0,0,7,0,0.0,,1,0,0,0,,,keeps
100000003116106100,terminal,0.847,7,0.3389,"Получил 494 050 ₸ от 1 плательщика, исходящих от 5 000 ₸ в июле нет (колено 3). Деньги остаются.",Конечный получатель,,3,False,1,0,494050.0,0.0,2,0,0.0,0,7,0,0.0,,1,0,0,0,,,keeps
100000001275752100,terminal,0.59,5,0.3384,"Получил 151 500 ₸ от 1 плательщика, исходящих от 5 000 ₸ в июле нет (колено 3). Деньги остаются.",Конечный получатель,,3,False,1,0,151500.0,0.0,1,0,0.0,0,9,0,0.0,,1,0,0,0,,,keeps
100000003171587100,peripheral,0.8,7,0.3382,"Вход 700 000 ₸ от 2 плательщиков, выход 431 300 ₸ 2 получателям. Пороги ролей не достигнуты, признаков роли нет.",Периферия,,3,False,2,2,700000.0,431300.0,2,7,0.6161,0,7,0,0.0,,2,0,0,0,,,none
100000008335401100,terminal,0.588,9,0.3382,"Получил 150 000 ₸ от 1 плательщика, исходящих от 5 000 ₸ в июле нет (колено 2). Деньги остаются.",Конечный получатель,,2,False,1,0,150000.0,0.0,3,0,0.0,0,9,0,0.0,,1,0,0,0,,,keeps
100000002822472100,terminal,0.713,13,0.3381,"Получил 266 722 ₸ от 2 плательщиков, исходящих от 5 000 ₸ в июле нет (колено 3). Деньги остаются.",Конечный получатель,,3,False,2,0,266722.0,0.0,2,0,0.0,0,8,0,0.0,,1,0,0,0,,,keeps
100000003246024100,peripheral,0.9,2,0.3375,"Вход 25 000 ₸ от 1 плательщика, выход 5 000 ₸ 1 получателю. Пороги ролей не достигнуты, признаков роли нет.",Периферия,,2,False,1,1,25000.0,5000.0,1,1,0.2,0,7,1,0.0016,1.0,1,0,0,0,,fast_transit,none
100000002901457100,peripheral,0.85,2,0.3372,"Вход 340 000 ₸ от 1 плательщика, выход 119 000 ₸ 3 получателям. Пороги ролей не достигнуты, признаков роли нет.",Периферия,,3,False,1,3,340000.0,119000.0,1,3,0.35,0,7,0,0.0001,,1,0,0,0,,,none
100000006446271100,terminal,0.5,3,0.3371,"Получил 80 000 ₸ от 2 плательщиков, исходящих от 5 000 ₸ в июле нет (колено 1). Деньги остаются.",Конечный получатель,,1,False,2,0,80000.0,0.0,2,0,0.0,1,10,0,0.0,,2,0,0,0,,,keeps
100000005614315100,terminal,0.829,4,0.337,"Получил 455 000 ₸ от 1 плательщика, исходящих от 5 000 ₸ в июле нет (колено 2). Деньги остаются.",Конечный получатель,,2,False,1,0,455000.0,0.0,1,0,0.0,0,7,0,0.0,,1,0,0,0,,,keeps
100000008532050100,terminal,0.829,7,0.337,"Получил 455 156 ₸ от 1 плательщика, исходящих от 5 000 ₸ в июле нет (колено 3). Деньги остаются.",Конечный получатель,,3,False,1,0,455156.0,0.0,1,0,0.0,0,7,0,0.0,,1,0,0,0,,,keeps
100000000910216100,peripheral,0.9,3,0.3369,"Вход 71 000 ₸ от 1 плательщика, выход 52 010 ₸ 1 получателю. Пороги ролей не достигнуты, признаков роли нет.",Периферия,,2,False,1,1,71000.0,52010.0,3,1,0.7325,0,7,0,0.0005,,1,0,0,0,,,none
100000004450649100,peripheral,0.8,7,0.3369,"Вход 192 528 ₸ от 2 плательщиков, выход 46 527 ₸ 2 получателям. Пороги ролей не достигнуты, признаков роли нет.",Периферия,,3,False,2,2,192528.0,46527.0,2,2,0.2417,0,7,0,0.0001,0.1123,1,0,0,0,,,none
100000007617808100,terminal,0.827,4,0.3368,"Получил 450 000 ₸ от 1 плательщика, исходящих от 5 000 ₸ в июле нет (колено 2). Деньги остаются.",Конечный получатель,,2,False,1,0,450000.0,0.0,1,0,0.0,0,7,0,0.0,,1,0,0,0,,,keeps
100000001686328100,terminal,0.573,5,0.3366,"Получил 140 000 ₸ от 1 плательщика, исходящих от 5 000 ₸ в июле нет (колено 3). Деньги остаются.",Конечный получатель,,3,False,1,0,140000.0,0.0,1,0,0.0,0,9,0,0.0,,1,0,0,0,,,keeps
100000005610717100,peripheral,0.6,2,0.3366,"Вход 484 500 ₸ от 4 плательщиков, выход 265 200 ₸ 1 получателю. Пороги ролей не достигнуты, признаков роли нет.",Периферия,,3,False,4,1,484500.0,265200.0,6,7,0.5474,0,7,0,0.0,0.8379,1,0,0,2,,fast_transit;recurring_route,none
100000008536546100,terminal,0.699,21,0.3366,"Получил 250 000 ₸ от 2 плательщиков, исходящих от 5 000 ₸ в июле нет (колено 3). Деньги остаются.",Конечный получатель,,3,False,2,0,250000.0,0.0,2,0,0.0,0,8,0,0.0,,2,0,0,0,,,keeps
100000003122817100,terminal,0.824,27,0.3365,"Получил 444 680 ₸ от 1 плательщика, исходящих от 5 000 ₸ в июле нет (колено 3). Деньги остаются.",Конечный получатель,,3,False,1,0,444680.0,0.0,1,0,0.0,0,7,0,0.0,,1,0,0,0,,,keeps
100000005357705100,peripheral,0.8,6,0.3365,"Вход 52 595 ₸ от 1 плательщика, выход 387 080 ₸ 4 получателям. Пороги ролей не достигнуты, признаков роли нет. Отдаёт больше, чем получил в выборке: есть источники вне данных.",Периферия,,3,False,1,4,52595.0,387080.0,1,5,7.3596,0,7,0,0.0001,0.2725,1,0,0,0,,,none
100000005505655100,peripheral,0.8,26,0.3364,"Вход 33 070 ₸ от 2 плательщиков, выход 20 000 ₸ 1 получателю. Пороги ролей не достигнуты, признаков роли нет.",Периферия,,1,False,2,1,33070.0,20000.0,2,1,0.6048,1,7,0,0.0003,1.0,1,0,1,0,,fast_transit;mutual_transfers,none
100000006788200100,peripheral,0.6,8,0.3363,"Вход 272 156 ₸ от 4 плательщиков, выход 64 500 ₸ 3 получателям. Пороги ролей не достигнуты, признаков роли нет.",Периферия,,1,False,4,3,272155.8,64500.0,4,4,0.237,1,7,0,0.0001,,1,0,0,0,,,none
100000008659950100,terminal,0.695,5,0.3362,"Получил 246 000 ₸ от 1 плательщика, исходящих от 5 000 ₸ в июле нет (колено 3). Деньги остаются.",Конечный получатель,,3,False,1,0,246000.0,0.0,1,0,0.0,0,8,0,0.0,,1,0,0,0,,,keeps
100000004948177100,terminal,0.82,4,0.3361,"Получил 437 163 ₸ от 3 плательщиков, исходящих от 5 000 ₸ в июле нет (колено 1). Деньги остаются.",Конечный получатель,,1,False,3,0,437163.0,0.0,8,0,0.0,1,7,0,0.0,,1,0,0,0,,,keeps
100000005539910100,peripheral,0.9,3,0.3361,"Вход 102 000 ₸ от 1 плательщика, выход 22 000 ₸ 2 получателям. Пороги ролей не достигнуты, признаков роли нет.",Периферия,,2,False,1,2,102000.0,22000.0,1,2,0.2157,0,10,0,0.0,,1,0,0,0,,,none
100000005367445100,transit,1.0,5,0.3359,"Получил 5 000 ₸ от 1 плательщика, передал дальше 100% (5 000 ₸) 1 получателю; 100% ушло в течение 2 дней. Признаки транзита.",Транзит,,3,False,1,1,5000.0,5000.0,1,1,1.0,0,9,0,0.0,1.0,1,0,1,0,,fast_transit;mutual_transfers,pass_through
100000004004621100,terminal,0.5,11,0.3357,"Получил 75 389 ₸ от 3 плательщиков, исходящих от 5 000 ₸ в июле нет (колено 1). Деньги остаются.",Конечный получатель,,1,False,3,0,75389.0,0.0,3,0,0.0,1,10,0,0.0,,2,0,0,0,,,keeps
100000008571243100,terminal,0.564,9,0.3356,"Получил 134 000 ₸ от 1 плательщика, исходящих от 5 000 ₸ в июле нет (колено 3). Деньги остаются.",Конечный получатель,,3,False,1,0,134000.0,0.0,1,0,0.0,0,9,0,0.0,,1,0,0,0,,,keeps
100000002954780100,terminal,0.563,5,0.3355,"Получил 133 400 ₸ от 1 плательщика, исходящих от 5 000 ₸ в июле нет (колено 3). Деньги остаются.",Конечный получатель,,3,False,1,0,133400.0,0.0,1,0,0.0,0,9,0,0.0,,1,0,0,0,,,keeps
100000008647905100,peripheral,0.9,17,0.3355,"Вход 50 000 ₸ от 1 плательщика, выход 344 222 ₸ 2 получателям. Пороги ролей не достигнуты, признаков роли нет. Отдаёт больше, чем получил в выборке: есть источники вне данных.",Периферия,,2,False,1,2,50000.0,344222.0,1,2,6.8844,0,7,0,0.0,0.6705,1,0,0,0,,fast_transit,none
100000001674850100,terminal,0.687,5,0.3354,"Получил 237 000 ₸ от 2 плательщиков, исходящих от 5 000 ₸ в июле нет (колено 3). Деньги остаются.",Конечный получатель,,3,False,2,0,237000.0,0.0,2,0,0.0,0,8,0,0.0,,2,0,0,0,,,keeps
100000002632742100,terminal,0.686,5,0.3352,"Получил 235 500 ₸ от 2 плательщиков, исходящих от 5 000 ₸ в июле нет (колено 3). Деньги остаются.",Конечный получатель,,3,False,2,0,235500.0,0.0,2,0,0.0,0,8,0,0.0,,1,0,0,0,,,keeps
100000000552584100,terminal,1.0,24,0.3351,"Получил 2,50 млн ₸ от 1 плательщика, дальше ушло только 2%. Деньги остаются.",Конечный получатель,,3,False,1,1,2500000.0,57500.0,3,1,0.023,0,2,1,0.0,,1,2,0,0,,cycle,keeps
100000002596035100,terminal,0.682,10,0.3348,"Получил 231 570 ₸ от 1 плательщика, исходящих от 5 000 ₸ в июле нет (колено 1). Деньги остаются.",Конечный получатель,,1,False,1,0,231570.0,0.0,1,0,0.0,1,8,0,0.0,,1,0,0,0,,,keeps
100000008625905100,peripheral,0.9,58,0.3342,"Вход 197 800 ₸ от 1 плательщика, выход 635 000 ₸ 2 получателям. Пороги ролей не достигнуты, признаков роли нет. Отдаёт больше, чем получил в выборке: есть источники вне данных.",Периферия,,3,False,1,2,197800.0,635000.0,1,2,3.2103,0,7,0,0.0,,1,0,0,0,,,none
100000000821507100,terminal,0.801,31,0.3341,"Получил 400 000 ₸ от 1 плательщика, исходящих от 5 000 ₸ в июле нет (колено 2). Деньги остаются.",Конечный получатель,,2,False,1,0,400000.0,0.0,1,0,0.0,0,7,0,0.0,,1,0,0,0,,,keeps
100000003795588100,terminal,0.801,2,0.3341,"Получил 400 000 ₸ от 1 плательщика, исходящих от 5 000 ₸ в июле нет (колено 3). Деньги остаются.",Конечный получатель,,3,False,1,0,400000.0,0.0,2,0,0.0,0,7,0,0.0,,1,0,0,0,,,keeps
100000008531186100,terminal,0.548,3,0.334,"Получил 125 000 ₸ от 1 плательщика, исходящих от 5 000 ₸ в июле нет (колено 2). Деньги остаются.",Конечный получатель,,2,False,1,0,125000.0,0.0,1,0,0.0,0,9,0,0.0,,1,0,0,0,,,keeps
100000001009583100,terminal,0.798,7,0.3337,"Получил 393 740 ₸ от 1 плательщика, исходящих от 5 000 ₸ в июле нет (колено 3). Деньги остаются.",Конечный получатель,,3,False,1,0,393740.0,0.0,1,0,0.0,0,7,0,0.0,,1,0,0,0,,,keeps
100000007647294100,terminal,0.793,36,0.3332,"Получил 385 000 ₸ от 1 плательщика, исходящих от 5 000 ₸ в июле нет (колено 3). Деньги остаются.",Конечный получатель,,3,False,1,0,385000.0,0.0,1,0,0.0,0,7,0,0.0,,1,0,0,0,,,keeps
100000001140785100,terminal,0.666,5,0.3331,"Получил 215 000 ₸ от 2 плательщиков, исходящих от 5 000 ₸ в июле нет (колено 3). Деньги остаются.",Конечный получатель,,3,False,2,0,215000.0,0.0,2,0,0.0,0,8,0,0.0,,2,0,0,0,,,keeps
100000004715209100,peripheral,0.75,5,0.333,"Вход 5 000 ₸ от 1 плательщика, выход 350 450 ₸ 5 получателям. Пороги ролей не достигнуты, признаков роли нет. Отдаёт больше, чем получил в выборке: есть источники вне данных.",Периферия,,3,False,1,5,5000.0,350450.0,1,17,70.09,0,7,0,0.0001,0.1278,1,0,1,0,,mutual_transfers,none
100000002152857100,peripheral,0.75,28,0.3328,"Вход 105 000 ₸ от 1 плательщика, выход 1,23 млн ₸ 5 получателям. Пороги ролей не достигнуты, признаков роли нет. Отдаёт больше, чем получил в выборке: есть источники вне данных.",Периферия,,1,False,1,5,105000.0,1230000.0,1,6,11.7143,1,1,0,0.0003,0.5854,1,0,0,0,,fast_transit,none
100000002958139100,terminal,0.661,5,0.3325,"Получил 209 500 ₸ от 1 плательщика, исходящих от 5 000 ₸ в июле нет (колено 3). Деньги остаются.",Конечный получатель,,3,False,1,0,209500.0,0.0,2,0,0.0,0,8,0,0.0,,1,0,0,0,,,keeps
100000004662806100,peripheral,0.8,12,0.3325,"Вход 106 585 ₸ от 2 плательщиков, выход 59 900 ₸ 2 получателям. Пороги ролей не достигнуты, признаков роли нет.",Периферия,,1,False,2,2,106585.0,59900.0,2,3,0.562,1,8,0,0.0,1.0,1,0,0,0,,fast_transit,none
100000002712416100,terminal,0.534,13,0.3324,"Получил 116 800 ₸ от 2 плательщиков, исходящих от 5 000 ₸ в июле нет (колено 3). Деньги остаются.",Конечный получатель,,3,False,2,0,116800.0,0.0,2,0,0.0,0,9,0,0.0,,1,0,0,0,,,keeps
100000005133757100,terminal,0.5,6,0.3323,"Получил 65 000 ₸ от 2 плательщиков, исходящих от 5 000 ₸ в июле нет (колено 1). Деньги остаются.",Конечный получатель,,1,False,2,0,65000.0,0.0,2,0,0.0,1,10,0,0.0,,1,0,0,0,,,keeps
100000005634552100,peripheral,0.85,2,0.3321,"Вход 25 850 ₸ от 1 плательщика, выход 1,20 млн ₸ 3 получателям. Пороги ролей не достигнуты, признаков роли нет. Отдаёт больше, чем получил в выборке: есть источники вне данных.",Периферия,,1,False,1,3,25850.0,1196000.0,1,4,46.2669,1,7,0,0.0,,1,0,0,0,,,none
100000002530224100,terminal,0.527,5,0.3317,"Получил 113 000 ₸ от 1 плательщика, исходящих от 5 000 ₸ в июле нет (колено 3). Деньги остаются.",Конечный получатель,,3,False,1,0,113000.0,0.0,1,0,0.0,0,9,0,0.0,,1,0,0,0,,,keeps
100000005584222100,peripheral,0.8,2,0.3317,"Вход 192 717 ₸ от 2 плательщиков, выход 108 587 ₸ 2 получателям. Пороги ролей не достигнуты, признаков роли нет.",Периферия,,1,False,2,2,192717.0,108587.0,6,3,0.5635,1,7,0,0.0,0.8619,1,0,1,0,,fast_transit;mutual_transfers,none
100000002878467100,terminal,0.651,5,0.3315,"Получил 200 000 ₸ от 2 плательщиков, исходящих от 5 000 ₸ в июле нет (колено 3). Деньги остаются.",Конечный получатель,,3,False,2,0,200000.0,0.0,2,0,0.0,0,8,0,0.0,,1,0,0,0,,,keeps
100000002964966100,terminal,0.651,3,0.3315,"Получил 200 000 ₸ от 1 плательщика, исходящих от 5 000 ₸ в июле нет (колено 2). Деньги остаются.",Конечный получатель,,2,False,1,0,200000.0,0.0,1,0,0.0,0,8,0,0.0,,1,0,0,0,,,keeps
100000002720627100,terminal,0.65,10,0.3314,"Получил 199 300 ₸ от 1 плательщика, исходящих от 5 000 ₸ в июле нет (колено 1). Деньги остаются.",Конечный получатель,,1,False,1,0,199300.0,0.0,1,0,0.0,1,8,0,0.0,,1,0,0,0,,,keeps
100000003557488100,peripheral,0.9,32,0.3312,"Вход 664 992 ₸ от 1 плательщика, выход 138 000 ₸ 2 получателям. Пороги ролей не достигнуты, признаков роли нет.",Периферия,,3,False,1,2,664992.0,138000.0,3,4,0.2075,0,7,0,0.0,0.8551,1,0,1,0,,fast_transit;mutual_transfers,none
100000004539443100,terminal,0.5,3,0.3312,"Получил 61 990 ₸ от 2 плательщиков, исходящих от 5 000 ₸ в июле нет (колено 3). Деньги остаются.",Конечный получатель,,3,False,2,0,61990.0,0.0,2,0,0.0,0,10,0,0.0,,2,0,0,0,,,keeps
100000008295429100,terminal,0.773,7,0.3311,"Получил 352 000 ₸ от 1 плательщика, исходящих от 5 000 ₸ в июле нет (колено 3). Деньги остаются.",Конечный получатель,,3,False,1,0,352000.0,0.0,1,0,0.0,0,7,0,0.0,,1,0,0,0,,,keeps
100000002521039100,terminal,0.772,2,0.331,"Получил 349 370 ₸ от 1 плательщика, исходящих от 5 000 ₸ в июле нет (колено 3). Деньги остаются.",Конечный получатель,,3,False,1,0,349370.0,0.0,1,0,0.0,0,7,0,0.0,,1,0,0,0,,,keeps
100000003798151100,terminal,0.772,4,0.331,"Получил 350 000 ₸ от 1 плательщика, исходящих от 5 000 ₸ в июле нет (колено 2). Деньги остаются.",Конечный получатель,,2,False,1,0,350000.0,0.0,3,0,0.0,0,7,0,0.0,,1,0,0,0,,,keeps
100000001689968100,terminal,0.768,7,0.3306,"Получил 344 334 ₸ от 3 плательщиков, исходящих от 5 000 ₸ в июле нет (колено 3). Деньги остаются.",Конечный получатель,,3,False,3,0,344333.75,0.0,3,0,0.0,0,7,0,0.0,,1,0,0,0,,,keeps
100000002760175100,terminal,0.636,10,0.33,"Получил 187 410 ₸ от 1 плательщика, исходящих от 5 000 ₸ в июле нет (колено 1). Деньги остаются.",Конечный получатель,,1,False,1,0,187410.0,0.0,1,0,0.0,1,8,0,0.0,,1,0,0,0,,,keeps
100000000490383100,peripheral,0.6,4,0.3299,"Вход 62 600 ₸ от 3 плательщиков, выход 461 375 ₸ 8 получателям. Пороги ролей не достигнуты, признаков роли нет. Отдаёт больше, чем получил в выборке: есть источники вне данных.",Периферия,,2,False,3,8,62600.0,461375.0,3,9,7.3702,0,7,0,0.0001,0.0108,1,0,0,0,,,none
100000000795129100,terminal,0.761,15,0.3298,"Получил 332 000 ₸ от 1 плательщика, исходящих от 5 000 ₸ в июле нет (колено 2). Деньги остаются.",Конечный получатель,,2,False,1,0,332000.0,0.0,1,0,0.0,0,7,0,0.0,,1,0,0,0,,,keeps
100000005667841100,terminal,0.635,5,0.3298,"Получил 186 000 ₸ от 2 плательщиков, исходящих от 5 000 ₸ в июле нет (колено 3). Деньги остаются.",Конечный получатель,,3,False,2,0,186000.0,0.0,2,0,0.0,0,8,0,0.0,,2,0,0,0,,,keeps
100000008223756100,terminal,0.76,6,0.3298,"Получил 331 682 ₸ от 2 плательщиков, исходящих от 5 000 ₸ в июле нет (колено 3). Деньги остаются.",Конечный получатель,,3,False,2,0,331682.0,0.0,2,0,0.0,0,7,0,0.0,,1,0,0,0,,,keeps
100000004670388100,peripheral,0.9,51,0.3297,"Вход 160 354 ₸ от 1 плательщика, выход 720 000 ₸ 2 получателям. Пороги ролей не достигнуты, признаков роли нет. Отдаёт больше, чем получил в выборке: есть источники вне данных.",Периферия,,3,False,1,2,160354.0,720000.0,1,4,4.4901,0,7,0,0.0,0.5278,1,0,1,0,,fast_transit;mutual_transfers,none
100000004664905100,terminal,0.759,4,0.3296,"Получил 329 020 ₸ от 2 плательщиков, исходящих от 5 000 ₸ в июле нет (колено 1). Деньги остаются.",Конечный получатель,,1,False,2,0,329020.0,0.0,4,0,0.0,1,7,0,0.0,,1,0,0,0,,,keeps
100000003457710100,peripheral,0.9,7,0.3295,"Вход 326 555 ₸ от 1 плательщика, выход 1,31 млн ₸ 1 получателю. Пороги ролей не достигнуты, признаков роли нет. Отдаёт больше, чем получил в выборке: есть источники вне данных.",Периферия,,3,False,1,1,326555.0,1306000.0,1,2,3.9993,0,7,0,0.0,1.0,1,0,0,0,,fast_transit,none
100000000764836100,peripheral,0.9,6,0.3294,"Вход 251 716 ₸ от 1 плательщика, выход 50 000 ₸ 2 получателям. Пороги ролей не достигнуты, признаков роли нет.",Периферия,,3,False,1,2,251716.0,50000.0,1,2,0.1986,0,7,0,0.0,0.5,1,0,0,0,,fast_transit,none
100000003920950100,terminal,0.755,8,0.3292,"Получил 323 290 ₸ от 1 плательщика, исходящих от 5 000 ₸ в июле нет (колено 3). Деньги остаются.",Конечный получатель,,3,False,1,0,323290.0,0.0,1,0,0.0,0,7,0,0.0,,1,0,0,0,,,keeps
100000000569479100,terminal,0.753,6,0.3289,"Получил 320 000 ₸ от 1 плательщика, исходящих от 5 000 ₸ в июле нет (колено 3). Деньги остаются.",Конечный получатель,,3,False,1,0,320000.0,0.0,1,0,0.0,0,7,0,0.0,,1,0,0,0,,,keeps
100000002633108100,terminal,0.753,14,0.3289,"Получил 320 000 ₸ от 1 плательщика, исходящих от 5 000 ₸ в июле нет (колено 3). Деньги остаются.",Конечный получатель,,3,False,1,0,320000.0,0.0,3,0,0.0,0,7,0,0.0,,1,0,0,0,,,keeps
100000003147719100,terminal,0.5,5,0.3289,"Получил 100 000 ₸ от 1 плательщика, исходящих от 5 000 ₸ в июле нет (колено 3). Деньги остаются.",Конечный получатель,,3,False,1,0,100000.0,0.0,1,0,0.0,0,9,0,0.0,,1,0,0,0,,,keeps
100000004671609100,terminal,0.5,13,0.3289,"Получил 100 000 ₸ от 1 плательщика, исходящих от 5 000 ₸ в июле нет (колено 3). Деньги остаются.",Конечный получатель,,3,False,1,0,100000.0,0.0,1,0,0.0,0,9,0,0.0,,1,0,0,0,,,keeps
100000008332511100,terminal,0.5,8,0.3289,"Получил 100 000 ₸ от 1 плательщика, исходящих от 5 000 ₸ в июле нет (колено 3). Деньги остаются.",Конечный получатель,,3,False,1,0,100000.0,0.0,1,0,0.0,0,9,0,0.0,,1,0,0,0,,,keeps
100000008417029100,terminal,0.5,5,0.3289,"Получил 100 000 ₸ от 1 плательщика, исходящих от 5 000 ₸ в июле нет (колено 3). Деньги остаются.",Конечный получатель,,3,False,1,0,100000.0,0.0,1,0,0.0,0,9,0,0.0,,1,0,0,0,,,keeps
100000003060517100,terminal,0.75,16,0.3287,"Получил 315 955 ₸ от 1 плательщика, исходящих от 5 000 ₸ в июле нет (колено 3). Деньги остаются.",Конечный получатель,,3,False,1,0,315955.0,0.0,1,0,0.0,0,7,0,0.0,,1,0,0,0,,,keeps
100000005475379100,peripheral,0.85,10,0.3281,"Вход 108 370 ₸ от 1 плательщика, выход 81 000 ₸ 3 получателям. Пороги ролей не достигнуты, признаков роли нет.",Периферия,,3,False,1,3,108370.0,81000.0,1,3,0.7474,0,8,1,0.0001,,1,0,0,0,,,none
100000002943472100,terminal,0.615,5,0.3277,"Получил 170 000 ₸ от 1 плательщика, исходящих от 5 000 ₸ в июле нет (колено 3). Деньги остаются.",Конечный получатель,,3,False,1,0,170000.0,0.0,1,0,0.0,0,8,0,0.0,,1,0,0,0,,,keeps
100000005498992100,distributor,0.56,9,0.3277,"seed. Рассылает 16 получателям 2,26 млн ₸, в среднем 141 429 ₸ на получателя; входящих плательщиков 0. Признаки веерного распределения.",Распределитель (веер),,0,True,0,16,0.0,2262868.0,0,19,,0,0,0,0.0,,0,0,0,0,,seed,fan_out
100000008468762100,terminal,0.615,21,0.3277,"Получил 170 000 ₸ от 2 плательщиков, исходящих от 5 000 ₸ в июле нет (колено 3). Деньги остаются.",Конечный получатель,,3,False,2,0,170000.0,0.0,2,0,0.0,0,8,0,0.0,,2,0,0,0,,,keeps
100000002556775100,terminal,0.739,7,0.3275,"Получил 300 000 ₸ от 1 плательщика, исходящих от 5 000 ₸ в июле нет (колено 3). Деньги остаются.",Конечный получатель,,3,False,1,0,300000.0,0.0,1,0,0.0,0,7,0,0.0,,1,0,0,0,,,keeps
100000002911170100,terminal,0.739,31,0.3275,"Получил 300 000 ₸ от 1 плательщика, исходящих от 5 000 ₸ в июле нет (колено 2). Деньги остаются.",Конечный получатель,,2,False,1,0,300000.0,0.0,2,0,0.0,0,7,0,0.0,,1,0,0,0,,,keeps
100000002513028100,peripheral,0.85,60,0.3269,"Вход 9 500 ₸ от 1 плательщика, выход 332 709 ₸ 3 получателям. Пороги ролей не достигнуты, признаков роли нет. Отдаёт больше, чем получил в выборке: есть источники вне данных.",Периферия,,3,False,1,3,9500.0,332709.0,1,24,35.022,0,7,1,0.0001,,1,0,0,0,,,none
100000002956898100,terminal,0.731,15,0.3267,"Получил 290 240 ₸ от 2 плательщиков, исходящих от 5 000 ₸ в июле нет (колено 2). Деньги остаются.",Конечный получатель,,2,False,2,0,290240.0,0.0,2,0,0.0,0,7,0,0.0,,1,0,0,0,,,keeps
100000001126374100,peripheral,0.6,2,0.3265,"Вход 182 500 ₸ от 4 плательщиков, выход 29 200 ₸ 2 получателям. Пороги ролей не достигнуты, признаков роли нет.",Периферия,,1,False,4,2,182500.0,29200.0,7,4,0.16,1,7,0,0.0,0.7534,1,0,0,0,,fast_transit,none
100000003042994100,terminal,0.728,4,0.3264,"Получил 286 086 ₸ от 1 плательщика, исходящих от 5 000 ₸ в июле нет (колено 1). Деньги остаются.",Конечный получатель,,1,False,1,0,286086.0,0.0,3,0,0.0,1,7,0,0.0,,1,0,0,0,,,keeps
100000002691583100,terminal,0.728,27,0.3263,"Получил 285 200 ₸ от 1 плательщика, исходящих от 5 000 ₸ в июле нет (колено 3). Деньги остаются.",Конечный получатель,,3,False,1,0,285200.0,0.0,1,0,0.0,0,7,0,0.0,,1,0,0,0,,,keeps
100000004559194100,terminal,0.725,4,0.3261,"Получил 282 145 ₸ от 1 плательщика, исходящих от 5 000 ₸ в июле нет (колено 1). Деньги остаются.",Конечный получатель,,1,False,1,0,282145.0,0.0,6,0,0.0,1,7,0,0.0,,1,0,0,0,,,keeps
100000001346560100,peripheral,0.8,3,0.3259,"Вход 10 000 ₸ от 2 плательщиков, выход 22 200 ₸ 1 получателю. Пороги ролей не достигнуты, признаков роли нет. Отдаёт больше, чем получил в выборке: есть источники вне данных.",Периферия,,2,False,2,1,10000.0,22200.0,2,1,2.22,0,11,1,0.0,1.0,1,0,0,0,,fast_transit,none
100000003321895100,peripheral,0.9,62,0.3258,"Вход 24 000 ₸ от 1 плательщика, выход 553 830 ₸ 2 получателям. Пороги ролей не достигнуты, признаков роли нет. Отдаёт больше, чем получил в выборке: есть источники вне данных.",Периферия,,3,False,1,2,24000.0,553830.0,1,3,23.0763,0,7,0,0.0,,1,0,0,0,,,none
100000007131370100,transit,1.0,15,0.3255,"Получил 30 000 ₸ от 1 плательщика, передал дальше 100% (30 000 ₸) 1 получателю. Признаки транзита.",Транзит,,3,False,1,1,30000.0,30000.0,1,1,1.0,0,7,0,0.0,,1,0,1,0,,mutual_transfers,pass_through
100000007864477100,peripheral,0.7,2,0.3255,"Вход 76 000 ₸ от 2 плательщиков, выход 203 500 ₸ 6 получателям. Пороги ролей не достигнуты, признаков роли нет. Отдаёт больше, чем получил в выборке: есть источники вне данных.",Периферия,,3,False,2,6,76000.0,203500.0,2,10,2.6776,0,7,0,0.0001,0.371,1,0,0,0,,,none
100000003286537100,terminal,0.592,5,0.3253,"Получил 153 000 ₸ от 2 плательщиков, исходящих от 5 000 ₸ в июле нет (колено 3). Деньги остаются.",Конечный получатель,,3,False,2,0,153000.0,0.0,2,0,0.0,0,8,0,0.0,,2,0,0,0,,,keeps
100000004889043100,terminal,0.717,2,0.3252,"Получил 272 000 ₸ от 2 плательщиков, исходящих от 5 000 ₸ в июле нет (колено 3). Деньги остаются.",Конечный получатель,,3,False,2,0,272000.0,0.0,4,0,0.0,0,7,0,0.0,,2,0,0,0,,,keeps
100000002663511100,terminal,0.715,2,0.3249,"Получил 268 940 ₸ от 1 плательщика, исходящих от 5 000 ₸ в июле нет (колено 3). Деньги остаются.",Конечный получатель,,3,False,1,0,268940.0,0.0,1,0,0.0,0,7,0,0.0,,1,0,0,0,,,keeps
100000003089553100,terminal,0.588,5,0.3249,"Получил 150 000 ₸ от 1 плательщика, исходящих от 5 000 ₸ в июле нет (колено 3). Деньги остаются.",Конечный получатель,,3,False,1,0,150000.0,0.0,1,0,0.0,0,8,0,0.0,,1,0,0,0,,,keeps
100000007334196100,terminal,0.588,10,0.3249,"Получил 150 002 ₸ от 1 плательщика, исходящих от 5 000 ₸ в июле нет (колено 1). Деньги остаются.",Конечный получатель,,1,False,1,0,150002.0,0.0,1,0,0.0,1,8,0,0.0,,1,0,0,0,,,keeps
100000002736316100,terminal,0.713,2,0.3248,"Получил 266 921 ₸ от 3 плательщиков, исходящих от 5 000 ₸ в июле нет (колено 3). Деньги остаются.",Конечный получатель,,3,False,3,0,266921.0,0.0,3,0,0.0,0,7,0,0.0,,2,0,0,0,,,keeps
100000002529880100,terminal,0.584,5,0.3244,"Получил 147 000 ₸ от 2 плательщиков, исходящих от 5 000 ₸ в июле нет (колено 3). Деньги остаются.",Конечный получатель,,3,False,2,0,147000.0,0.0,2,0,0.0,0,8,0,0.0,,2,0,0,0,,,keeps
100000005409156100,terminal,0.708,7,0.3242,"Получил 260 080 ₸ от 2 плательщиков, исходящих от 5 000 ₸ в июле нет (колено 3). Деньги остаются.",Конечный получатель,,3,False,2,0,260080.0,0.0,2,0,0.0,0,7,0,0.0,,1,0,0,0,,,keeps
100000004877085100,peripheral,0.85,11,0.3235,"Вход 25 000 ₸ от 1 плательщика, выход 95 600 ₸ 3 получателям. Пороги ролей не достигнуты, признаков роли нет. Отдаёт больше, чем получил в выборке: есть источники вне данных.",Периферия,,3,False,1,3,25000.0,95600.0,1,9,3.824,0,7,0,0.0001,0.7071,1,0,0,0,,fast_transit,none
100000008254069100,peripheral,0.75,19,0.3235,"Вход 10 200 ₸ от 1 плательщика, выход 107 500 ₸ 5 получателям. Пороги ролей не достигнуты, признаков роли нет. Отдаёт больше, чем получил в выборке: есть источники вне данных.",Периферия,,2,False,1,5,10200.0,107500.0,2,6,10.5392,0,8,0,0.0001,0.093,1,0,1,0,,mutual_transfers,none
100000000993112100,terminal,0.575,33,0.3234,"Получил 141 000 ₸ от 1 плательщика, исходящих от 5 000 ₸ в июле нет (колено 2). Деньги остаются.",Конечный получатель,,2,False,1,0,141000.0,0.0,1,0,0.0,0,8,0,0.0,,1,0,0,0,,,keeps
100000001714413100,terminal,0.699,7,0.3233,"Получил 250 172 ₸ от 1 плательщика, исходящих от 5 000 ₸ в июле нет (колено 3). Деньги остаются.",Конечный получатель,,3,False,1,0,250172.0,0.0,1,0,0.0,0,7,0,0.0,,1,0,0,0,,,keeps
100000005022552100,terminal,0.691,4,0.3229,"Получил 241 000 ₸ от 1 плательщика, дальше ушло только 2%. Деньги остаются.",Конечный получатель,,3,False,1,1,241000.0,5000.0,3,1,0.0207,0,7,0,0.0,,1,0,0,0,,,keeps
100000002704875100,terminal,0.694,6,0.3228,"Получил 244 891 ₸ от 3 плательщиков, исходящих от 5 000 ₸ в июле нет (колено 1). Деньги остаются.",Конечный получатель,,1,False,3,0,244891.0,0.0,4,0,0.0,1,7,0,0.0,,1,0,0,0,,,keeps
100000003149149100,terminal,0.695,7,0.3228,"Получил 245 000 ₸ от 1 плательщика, исходящих от 5 000 ₸ в июле нет (колено 3). Деньги остаются.",Конечный получатель,,3,False,1,0,245000.0,0.0,1,0,0.0,0,7,0,0.0,,1,0,0,0,,,keeps
100000005844459100,terminal,0.693,2,0.3227,"Получил 243 400 ₸ от 2 плательщиков, исходящих от 5 000 ₸ в июле нет (колено 1). Деньги остаются.",Конечный получатель,,1,False,2,0,243400.0,0.0,2,0,0.0,1,7,0,0.0,,1,0,0,0,,,keeps
100000004790991100,terminal,0.69,4,0.3223,"Получил 239 413 ₸ от 1 плательщика, исходящих от 5 000 ₸ в июле нет (колено 1). Деньги остаются.",Конечный получатель,,1,False,1,0,239413.0,0.0,4,0,0.0,1,7,0,0.0,,1,0,0,0,,,keeps
100000003057225100,terminal,0.686,4,0.3219,"Получил 236 000 ₸ от 1 плательщика, исходящих от 5 000 ₸ в июле нет (колено 1). Деньги остаются.",Конечный получатель,,1,False,1,0,236000.0,0.0,1,0,0.0,1,7,0,0.0,,1,0,0,0,,,keeps
100000008279405100,terminal,0.685,6,0.3218,"Получил 234 738 ₸ от 1 плательщика, исходящих от 5 000 ₸ в июле нет (колено 3). Деньги остаются.",Конечный получатель,,3,False,1,0,234738.0,0.0,2,0,0.0,0,7,0,0.0,,1,0,0,0,,,keeps
100000008430691100,peripheral,0.9,70,0.3218,"Вход 20 000 ₸ от 1 плательщика, выход 604 900 ₸ 2 получателям. Пороги ролей не достигнуты, признаков роли нет. Отдаёт больше, чем получил в выборке: есть источники вне данных.",Периферия,,3,False,1,2,20000.0,604900.0,1,2,30.245,0,7,0,0.0,0.9669,1,0,1,0,,fast_transit;mutual_transfers,none
100000001222263100,peripheral,0.9,7,0.3217,"Вход 745 570 ₸ от 1 плательщика, выход 420 000 ₸ 1 получателю. Пороги ролей не достигнуты, признаков роли нет.",Периферия,,3,False,1,1,745570.0,420000.0,1,5,0.5633,0,7,0,0.0,0.7143,1,0,0,0,,fast_transit,none
100000004659919100,peripheral,0.9,52,0.3214,"Вход 110 000 ₸ от 1 плательщика, выход 39 000 ₸ 1 получателю. Пороги ролей не достигнуты, признаков роли нет.",Периферия,,3,False,1,1,110000.0,39000.0,2,1,0.3545,0,10,0,0.0,,1,0,0,0,,,none
100000008676812100,terminal,0.682,17,0.3214,"Получил 230 800 ₸ от 1 плательщика, исходящих от 5 000 ₸ в июле нет (колено 3). Деньги остаются.",Конечный получатель,,3,False,1,0,230800.0,0.0,1,0,0.0,0,7,0,0.0,,1,0,0,0,,,keeps
100000003050771100,terminal,0.68,11,0.3213,"Получил 229 000 ₸ от 1 плательщика, исходящих от 5 000 ₸ в июле нет (колено 3). Деньги остаются.",Конечный получатель,,3,False,1,0,229000.0,0.0,1,0,0.0,0,7,0,0.0,,1,0,0,0,,,keeps
100000006209210100,terminal,0.68,8,0.3213,"Получил 229 111 ₸ от 1 плательщика, исходящих от 5 000 ₸ в июле нет (колено 3). Деньги остаются.",Конечный получатель,,3,False,1,0,229111.0,0.0,1,0,0.0,0,7,0,0.0,,1,0,0,0,,,keeps
100000002592567100,peripheral,0.9,4,0.3212,"Вход 5 297 ₸ от 1 плательщика, выход 48 600 ₸ 2 получателям. Пороги ролей не достигнуты, признаков роли нет. Отдаёт больше, чем получил в выборке: есть источники вне данных.",Периферия,,1,False,1,2,5297.0,48600.0,1,2,9.175,1,7,0,0.0007,,1,0,0,0,,,none
100000002531406100,transit,0.904,20,0.321,"Получил 520 000 ₸ от 1 плательщика, передал дальше 96% (500 000 ₸) 1 получателю. Признаки транзита.",Транзит,,3,False,1,1,520000.0,500000.0,1,1,0.9615,0,1,0,0.0,,1,0,0,0,,,pass_through
100000002710570100,terminal,0.676,32,0.3208,"Получил 225 015 ₸ от 1 плательщика, исходящих от 5 000 ₸ в июле нет (колено 2). Деньги остаются.",Конечный получатель,,2,False,1,0,225015.0,0.0,1,0,0.0,0,7,0,0.0,,1,0,0,0,,,keeps
100000001066017100,peripheral,0.8,2,0.3205,"Вход 136 123 ₸ от 2 плательщиков, выход 82 500 ₸ 4 получателям. Пороги ролей не достигнуты, признаков роли нет.",Периферия,,3,False,2,4,136123.0,82500.0,3,4,0.6061,0,7,0,0.0001,0.1879,1,0,0,0,,,none
100000005314565100,terminal,0.67,2,0.3202,"Получил 218 500 ₸ от 1 плательщика, исходящих от 5 000 ₸ в июле нет (колено 3). Деньги остаются.",Конечный получатель,,3,False,1,0,218500.0,0.0,3,0,0.0,0,7,0,0.0,,1,0,0,0,,,keeps
100000007281639100,terminal,0.668,4,0.32,"Получил 216 770 ₸ от 2 плательщиков, исходящих от 5 000 ₸ в июле нет (колено 1). Деньги остаются.",Конечный получатель,,1,False,2,0,216770.0,0.0,4,0,0.0,1,7,0,0.0,,1,0,0,0,,,keeps
100000007242833100,peripheral,0.9,12,0.3197,"Вход 107 500 ₸ от 1 плательщика, выход 45 000 ₸ 1 получателю. Пороги ролей не достигнуты, признаков роли нет.",Периферия,,2,False,1,1,107500.0,45000.0,3,2,0.4186,0,9,1,0.0,1.0,1,0,0,0,,fast_transit,none
100000008077552100,terminal,0.665,6,0.3197,"Получил 214 000 ₸ от 1 плательщика, исходящих от 5 000 ₸ в июле нет (колено 3). Деньги остаются.",Конечный получатель,,3,False,1,0,214000.0,0.0,1,0,0.0,0,7,0,0.0,,1,0,0,0,,,keeps
100000000723383100,peripheral,0.9,22,0.3195,"Вход 6 800 ₸ от 1 плательщика, выход 75 000 ₸ 2 получателям. Пороги ролей не достигнуты, признаков роли нет. Отдаёт больше, чем получил в выборке: есть источники вне данных.",Периферия,,2,False,1,2,6800.0,75000.0,1,2,11.0294,0,7,0,0.0002,,1,0,0,0,,,none
100000008293431100,peripheral,0.75,2,0.3193,"Вход 15 000 ₸ от 1 плательщика, выход 297 000 ₸ 5 получателям. Пороги ролей не достигнуты, признаков роли нет. Отдаёт больше, чем получил в выборке: есть источники вне данных.",Периферия,,3,False,1,5,15000.0,297000.0,1,7,19.8,0,7,0,0.0001,,1,0,1,0,,mutual_transfers,none
100000008680731100,distributor,0.67,12,0.3192,"seed. Рассылает 27 получателям 1,46 млн ₸, в среднем 54 235 ₸ на получателя; входящих плательщиков 0. Признаки веерного распределения.",Распределитель (веер),,0,True,0,27,0.0,1464354.0,0,28,,0,0,0,0.0,,0,0,0,0,,seed,fan_out
100000008472324100,terminal,0.656,7,0.3187,"Получил 205 200 ₸ от 1 плательщика, исходящих от 5 000 ₸ в июле нет (колено 3). Деньги остаются.",Конечный получатель,,3,False,1,0,205200.0,0.0,1,0,0.0,0,7,0,0.0,,1,0,0,0,,,keeps
100000004184158100,terminal,0.655,2,0.3186,"Получил 203 805 ₸ от 1 плательщика, исходящих от 5 000 ₸ в июле нет (колено 3). Деньги остаются.",Конечный получатель,,3,False,1,0,203805.0,0.0,1,0,0.0,0,7,0,0.0,,1,0,0,0,,,keeps
100000002755292100,terminal,0.654,7,0.3185,"Получил 203 400 ₸ от 1 плательщика, исходящих от 5 000 ₸ в июле нет (колено 3). Деньги остаются.",Конечный получатель,,3,False,1,0,203400.0,0.0,1,0,0.0,0,7,0,0.0,,1,0,0,0,,,keeps
100000001184915100,terminal,0.652,15,0.3183,"Получил 201 000 ₸ от 1 плательщика, исходящих от 5 000 ₸ в июле нет (колено 2). Деньги остаются.",Конечный получатель,,2,False,1,0,201000.0,0.0,2,0,0.0,0,7,0,0.0,,1,0,0,0,,,keeps
100000001822623100,terminal,0.652,23,0.3183,"Получил 201 300 ₸ от 1 плательщика, исходящих от 5 000 ₸ в июле нет (колено 2). Деньги остаются.",Конечный получатель,,2,False,1,0,201300.0,0.0,1,0,0.0,0,7,0,0.0,,1,0,0,0,,,keeps
100000002469065100,terminal,0.651,4,0.3181,"Получил 200 000 ₸ от 1 плательщика, исходящих от 5 000 ₸ в июле нет (колено 2). Деньги остаются.",Конечный получатель,,2,False,1,0,200000.0,0.0,1,0,0.0,0,7,0,0.0,,1,0,0,0,,,keeps
100000003292191100,terminal,0.525,21,0.3181,"Получил 112 000 ₸ от 1 плательщика, исходящих от 5 000 ₸ в июле нет (колено 3). Деньги остаются.",Конечный получатель,,3,False,1,0,112000.0,0.0,1,0,0.0,0,8,0,0.0,,1,0,0,0,,,keeps
100000003824464100,terminal,0.651,23,0.3181,"Получил 200 000 ₸ от 1 плательщика, исходящих от 5 000 ₸ в июле нет (колено 2). Деньги остаются.",Конечный получатель,,2,False,1,0,200000.0,0.0,1,0,0.0,0,7,0,0.0,,1,0,0,0,,,keeps
100000006567935100,terminal,0.651,31,0.3181,"Получил 200 000 ₸ от 1 плательщика, исходящих от 5 000 ₸ в июле нет (колено 2). Деньги остаются.",Конечный получатель,,2,False,1,0,200000.0,0.0,1,0,0.0,0,7,0,0.0,,1,0,0,0,,,keeps
100000008238989100,terminal,0.651,23,0.3181,"Получил 200 000 ₸ от 1 плательщика, исходящих от 5 000 ₸ в июле нет (колено 2). Деньги остаются.",Конечный получатель,,2,False,1,0,200000.0,0.0,2,0,0.0,0,7,0,0.0,,1,0,0,0,,,keeps
100000008568512100,terminal,0.65,7,0.3181,"Получил 199 640 ₸ от 1 плательщика, исходящих от 5 000 ₸ в июле нет (колено 3). Деньги остаются.",Конечный получатель,,3,False,1,0,199640.0,0.0,1,0,0.0,0,7,0,0.0,,1,0,0,0,,,keeps
100000002537811100,peripheral,0.9,10,0.318,"Вход 52 000 ₸ от 1 плательщика, выход 15 000 ₸ 1 получателю. Пороги ролей не достигнуты, признаков роли нет.",Периферия,,3,False,1,1,52000.0,15000.0,1,1,0.2885,0,11,0,0.0,,1,0,0,0,,,none
100000003360542100,peripheral,0.8,10,0.3178,"Вход 317 000 ₸ от 2 плательщиков, выход 51 800 ₸ 2 получателям. Пороги ролей не достигнуты, признаков роли нет.",Периферия,,2,False,2,2,317000.0,51800.0,3,5,0.1634,0,11,1,0.0,0.2992,1,2,1,0,,cycle;mutual_transfers,none
100000000076451100,peripheral,0.7,15,0.3175,"Вход 87 707 ₸ от 3 плательщиков, выход 58 000 ₸ 4 получателям. Пороги ролей не достигнуты, признаков роли нет.",Периферия,,2,False,3,4,87707.0,58000.0,4,4,0.6613,0,7,0,0.0001,0.2586,2,0,2,0,,mutual_transfers,none
100000008624978100,terminal,0.519,20,0.3175,"Получил 109 000 ₸ от 1 плательщика, исходящих от 5 000 ₸ в июле нет (колено 2). Деньги остаются.",Конечный получатель,,2,False,1,0,109000.0,0.0,1,0,0.0,0,8,0,0.0,,1,0,0,0,,,keeps
100000004417753100,terminal,0.642,3,0.3172,"Получил 192 099 ₸ от 2 плательщиков, исходящих от 5 000 ₸ в июле нет (колено 3). Деньги остаются.",Конечный получатель,,3,False,2,0,192099.0,0.0,2,0,0.0,0,7,0,0.0,,2,0,0,0,,,keeps
100000001600934100,terminal,0.628,6,0.3171,"Получил 180 300 ₸ от 1 плательщика, дальше ушло только 6%. Деньги остаются.",Конечный получатель,,3,False,1,1,180300.0,11000.0,2,1,0.061,0,7,0,0.0,,1,0,1,0,,mutual_transfers,keeps
100000002697752100,terminal,0.64,6,0.3171,"Получил 190 785 ₸ от 2 плательщиков, исходящих от 5 000 ₸ в июле нет (колено 3). Деньги остаются.",Конечный получатель,,3,False,2,0,190785.0,0.0,2,0,0.0,0,7,0,0.0,,1,0,0,0,,,keeps
100000003278020100,terminal,0.639,2,0.317,"Получил 190 000 ₸ от 1 плательщика, исходящих от 5 000 ₸ в июле нет (колено 2). Деньги остаются.",Конечный получатель,,2,False,1,0,190000.0,0.0,1,0,0.0,0,7,0,0.0,,1,0,0,0,,,keeps
100000004368189100,terminal,0.793,13,0.317,"Получил 384 600 ₸ от 1 плательщика, дальше ушло только 7%. Деньги остаются.",Конечный получатель,,3,False,1,2,384600.0,28200.0,1,2,0.0733,0,2,0,0.0,0.7695,1,0,0,0,,fast_transit,keeps
100000008238112100,terminal,0.639,7,0.317,"Получил 190 000 ₸ от 1 плательщика, исходящих от 5 000 ₸ в июле нет (колено 3). Деньги остаются.",Конечный получатель,,3,False,1,0,190000.0,0.0,1,0,0.0,0,7,0,0.0,,1,0,0,0,,,keeps
100000006532229100,terminal,0.511,5,0.3167,"Получил 105 000 ₸ от 1 плательщика, исходящих от 5 000 ₸ в июле нет (колено 3). Деньги остаются.",Конечный получатель,,3,False,1,0,105000.0,0.0,1,0,0.0,0,8,0,0.0,,1,0,0,0,,,keeps
100000001073568100,peripheral,0.9,14,0.3165,"Вход 707 465 ₸ от 1 плательщика, выход 219 503 ₸ 2 получателям. Пороги ролей не достигнуты, признаков роли нет.",Периферия,,3,False,1,2,707465.0,219503.0,4,3,0.3103,0,7,0,0.0,1.0,1,0,0,0,,fast_transit,none
100000004475818100,peripheral,0.85,7,0.3164,"Вход 13 000 ₸ от 1 плательщика, выход 53 989 ₸ 3 получателям. Пороги ролей не достигнуты, признаков роли нет. Отдаёт больше, чем получил в выборке: есть источники вне данных.",Периферия,,3,False,1,3,13000.0,53989.0,1,3,4.153,0,7,0,0.0001,1.0,1,0,1,0,,fast_transit;mutual_transfers,none
100000004904960100,terminal,0.5,2,0.316,"Получил 32 000 ₸ от 2 плательщиков, исходящих от 5 000 ₸ в июле нет (колено 2). Деньги остаются.",Конечный получатель,,2,False,2,0,32000.0,0.0,2,0,0.0,0,10,0,0.0,,1,0,0,0,,,keeps
100000003191430100,terminal,0.628,4,0.3157,"Получил 180 000 ₸ от 1 плательщика, исходящих от 5 000 ₸ в июле нет (колено 2). Деньги остаются.",Конечный получатель,,2,False,1,0,180000.0,0.0,1,0,0.0,0,7,0,0.0,,1,0,0,0,,,keeps
100000002877262100,terminal,0.5,5,0.3155,"Получил 100 000 ₸ от 1 плательщика, исходящих от 5 000 ₸ в июле нет (колено 3). Деньги остаются.",Конечный получатель,,3,False,1,0,100000.0,0.0,1,0,0.0,0,8,0,0.0,,1,0,0,0,,,keeps
100000003321423100,terminal,0.5,34,0.3155,"Получил 100 000 ₸ от 1 плательщика, исходящих от 5 000 ₸ в июле нет (колено 2). Деньги остаются.",Конечный получатель,,2,False,1,0,100000.0,0.0,2,0,0.0,0,8,0,0.0,,1,0,0,0,,,keeps
100000005241556100,terminal,0.5,20,0.3155,"Получил 100 000 ₸ от 1 плательщика, исходящих от 5 000 ₸ в июле нет (колено 3). Деньги остаются.",Конечный получатель,,3,False,1,0,100000.0,0.0,1,0,0.0,0,8,0,0.0,,1,0,0,0,,,keeps
100000008070101100,terminal,0.5,5,0.3155,"Получил 100 000 ₸ от 1 плательщика, исходящих от 5 000 ₸ в июле нет (колено 3). Деньги остаются.",Конечный получатель,,3,False,1,0,100000.0,0.0,1,0,0.0,0,8,0,0.0,,1,0,0,0,,,keeps
100000003509750100,transit,0.982,8,0.3154,"Получил 82 290 ₸ от 3 плательщиков, передал дальше 95% (78 400 ₸) 3 получателям; 74% ушло в течение 2 дней. Признаки транзита.",Транзит,,2,False,3,3,82290.0,78400.0,4,5,0.9527,0,1,0,0.0,0.7449,1,0,2,0,,fast_transit;mutual_transfers,pass_through
100000004588479100,terminal,0.625,4,0.3154,"Получил 177 633 ₸ от 1 плательщика, исходящих от 5 000 ₸ в июле нет (колено 1). Деньги остаются.",Конечный получатель,,1,False,1,0,177633.0,0.0,2,0,0.0,1,7,0,0.0,,1,0,0,0,,,keeps
100000001169666100,peripheral,0.9,9,0.3152,"Вход 220 000 ₸ от 1 плательщика, выход 24 000 ₸ 1 получателю. Пороги ролей не достигнуты, признаков роли нет.",Периферия,,3,False,1,1,220000.0,24000.0,2,1,0.1091,0,9,0,0.0,,1,0,0,0,,,none
100000001837130100,terminal,0.619,2,0.3148,"Получил 172 900 ₸ от 1 плательщика, исходящих от 5 000 ₸ в июле нет (колено 3). Деньги остаются.",Конечный получатель,,3,False,1,0,172900.0,0.0,1,0,0.0,0,7,0,0.0,,1,0,0,0,,,keeps
100000002481974100,peripheral,0.8,6,0.3148,"Вход 89 447 ₸ от 2 плательщиков, выход 318 000 ₸ 2 получателям. Пороги ролей не достигнуты, признаков роли нет. Отдаёт больше, чем получил в выборке: есть источники вне данных.",Периферия,,3,False,2,2,89447.0,318000.0,2,4,3.5552,0,7,0,0.0,0.1855,1,0,0,0,,,none
100000005222360100,peripheral,0.9,14,0.3147,"Вход 5 000 ₸ от 1 плательщика, выход 27 000 ₸ 1 получателю. Пороги ролей не достигнуты, признаков роли нет. Отдаёт больше, чем получил в выборке: есть источники вне данных.",Периферия,,3,False,1,1,5000.0,27000.0,1,1,5.4,0,7,0,0.0019,,1,0,0,0,,,none
100000002032323100,peripheral,0.9,5,0.3145,"Вход 300 000 ₸ от 1 плательщика, выход 1,05 млн ₸ 1 получателю. Пороги ролей не достигнуты, признаков роли нет. Отдаёт больше, чем получил в выборке: есть источники вне данных.",Периферия,,3,False,1,1,300000.0,1050000.0,1,2,3.5,0,7,0,0.0,0.2857,1,0,0,0,,,none
100000008356606100,terminal,0.613,11,0.3142,"Получил 168 500 ₸ от 2 плательщиков, исходящих от 5 000 ₸ в июле нет (колено 2). Деньги остаются.",Конечный получатель,,2,False,2,0,168500.0,0.0,2,0,0.0,0,7,0,0.0,,1,0,0,0,,,keeps
100000002570206100,terminal,0.611,16,0.314,"Получил 166 960 ₸ от 2 плательщиков, исходящих от 5 000 ₸ в июле нет (колено 2). Деньги остаются.",Конечный получатель,,2,False,2,0,166959.6,0.0,2,0,0.0,0,7,0,0.0,,1,0,0,0,,,keeps
100000004993576100,terminal,0.611,15,0.314,"Получил 167 000 ₸ от 1 плательщика, исходящих от 5 000 ₸ в июле нет (колено 2). Деньги остаются.",Конечный получатель,,2,False,1,0,167000.0,0.0,1,0,0.0,0,7,0,0.0,,1,0,0,0,,,keeps
100000001819396100,terminal,0.61,27,0.3139,"Получил 166 080 ₸ от 1 плательщика, исходящих от 5 000 ₸ в июле нет (колено 3). Деньги остаются.",Конечный получатель,,3,False,1,0,166080.0,0.0,1,0,0.0,0,7,0,0.0,,1,0,0,0,,,keeps
100000002581346100,terminal,0.611,7,0.3139,"Получил 166 400 ₸ от 1 плательщика, исходящих от 5 000 ₸ в июле нет (колено 3). Деньги остаются.",Конечный получатель,,3,False,1,0,166400.0,0.0,1,0,0.0,0,7,0,0.0,,1,0,0,0,,,keeps
100000002681544100,terminal,0.61,8,0.3139,"Получил 166 072 ₸ от 2 плательщиков, исходящих от 5 000 ₸ в июле нет (колено 3). Деньги остаются.",Конечный получатель,,3,False,2,0,166072.0,0.0,2,0,0.0,0,7,0,0.0,,2,0,0,0,,,keeps
100000002973903100,terminal,0.5,12,0.3138,"Получил 92 880 ₸ от 3 плательщиков, исходящих от 5 000 ₸ в июле нет (колено 1). Деньги остаются.",Конечный получатель,,1,False,3,0,92880.0,0.0,3,0,0.0,1,8,0,0.0,,1,0,0,0,,,keeps
100000001227106100,terminal,0.608,7,0.3137,"Получил 164 765 ₸ от 1 плательщика, исходящих от 5 000 ₸ в июле нет (колено 3). Деньги остаются.",Конечный получатель,,3,False,1,0,164765.0,0.0,1,0,0.0,0,7,0,0.0,,1,0,0,0,,,keeps
100000004114962100,terminal,0.609,7,0.3137,"Получил 165 000 ₸ от 2 плательщиков, исходящих от 5 000 ₸ в июле нет (колено 3). Деньги остаются.",Конечный получатель,,3,False,2,0,165000.0,0.0,2,0,0.0,0,7,0,0.0,,1,0,0,0,,,keeps
100000003823811100,peripheral,0.85,19,0.3135,"Вход 30 000 ₸ от 1 плательщика, выход 66 130 ₸ 3 получателям. Пороги ролей не достигнуты, признаков роли нет. Отдаёт больше, чем получил в выборке: есть источники вне данных.",Периферия,,2,False,1,3,30000.0,66130.0,1,3,2.2043,0,7,1,0.0001,,1,0,0,0,,,none
100000002212494100,terminal,0.602,32,0.313,"Получил 160 000 ₸ от 1 плательщика, исходящих от 5 000 ₸ в июле нет (колено 3). Деньги остаются.",Конечный получатель,,3,False,1,0,160000.0,0.0,1,0,0.0,0,7,0,0.0,,1,0,0,0,,,keeps
100000002826669100,terminal,0.602,2,0.313,"Получил 159 900 ₸ от 1 плательщика, исходящих от 5 000 ₸ в июле нет (колено 2). Деньги остаются.",Конечный получатель,,2,False,1,0,159900.0,0.0,4,0,0.0,0,7,0,0.0,,1,0,0,0,,,keeps
100000002842321100,terminal,0.602,7,0.313,"Получил 160 000 ₸ от 1 плательщика, исходящих от 5 000 ₸ в июле нет (колено 3). Деньги остаются.",Конечный получатель,,3,False,1,0,160000.0,0.0,1,0,0.0,0,7,0,0.0,,1,0,0,0,,,keeps
100000004508696100,peripheral,0.85,39,0.313,"Вход 7 000 ₸ от 1 плательщика, выход 111 000 ₸ 3 получателям. Пороги ролей не достигнуты, признаков роли нет. Отдаёт больше, чем получил в выборке: есть источники вне данных.",Периферия,,3,False,1,3,7000.0,111000.0,1,4,15.8571,0,7,0,0.0,0.955,1,0,1,0,,fast_transit;mutual_transfers,none
100000001534244100,peripheral,0.8,5,0.3123,"Вход 366 000 ₸ от 2 плательщиков, выход 45 000 ₸ 1 получателю. Пороги ролей не достигнуты, признаков роли нет.",Периферия,,3,False,2,1,366000.0,45000.0,2,1,0.123,0,8,0,0.0,,2,0,0,0,,,none
100000004756901100,terminal,0.593,4,0.312,"Получил 153 248 ₸ от 1 плательщика, исходящих от 5 000 ₸ в июле нет (колено 2). Деньги остаются.",Конечный получатель,,2,False,1,0,153248.0,0.0,1,0,0.0,0,7,0,0.0,,1,0,0,0,,,keeps
100000001329153100,terminal,0.589,2,0.3116,"Получил 150 687 ₸ от 1 плательщика, исходящих от 5 000 ₸ в июле нет (колено 3). Деньги остаются.",Конечный получатель,,3,False,1,0,150687.0,0.0,1,0,0.0,0,7,0,0.0,,1,0,0,0,,,keeps
100000001046626100,terminal,0.588,7,0.3115,"Получил 150 000 ₸ от 1 плательщика, исходящих от 5 000 ₸ в июле нет (колено 3). Деньги остаются.",Конечный получатель,,3,False,1,0,150000.0,0.0,1,0,0.0,0,7,0,0.0,,1,0,0,0,,,keeps
100000001961048100,terminal,0.588,31,0.3115,"Получил 150 000 ₸ от 1 плательщика, исходящих от 5 000 ₸ в июле нет (колено 2). Деньги остаются.",Конечный получатель,,2,False,1,0,150000.0,0.0,1,0,0.0,0,7,0,0.0,,1,0,0,0,,,keeps
100000002459240100,terminal,0.588,7,0.3115,"Получил 150 000 ₸ от 1 плательщика, исходящих от 5 000 ₸ в июле нет (колено 3). Деньги остаются.",Конечный получатель,,3,False,1,0,150000.0,0.0,1,0,0.0,0,7,0,0.0,,1,0,0,0,,,keeps
100000003486970100,terminal,0.588,7,0.3115,"Получил 150 000 ₸ от 1 плательщика, исходящих от 5 000 ₸ в июле нет (колено 3). Деньги остаются.",Конечный получатель,,3,False,1,0,150000.0,0.0,1,0,0.0,0,7,0,0.0,,1,0,0,0,,,keeps
100000004358004100,distributor,0.51,3,0.3114,"seed. Рассылает 11 получателям 980 850 ₸, в среднем 89 168 ₸ на получателя; входящих плательщиков 0. Признаки веерного распределения.",Распределитель (веер),,0,True,0,11,0.0,980850.0,0,17,,0,0,0,0.0,,0,0,0,0,,seed,fan_out
100000008576243100,terminal,0.5,2,0.3112,"Получил 82 920 ₸ от 2 плательщиков, исходящих от 5 000 ₸ в июле нет (колено 3). Деньги остаются.",Конечный получатель,,3,False,2,0,82920.0,0.0,4,0,0.0,0,8,1,0.0,,2,0,0,0,,,keeps
100000001427082100,peripheral,0.75,22,0.3111,"Вход 5 000 ₸ от 1 плательщика, выход 124 900 ₸ 5 получателям. Пороги ролей не достигнуты, признаков роли нет. Отдаёт больше, чем получил в выборке: есть источники вне данных.",Периферия,,3,False,1,5,5000.0,124900.0,1,6,24.98,0,7,0,0.0001,,1,0,0,0,,,none
100000008721637100,peripheral,0.9,8,0.3111,"Вход 24 041 ₸ от 1 плательщика, выход 127 000 ₸ 2 получателям. Пороги ролей не достигнуты, признаков роли нет. Отдаёт больше, чем получил в выборке: есть источники вне данных.",Периферия,,3,False,1,2,24041.0,127000.0,1,2,5.2826,0,7,0,0.0001,0.0945,1,0,0,0,,,none
100000006530134100,terminal,0.58,7,0.3107,"Получил 144 663 ₸ от 2 плательщиков, исходящих от 5 000 ₸ в июле нет (колено 3). Деньги остаются.",Конечный получатель,,3,False,2,0,144663.0,0.0,2,0,0.0,0,7,0,0.0,,1,0,0,0,,,keeps
100000004657034100,terminal,0.575,7,0.3101,"Получил 141 250 ₸ от 1 плательщика, исходящих от 5 000 ₸ в июле нет (колено 3). Деньги остаются.",Конечный получатель,,3,False,1,0,141250.0,0.0,1,0,0.0,0,7,0,0.0,,1,0,0,0,,,keeps
100000002335358100,terminal,0.573,4,0.3099,"Получил 140 000 ₸ от 1 плательщика, исходящих от 5 000 ₸ в июле нет (колено 2). Деньги остаются.",Конечный получатель,,2,False,1,0,140000.0,0.0,2,0,0.0,0,7,0,0.0,,1,0,0,0,,,keeps
100000002605184100,terminal,0.573,15,0.3099,"Получил 140 000 ₸ от 1 плательщика, исходящих от 5 000 ₸ в июле нет (колено 2). Деньги остаются.",Конечный получатель,,2,False,1,0,140000.0,0.0,1,0,0.0,0,7,0,0.0,,1,0,0,0,,,keeps
100000004674799100,terminal,0.573,2,0.3099,"Получил 140 000 ₸ от 1 плательщика, исходящих от 5 000 ₸ в июле нет (колено 2). Деньги остаются.",Конечный получатель,,2,False,1,0,140000.0,0.0,5,0,0.0,0,7,1,0.0,,1,0,0,0,,,keeps
100000002121357100,peripheral,0.8,5,0.3098,"Вход 255 300 ₸ от 2 плательщиков, выход 113 000 ₸ 1 получателю. Пороги ролей не достигнуты, признаков роли нет.",Периферия,,3,False,2,1,255300.0,113000.0,2,1,0.4426,0,8,0,0.0,,1,0,0,0,,,none
100000001726614100,terminal,0.571,2,0.3097,"Получил 138 717 ₸ от 1 плательщика, исходящих от 5 000 ₸ в июле нет (колено 3). Деньги остаются.",Конечный получатель,,3,False,1,0,138717.0,0.0,1,0,0.0,0,7,0,0.0,,1,0,0,0,,,keeps
100000002492277100,terminal,0.571,3,0.3097,"Получил 138 500 ₸ от 1 плательщика, исходящих от 5 000 ₸ в июле нет (колено 2). Деньги остаются.",Конечный получатель,,2,False,1,0,138500.0,0.0,1,0,0.0,0,7,0,0.0,,1,0,0,0,,,keeps
100000002738256100,transit,0.687,53,0.3093,"Получил 150 200 ₸ от 1 плательщика, передал дальше 117% (175 000 ₸) 1 получателю; 100% ушло в течение 2 дней. Признаки транзита.",Транзит,,2,False,1,1,150200.0,175000.0,1,1,1.1651,0,1,0,0.0,1.0,1,0,1,0,,fast_transit;mutual_transfers,pass_through
100000007322059100,peripheral,0.8,33,0.3093,"Вход 29 000 ₸ от 2 плательщиков, выход 22 500 ₸ 1 получателю. Пороги ролей не достигнуты, признаков роли нет.",Периферия,,2,False,2,1,29000.0,22500.0,2,2,0.7759,0,8,0,0.0,0.6889,1,0,1,0,,fast_transit;mutual_transfers,none
100000008582730100,transit,1.0,17,0.3093,"Получил 5 000 ₸ от 1 плательщика, передал дальше 100% (5 000 ₸) 1 получателю; 100% ушло в течение 2 дней. Признаки транзита.",Транзит,,3,False,1,1,5000.0,5000.0,1,1,1.0,0,7,1,0.0,1.0,1,0,1,0,,fast_transit;mutual_transfers,pass_through
100000002941114100,peripheral,0.8,10,0.3092,"Вход 128 510 ₸ от 2 плательщиков, выход 15 000 ₸ 1 получателю. Пороги ролей не достигнуты, признаков роли нет.",Периферия,,1,False,2,1,128510.0,15000.0,15,1,0.1167,1,8,0,0.0,1.0,2,0,1,0,,fast_transit;mutual_transfers,none
100000008376089100,terminal,0.565,31,0.3091,"Получил 135 000 ₸ от 1 плательщика, исходящих от 5 000 ₸ в июле нет (колено 2). Деньги остаются.",Конечный получатель,,2,False,1,0,135000.0,0.0,1,0,0.0,0,7,0,0.0,,1,0,0,0,,,keeps
100000001688676100,terminal,0.563,17,0.3089,"Получил 133 700 ₸ от 1 плательщика, исходящих от 5 000 ₸ в июле нет (колено 3). Деньги остаются.",Конечный получатель,,3,False,1,0,133700.0,0.0,1,0,0.0,0,7,0,0.0,,1,0,0,0,,,keeps
100000002435265100,terminal,0.561,2,0.3087,"Получил 132 628 ₸ от 1 плательщика, исходящих от 5 000 ₸ в июле нет (колено 3). Деньги остаются.",Конечный получатель,,3,False,1,0,132628.0,0.0,3,0,0.0,0,7,0,0.0,,1,0,0,0,,,keeps
100000004744306100,peripheral,0.9,19,0.3085,"Вход 69 000 ₸ от 1 плательщика, выход 92 000 ₸ 2 получателям. Пороги ролей не достигнуты, признаков роли нет. Отдаёт больше, чем получил в выборке: есть источники вне данных.",Периферия,,1,False,1,2,69000.0,92000.0,1,3,1.3333,1,8,0,0.0,,1,0,0,0,,,none
100000005456919100,terminal,0.841,44,0.3085,"Получил 479 950 ₸ от 2 плательщиков, дальше ушло только 1%. Деньги остаются.",Конечный получатель,,1,False,2,1,479950.0,5000.0,10,1,0.0104,1,1,0,0.0,1.0,2,3,1,0,,fast_transit;cycle;mutual_transfers,keeps
100000002906470100,terminal,0.557,17,0.3082,"Получил 130 000 ₸ от 1 плательщика, исходящих от 5 000 ₸ в июле нет (колено 3). Деньги остаются.",Конечный получатель,,3,False,1,0,130000.0,0.0,1,0,0.0,0,7,0,0.0,,1,0,0,0,,,keeps
100000003073635100,terminal,0.556,6,0.3081,"Получил 129 231 ₸ от 1 плательщика, исходящих от 5 000 ₸ в июле нет (колено 3). Деньги остаются.",Конечный получатель,,3,False,1,0,129231.0,0.0,1,0,0.0,0,7,0,0.0,,1,0,0,0,,,keeps
100000003190207100,peripheral,0.9,19,0.308,"Вход 5 000 ₸ от 1 плательщика, выход 377 000 ₸ 1 получателю. Пороги ролей не достигнуты, признаков роли нет. Отдаёт больше, чем получил в выборке: есть источники вне данных.",Периферия,,3,False,1,1,5000.0,377000.0,1,8,75.4,0,8,0,0.0,0.1061,1,0,0,0,,,none
100000003271151100,terminal,0.552,6,0.3078,"Получил 127 294 ₸ от 1 плательщика, исходящих от 5 000 ₸ в июле нет (колено 3). Деньги остаются.",Конечный получатель,,3,False,1,0,127294.0,0.0,1,0,0.0,0,7,0,0.0,,1,0,0,0,,,keeps
100000004209339100,peripheral,0.9,34,0.3077,"Вход 138 500 ₸ от 1 плательщика, выход 238 500 ₸ 2 получателям. Пороги ролей не достигнуты, признаков роли нет. Отдаёт больше, чем получил в выборке: есть источники вне данных.",Периферия,,2,False,1,2,138500.0,238500.0,6,11,1.722,0,8,0,0.0,0.283,1,0,1,0,,mutual_transfers,none
100000007311010100,peripheral,0.8,3,0.3077,"Вход 64 480 ₸ от 2 плательщиков, выход 20 000 ₸ 1 получателю. Пороги ролей не достигнуты, признаков роли нет.",Периферия,,1,False,2,1,64480.0,20000.0,2,1,0.3102,1,10,0,0.0,,1,0,0,0,,,none
100000000629812100,terminal,0.5,55,0.3074,"Получил 22 000 ₸ от 2 плательщиков, исходящих от 5 000 ₸ в июле нет (колено 2). Деньги остаются.",Конечный получатель,,2,False,2,0,22000.0,0.0,2,0,0.0,0,10,0,0.0,,1,0,0,0,,,keeps
100000002454724100,terminal,0.548,31,0.3073,"Получил 125 000 ₸ от 1 плательщика, исходящих от 5 000 ₸ в июле нет (колено 2). Деньги остаются.",Конечный получатель,,2,False,1,0,125000.0,0.0,3,0,0.0,0,7,0,0.0,,1,0,0,0,,,keeps
100000003497735100,terminal,0.548,17,0.3073,"Получил 125 000 ₸ от 1 плательщика, исходящих от 5 000 ₸ в июле нет (колено 3). Деньги остаются.",Конечный получатель,,3,False,1,0,125000.0,0.0,1,0,0.0,0,7,0,0.0,,1,0,0,0,,,keeps
100000001287955100,peripheral,0.8,13,0.3072,"Вход 17 520 ₸ от 1 плательщика, выход 310 000 ₸ 4 получателям. Пороги ролей не достигнуты, признаков роли нет. Отдаёт больше, чем получил в выборке: есть источники вне данных.",Периферия,,2,False,1,4,17520.0,310000.0,1,5,17.6941,0,1,0,0.0007,0.741,1,0,0,0,,fast_transit,none
100000008759857100,peripheral,0.9,21,0.3072,"Вход 5 000 ₸ от 1 плательщика, выход 994 000 ₸ 2 получателям. Пороги ролей не достигнуты, признаков роли нет. Отдаёт больше, чем получил в выборке: есть источники вне данных.",Периферия,,3,False,1,2,5000.0,994000.0,1,3,198.8,0,9,0,0.0,,1,0,0,0,,,none
100000004917367100,terminal,0.54,7,0.3064,"Получил 120 000 ₸ от 2 плательщиков, исходящих от 5 000 ₸ в июле нет (колено 3). Деньги остаются.",Конечный получатель,,3,False,2,0,120000.0,0.0,2,0,0.0,0,7,0,0.0,,1,0,0,0,,,keeps
100000001934935100,terminal,0.538,2,0.3062,"Получил 118 935 ₸ от 1 плательщика, исходящих от 5 000 ₸ в июле нет (колено 3). Деньги остаются.",Конечный получатель,,3,False,1,0,118935.0,0.0,1,0,0.0,0,7,0,0.0,,1,0,0,0,,,keeps
100000004183610100,peripheral,0.9,11,0.3061,"Вход 22 000 ₸ от 1 плательщика, выход 915 000 ₸ 1 получателю. Пороги ролей не достигнуты, признаков роли нет. Отдаёт больше, чем получил в выборке: есть источники вне данных.",Периферия,,3,False,1,1,22000.0,915000.0,1,3,41.5909,0,7,0,0.0,0.0164,1,0,0,0,,,none
100000002890167100,terminal,0.536,4,0.306,"Получил 118 150 ₸ от 1 плательщика, исходящих от 5 000 ₸ в июле нет (колено 1). Деньги остаются.",Конечный получатель,,1,False,1,0,118150.0,0.0,1,0,0.0,1,7,0,0.0,,1,0,0,0,,,keeps
100000000913911100,peripheral,0.8,3,0.3058,"Вход 467 000 ₸ от 2 плательщиков, выход 600 000 ₸ 1 получателю. Пороги ролей не достигнуты, признаков роли нет. Отдаёт больше, чем получил в выборке: есть источники вне данных.",Периферия,,2,False,2,1,467000.0,600000.0,2,1,1.2848,0,7,0,0.0,,2,0,0,0,,,none
100000000288317100,peripheral,0.8,6,0.3056,"Вход 100 000 ₸ от 2 плательщиков, выход 53 500 ₸ 3 получателям. Пороги ролей не достигнуты, признаков роли нет.",Периферия,,3,False,2,3,100000.0,53500.0,2,3,0.535,0,7,0,0.0001,0.3084,1,0,0,0,,,none
100000003134474100,terminal,0.532,7,0.3056,"Получил 116 000 ₸ от 1 плательщика, исходящих от 5 000 ₸ в июле нет (колено 3). Деньги остаются.",Конечный получатель,,3,False,1,0,116000.0,0.0,1,0,0.0,0,7,0,0.0,,1,0,0,0,,,keeps
100000002769809100,terminal,0.527,17,0.3051,"Получил 113 422 ₸ от 1 плательщика, исходящих от 5 000 ₸ в июле нет (колено 3). Деньги остаются.",Конечный получатель,,3,False,1,0,113422.0,0.0,1,0,0.0,0,7,0,0.0,,1,0,0,0,,,keeps
100000000555721100,terminal,0.527,2,0.305,"Получил 113 000 ₸ от 2 плательщиков, исходящих от 5 000 ₸ в июле нет (колено 1). Деньги остаются.",Конечный получатель,,1,False,2,0,113000.0,0.0,3,0,0.0,1,7,0,0.0,,2,0,0,0,,,keeps
100000004408683100,terminal,0.526,4,0.305,"Получил 112 920 ₸ от 2 плательщиков, исходящих от 5 000 ₸ в июле нет (колено 1). Деньги остаются.",Конечный получатель,,1,False,2,0,112919.68,0.0,3,0,0.0,1,7,0,0.0,,1,0,0,0,,,keeps
100000004388353100,terminal,0.5,10,0.3049,"Получил 62 960 ₸ от 2 плательщиков, исходящих от 5 000 ₸ в июле нет (колено 1). Деньги остаются.",Конечный получатель,,1,False,2,0,62960.0,0.0,2,0,0.0,1,8,0,0.0,,1,0,0,0,,,keeps
100000003242795100,terminal,0.523,7,0.3046,"Получил 111 000 ₸ от 1 плательщика, исходящих от 5 000 ₸ в июле нет (колено 3). Деньги остаются.",Конечный получатель,,3,False,1,0,111000.0,0.0,1,0,0.0,0,7,0,0.0,,1,0,0,0,,,keeps
100000004451012100,peripheral,0.85,17,0.3046,"Вход 91 245 ₸ от 1 плательщика, выход 65 740 ₸ 3 получателям. Пороги ролей не достигнуты, признаков роли нет.",Периферия,,3,False,1,3,91245.0,65740.0,1,3,0.7205,0,7,0,0.0001,,1,0,0,0,,,none
100000008587459100,peripheral,0.8,2,0.3044,"Вход 181 507 ₸ от 2 плательщиков, выход 686 500 ₸ 2 получателям. Пороги ролей не достигнуты, признаков роли нет. Отдаёт больше, чем получил в выборке: есть источники вне данных.",Периферия,,2,False,2,2,181507.0,686500.0,2,4,3.7822,0,7,0,0.0,,1,39,0,0,,cycle,none
100000001851289100,terminal,0.52,4,0.3043,"Получил 109 510 ₸ от 1 плательщика, исходящих от 5 000 ₸ в июле нет (колено 1). Деньги остаются.",Конечный получатель,,1,False,1,0,109510.0,0.0,3,0,0.0,1,7,0,0.0,,1,0,0,0,,,keeps
100000000440392100,terminal,0.512,4,0.3035,"Получил 105 705 ₸ от 1 плательщика, исходящих от 5 000 ₸ в июле нет (колено 1). Деньги остаются.",Конечный получатель,,1,False,1,0,105705.0,0.0,4,0,0.0,1,7,0,0.0,,1,0,0,0,,,keeps
100000003760160100,terminal,0.509,7,0.3032,"Получил 104 470 ₸ от 1 плательщика, исходящих от 5 000 ₸ в июле нет (колено 3). Деньги остаются.",Конечный получатель,,3,False,1,0,104470.0,0.0,1,0,0.0,0,7,0,0.0,,1,0,0,0,,,keeps
100000000802149100,terminal,0.509,2,0.3031,"Получил 104 128 ₸ от 1 плательщика, исходящих от 5 000 ₸ в июле нет (колено 3). Деньги остаются.",Конечный получатель,,3,False,1,0,104128.0,0.0,1,0,0.0,0,7,0,0.0,,1,0,0,0,,,keeps
100000001524952100,terminal,0.508,2,0.3031,"Получил 103 807 ₸ от 1 плательщика, исходящих от 5 000 ₸ в июле нет (колено 1). Деньги остаются.",Конечный получатель,,1,False,1,0,103807.0,0.0,1,0,0.0,1,7,0,0.0,,1,0,0,0,,,keeps
100000005893892100,terminal,0.506,7,0.3028,"Получил 102 780 ₸ от 1 плательщика, исходящих от 5 000 ₸ в июле нет (колено 3). Деньги остаются.",Конечный получатель,,3,False,1,0,102780.0,0.0,1,0,0.0,0,7,0,0.0,,1,0,0,0,,,keeps
100000002609774100,peripheral,0.9,9,0.3027,"Вход 7 700 ₸ от 1 плательщика, выход 27 500 ₸ 1 получателю. Пороги ролей не достигнуты, признаков роли нет. Отдаёт больше, чем получил в выборке: есть источники вне данных.",Периферия,,1,False,1,1,7700.0,27500.0,1,1,3.5714,1,7,0,0.0003,,1,0,0,0,,,none
100000000933075100,peripheral,0.9,12,0.3023,"Вход 40 000 ₸ от 1 плательщика, выход 55 000 ₸ 2 получателям. Пороги ролей не достигнуты, признаков роли нет. Отдаёт больше, чем получил в выборке: есть источники вне данных.",Периферия,,3,False,1,2,40000.0,55000.0,1,2,1.375,0,8,0,0.0,0.7273,1,0,1,0,,fast_transit;mutual_transfers,none
100000002087788100,terminal,0.501,7,0.3023,"Получил 100 500 ₸ от 1 плательщика, исходящих от 5 000 ₸ в июле нет (колено 2). Деньги остаются.",Конечный получатель,,2,False,1,0,100500.0,0.0,1,0,0.0,0,7,0,0.0,,1,0,0,0,,,keeps
100000002550141100,terminal,0.501,6,0.3023,"Получил 100 586 ₸ от 1 плательщика, исходящих от 5 000 ₸ в июле нет (колено 3). Деньги остаются.",Конечный получатель,,3,False,1,0,100586.0,0.0,1,0,0.0,0,7,0,0.0,,1,0,0,0,,,keeps
100000003112436100,terminal,0.5,4,0.3022,"Получил 100 000 ₸ от 1 плательщика, исходящих от 5 000 ₸ в июле нет (колено 2). Деньги остаются.",Конечный получатель,,2,False,1,0,100000.0,0.0,1,0,0.0,0,7,0,0.0,,1,0,0,0,,,keeps
100000003647799100,terminal,0.5,7,0.3022,"Получил 100 000 ₸ от 1 плательщика, исходящих от 5 000 ₸ в июле нет (колено 3). Деньги остаются.",Конечный получатель,,3,False,1,0,100000.0,0.0,1,0,0.0,0,7,0,0.0,,1,0,0,0,,,keeps
100000006100920100,terminal,0.5,2,0.3022,"Получил 100 000 ₸ от 1 плательщика, исходящих от 5 000 ₸ в июле нет (колено 3). Деньги остаются.",Конечный получатель,,3,False,1,0,100000.0,0.0,1,0,0.0,0,7,0,0.0,,1,0,0,0,,,keeps
100000007653003100,terminal,0.5,16,0.3022,"Получил 100 000 ₸ от 1 плательщика, исходящих от 5 000 ₸ в июле нет (колено 3). Деньги остаются.",Конечный получатель,,3,False,1,0,100000.0,0.0,1,0,0.0,0,7,0,0.0,,1,0,0,0,,,keeps
100000004315838100,peripheral,0.8,3,0.3021,"Вход 50 000 ₸ от 2 плательщиков, выход 18 000 ₸ 1 получателю. Пороги ролей не достигнуты, признаков роли нет.",Периферия,,1,False,2,1,50000.0,18000.0,2,1,0.36,1,10,0,0.0,,1,0,0,0,,,none
100000000583220100,peripheral,0.9,67,0.3015,"Вход 5 000 ₸ от 1 плательщика, выход 761 255 ₸ 1 получателю. Пороги ролей не достигнуты, признаков роли нет. Отдаёт больше, чем получил в выборке: есть источники вне данных.",Периферия,,3,False,1,1,5000.0,761255.0,1,4,152.251,0,7,0,0.0,0.0525,1,0,0,0,,,none
100000001541418100,terminal,0.5,9,0.3015,"Получил 96 900 ₸ от 2 плательщиков, исходящих от 5 000 ₸ в июле нет (колено 2). Деньги остаются.",Конечный получатель,,2,False,2,0,96900.0,0.0,2,0,0.0,0,7,0,0.0,,1,0,0,0,,,keeps
100000001484381100,terminal,0.5,9,0.3012,"Получил 95 585 ₸ от 2 плательщиков, исходящих от 5 000 ₸ в июле нет (колено 3). Деньги остаются.",Конечный получатель,,3,False,2,0,95585.0,0.0,4,0,0.0,0,7,0,0.0,,1,0,0,0,,,keeps
100000005140601100,peripheral,0.7,6,0.3006,"Вход 52 685 ₸ от 3 плательщиков, выход 195 300 ₸ 2 получателям. Пороги ролей не достигнуты, признаков роли нет. Отдаёт больше, чем получил в выборке: есть источники вне данных.",Периферия,,2,False,3,2,52685.0,195300.0,4,5,3.7069,0,7,0,0.0,0.9744,2,0,2,0,,fast_transit;mutual_transfers,none
100000005375968100,peripheral,0.9,2,0.3006,"Вход 170 082 ₸ от 1 плательщика, выход 86 000 ₸ 2 получателям. Пороги ролей не достигнуты, признаков роли нет.",Периферия,,3,False,1,2,170082.0,86000.0,1,4,0.5056,0,7,0,0.0,0.3488,1,0,0,0,,,none
100000006664478100,transit,0.873,28,0.3002,"Получил 55 000 ₸ от 1 плательщика, передал дальше 109% (60 000 ₸) 2 получателям; 67% ушло в течение 2 дней. Признаки транзита.",Транзит,,3,False,1,2,55000.0,60000.0,3,2,1.0909,0,1,0,0.0,0.6667,1,0,0,0,,fast_transit,pass_through
100000008516839100,terminal,0.595,19,0.2994,"seed. Получил 155 000 ₸ от 3 плательщиков, исходящих от 5 000 ₸ в июле нет (колено 0). Деньги остаются.",Конечный получатель,,0,True,3,0,155000.0,0.0,4,0,0.0,1,10,0,0.0,,2,0,0,0,,seed,keeps
100000000607941100,peripheral,0.8,4,0.2984,"Вход 50 000 ₸ от 2 плательщиков, выход 70 000 ₸ 1 получателю. Пороги ролей не достигнуты, признаков роли нет. Отдаёт больше, чем получил в выборке: есть источники вне данных.",Периферия,,2,False,2,1,50000.0,70000.0,3,4,1.4,0,7,0,0.0001,0.2857,1,0,1,0,,mutual_transfers,none
100000002677201100,peripheral,0.9,5,0.2984,"Вход 150 000 ₸ от 1 плательщика, выход 87 750 ₸ 1 получателю. Пороги ролей не достигнуты, признаков роли нет.",Периферия,,3,False,1,1,150000.0,87750.0,1,1,0.585,0,8,0,0.0,,1,0,0,0,,,none
100000004424023100,peripheral,0.9,8,0.2982,"Вход 50 000 ₸ от 1 плательщика, выход 100 000 ₸ 1 получателю. Пороги ролей не достигнуты, признаков роли нет. Отдаёт больше, чем получил в выборке: есть источники вне данных.",Периферия,,2,False,1,1,50000.0,100000.0,1,1,2.0,0,9,0,0.0,,1,0,0,0,,,none
100000004500444100,peripheral,0.8,14,0.2979,"Вход 180 000 ₸ от 2 плательщиков, выход 74 000 ₸ 1 получателю. Пороги ролей не достигнуты, признаков роли нет.",Периферия,,3,False,2,1,180000.0,74000.0,7,5,0.4111,0,7,0,0.0,1.0,1,0,0,0,,fast_transit,none
100000001236706100,peripheral,0.7,11,0.2976,"Вход 142 700 ₸ от 3 плательщиков, выход 36 000 ₸ 2 получателям. Пороги ролей не достигнуты, признаков роли нет.",Периферия,,3,False,3,2,142700.0,36000.0,3,2,0.2523,0,7,0,0.0,,2,0,0,0,,,none
100000002156381100,peripheral,0.8,34,0.2976,"Вход 61 000 ₸ от 2 плательщиков, выход 21 800 ₸ 1 получателю. Пороги ролей не достигнуты, признаков роли нет.",Периферия,,2,False,2,1,61000.0,21800.0,7,3,0.3574,0,8,0,0.0,0.2294,2,0,1,0,,mutual_transfers,none
100000003917461100,peripheral,0.9,12,0.2973,"Вход 10 000 ₸ от 1 плательщика, выход 140 000 ₸ 2 получателям. Пороги ролей не достигнуты, признаков роли нет. Отдаёт больше, чем получил в выборке: есть источники вне данных.",Периферия,,3,False,1,2,10000.0,140000.0,1,5,14.0,0,9,0,0.0,0.0714,1,0,1,0,,mutual_transfers,none
100000005857058100,terminal,0.5,2,0.2971,"Получил 80 222 ₸ от 3 плательщиков, исходящих от 5 000 ₸ в июле нет (колено 3). Деньги остаются.",Конечный получатель,,3,False,3,0,80222.0,0.0,3,0,0.0,0,7,0,0.0,,1,0,0,0,,,keeps
100000003215448100,peripheral,0.9,6,0.2966,"Вход 91 309 ₸ от 1 плательщика, выход 124 000 ₸ 2 получателям. Пороги ролей не достигнуты, признаков роли нет. Отдаёт больше, чем получил в выборке: есть источники вне данных.",Периферия,,3,False,1,2,91309.0,124000.0,1,4,1.358,0,7,0,0.0,0.0645,1,0,0,0,,,none
100000002713074100,peripheral,0.8,16,0.296,"Вход 700 000 ₸ от 2 плательщиков, выход 430 000 ₸ 1 получателю. Пороги ролей не достигнуты, признаков роли нет.",Периферия,,3,False,2,1,700000.0,430000.0,2,2,0.6143,0,7,0,0.0,,2,0,0,0,,,none
100000005904580100,terminal,0.5,12,0.2947,"Получил 72 000 ₸ от 2 плательщиков, исходящих от 5 000 ₸ в июле нет (колено 2). Деньги остаются.",Конечный получатель,,2,False,2,0,72000.0,0.0,2,0,0.0,0,7,0,0.0,,2,0,0,0,,,keeps
100000004603109100,peripheral,0.7,24,0.294,"Вход 2,73 млн ₸ от 3 плательщиков, выход 400 000 ₸ 2 получателям. Пороги ролей не достигнуты, признаков роли нет.",Периферия,,3,False,3,2,2730000.0,400000.0,8,2,0.1465,0,2,1,0.0,1.0,2,5,1,2,,fast_transit;cycle;mutual_transfers;recurring_route,none
100000001166289100,terminal,0.929,1,0.2934,"Получил 721 039 ₸ от 2 плательщиков, дальше ушло только 3%. Деньги остаются.",Конечный получатель,,2,False,2,1,721039.0,25000.0,10,1,0.0347,0,1,0,0.0,1.0,1,0,1,0,,fast_transit;mutual_transfers,keeps
100000005493505100,terminal,0.5,11,0.2929,"seed. Получил 62 020 ₸ от 3 плательщиков, исходящих от 5 000 ₸ в июле нет (колено 0). Деньги остаются.",Конечный получатель,,0,True,3,0,62020.0,0.0,3,0,0.0,1,11,0,0.0,,1,0,0,0,,seed,keeps
100000006994985100,peripheral,0.9,8,0.2924,"Вход 48 500 ₸ от 1 плательщика, выход 10 200 ₸ 1 получателю. Пороги ролей не достигнуты, признаков роли нет.",Периферия,,2,False,1,1,48500.0,10200.0,2,2,0.2103,0,7,0,0.0,1.0,1,0,0,2,,fast_transit;recurring_route,none
100000003235780100,terminal,0.5,2,0.2923,"Получил 65 000 ₸ от 2 плательщиков, исходящих от 5 000 ₸ в июле нет (колено 1). Деньги остаются.",Конечный получатель,,1,False,2,0,65000.0,0.0,2,0,0.0,1,7,0,0.0,,1,0,0,0,,,keeps
100000008571443100,terminal,0.5,11,0.2923,"Получил 65 000 ₸ от 2 плательщиков, исходящих от 5 000 ₸ в июле нет (колено 2). Деньги остаются.",Конечный получатель,,2,False,2,0,65000.0,0.0,2,0,0.0,0,7,0,0.0,,1,0,0,0,,,keeps
100000005820746100,terminal,1.0,24,0.2916,"Получил 1,99 млн ₸ от 1 плательщика, дальше ушло только 3%. Деньги остаются.",Конечный получатель,,3,False,1,1,1989000.0,60000.0,2,1,0.0302,0,1,0,0.0,,1,0,1,0,,mutual_transfers,keeps
100000004544958100,peripheral,0.9,10,0.2913,"Вход 168 000 ₸ от 1 плательщика, выход 23 200 ₸ 2 получателям. Пороги ролей не достигнуты, признаков роли нет.",Периферия,,2,False,1,2,168000.0,23200.0,3,2,0.1381,0,8,0,0.0,0.2241,1,0,1,0,,mutual_transfers,none
100000004591973100,peripheral,0.9,12,0.291,"Вход 10 000 ₸ от 1 плательщика, выход 100 000 ₸ 1 получателю. Пороги ролей не достигнуты, признаков роли нет. Отдаёт больше, чем получил в выборке: есть источники вне данных.",Периферия,,3,False,1,1,10000.0,100000.0,1,1,10.0,0,9,0,0.0,,1,0,0,0,,,none
100000002185328100,peripheral,0.8,22,0.2909,"Вход 15 000 ₸ от 1 плательщика, выход 55 000 ₸ 4 получателям. Пороги ролей не достигнуты, признаков роли нет. Отдаёт больше, чем получил в выборке: есть источники вне данных.",Периферия,,3,False,1,4,15000.0,55000.0,1,4,3.6667,0,7,0,0.0001,,1,0,0,0,,,none
100000002934441100,terminal,0.5,2,0.2908,"Получил 60 846 ₸ от 2 плательщиков, исходящих от 5 000 ₸ в июле нет (колено 1). Деньги остаются.",Конечный получатель,,1,False,2,0,60845.6,0.0,2,0,0.0,1,7,0,0.0,,2,0,0,0,,,keeps
100000005602999100,peripheral,0.9,34,0.2908,"Вход 5 000 ₸ от 1 плательщика, выход 16 000 ₸ 2 получателям. Пороги ролей не достигнуты, признаков роли нет. Отдаёт больше, чем получил в выборке: есть источники вне данных.",Периферия,,2,False,1,2,5000.0,16000.0,1,3,3.2,0,8,0,0.0,0.6875,1,0,1,0,,fast_transit;mutual_transfers,none
100000001063678100,peripheral,0.9,23,0.2906,"Вход 35 000 ₸ от 1 плательщика, выход 90 000 ₸ 2 получателям. Пороги ролей не достигнуты, признаков роли нет. Отдаёт больше, чем получил в выборке: есть источники вне данных.",Периферия,,3,False,1,2,35000.0,90000.0,1,2,2.5714,0,7,0,0.0,0.2222,1,0,0,0,,,none
100000003044431100,terminal,0.5,3,0.2905,"Получил 60 000 ₸ от 2 плательщиков, исходящих от 5 000 ₸ в июле нет (колено 2). Деньги остаются.",Конечный получатель,,2,False,2,0,60000.0,0.0,2,0,0.0,0,7,0,0.0,,1,0,0,0,,,keeps
100000008514970100,terminal,0.79,20,0.2901,"Получил 379 966 ₸ от 1 плательщика, дальше ушло только 8%. Деньги остаются.",Конечный получатель,,3,False,1,1,379966.0,31000.0,1,1,0.0816,0,1,0,0.0,1.0,1,0,0,0,,fast_transit,keeps
100000005668605100,terminal,0.5,19,0.2898,"seed. Получил 94 500 ₸ от 3 плательщиков, исходящих от 5 000 ₸ в июле нет (колено 0). Деньги остаются.",Конечный получатель,,0,True,3,0,94500.0,0.0,3,0,0.0,1,10,1,0.0,,1,0,0,0,,seed,keeps
100000008655779100,peripheral,0.9,29,0.2895,"Вход 47 000 ₸ от 1 плательщика, выход 24 704 ₸ 2 получателям. Пороги ролей не достигнуты, признаков роли нет.",Периферия,,3,False,1,2,47000.0,24704.0,1,2,0.5256,0,7,0,0.0001,,1,0,0,0,,,none
100000005268319100,peripheral,0.75,2,0.2892,"Вход 19 713 ₸ от 1 плательщика, выход 91 000 ₸ 5 получателям. Пороги ролей не достигнуты, признаков роли нет. Отдаёт больше, чем получил в выборке: есть источники вне данных.",Периферия,,3,False,1,5,19712.8,91000.0,2,10,4.6163,0,7,0,0.0,0.2637,1,0,1,0,,mutual_transfers,none
100000008620570100,peripheral,0.8,6,0.2887,"Вход 145 000 ₸ от 2 плательщиков, выход 31 800 ₸ 2 получателям. Пороги ролей не достигнуты, признаков роли нет.",Периферия,,3,False,2,2,145000.0,31800.0,2,2,0.2193,0,7,0,0.0,0.3145,1,0,0,0,,,none
100000008738526100,peripheral,0.9,21,0.2886,"Вход 15 000 ₸ от 1 плательщика, выход 140 000 ₸ 1 получателю. Пороги ролей не достигнуты, признаков роли нет. Отдаёт больше, чем получил в выборке: есть источники вне данных.",Периферия,,3,False,1,1,15000.0,140000.0,1,1,9.3333,0,8,0,0.0,,1,0,0,0,,,none
100000005182219100,terminal,0.5,7,0.2885,"Получил 55 000 ₸ от 2 плательщиков, исходящих от 5 000 ₸ в июле нет (колено 3). Деньги остаются.",Конечный получатель,,3,False,2,0,55000.0,0.0,2,0,0.0,0,7,0,0.0,,1,0,0,0,,,keeps
100000005942793100,terminal,0.5,2,0.2885,"Получил 55 000 ₸ от 4 плательщиков, исходящих от 5 000 ₸ в июле нет (колено 2). Деньги остаются.",Конечный получатель,,2,False,4,0,55000.0,0.0,4,0,0.0,0,7,0,0.0,,2,0,0,0,,,keeps
100000002600345100,terminal,0.5,4,0.2873,"Получил 52 400 ₸ от 2 плательщиков, исходящих от 5 000 ₸ в июле нет (колено 1). Деньги остаются.",Конечный получатель,,1,False,2,0,52400.0,0.0,2,0,0.0,1,7,0,0.0,,1,0,0,0,,,keeps
100000003068941100,peripheral,0.7,2,0.2873,"Вход 94 000 ₸ от 3 плательщиков, выход 25 000 ₸ 1 получателю. Пороги ролей не достигнуты, признаков роли нет.",Периферия,,2,False,3,1,94000.0,25000.0,3,2,0.266,0,7,0,0.0,1.0,1,0,0,0,,fast_transit,none
100000003221510100,peripheral,0.9,2,0.2873,"Вход 24 000 ₸ от 1 плательщика, выход 120 000 ₸ 2 получателям. Пороги ролей не достигнуты, признаков роли нет. Отдаёт больше, чем получил в выборке: есть источники вне данных.",Периферия,,3,False,1,2,24000.0,120000.0,1,3,5.0,0,7,0,0.0,,1,0,0,0,,,none
100000005911352100,peripheral,0.8,39,0.287,"Вход 15 000 ₸ от 2 плательщиков, выход 24 000 ₸ 3 получателям. Пороги ролей не достигнуты, признаков роли нет. Отдаёт больше, чем получил в выборке: есть источники вне данных.",Периферия,,2,False,2,3,15000.0,24000.0,2,3,1.6,0,7,0,0.0001,,1,0,1,0,,mutual_transfers,none
100000008418835100,peripheral,0.8,15,0.2865,"seed. Вход 1,37 млн ₸ от 1 плательщика, выход 186 179 ₸ 4 получателям. Пороги ролей не достигнуты, признаков роли нет.",Периферия,,0,True,1,4,1372000.0,186179.0,67,6,0.1357,1,1,0,0.0003,0.855,1,0,0,9,,seed;recurring_route,none
100000004750321100,terminal,0.5,9,0.2864,"Получил 50 185 ₸ от 2 плательщиков, исходящих от 5 000 ₸ в июле нет (колено 3). Деньги остаются.",Конечный получатель,,3,False,2,0,50185.0,0.0,2,0,0.0,0,7,0,0.0,,1,0,0,0,,,keeps
100000002836736100,terminal,0.853,8,0.2863,"Получил 509 000 ₸ от 2 плательщиков, исходящих от 5 000 ₸ в июле нет (колено 1). Деньги остаются.",Конечный получатель,,1,False,2,0,509000.0,0.0,2,0,0.0,1,3,0,0.0,,2,0,0,0,,,keeps
100000003724440100,terminal,0.5,3,0.2863,"Получил 50 000 ₸ от 2 плательщиков, исходящих от 5 000 ₸ в июле нет (колено 2). Деньги остаются.",Конечный получатель,,2,False,2,0,50000.0,0.0,2,0,0.0,0,7,0,0.0,,1,0,0,0,,,keeps
100000005620225100,terminal,0.5,2,0.2862,"Получил 49 846 ₸ от 2 плательщиков, исходящих от 5 000 ₸ в июле нет (колено 1). Деньги остаются.",Конечный получатель,,1,False,2,0,49845.66,0.0,2,0,0.0,1,7,0,0.0,,1,0,0,0,,,keeps
100000001411870100,terminal,0.977,8,0.2861,"Получил 900 000 ₸ от 2 плательщиков, исходящих от 5 000 ₸ в июле нет (колено 1). Деньги остаются.",Конечный получатель,,1,False,2,0,900000.0,0.0,4,0,0.0,1,2,0,0.0,,1,0,0,0,,,keeps
100000003406094100,peripheral,0.85,4,0.2861,"Вход 70 000 ₸ от 1 плательщика, выход 47 000 ₸ 3 получателям. Пороги ролей не достигнуты, признаков роли нет.",Периферия,,3,False,1,3,70000.0,47000.0,4,3,0.6714,0,7,0,0.0,0.1489,1,0,1,0,,mutual_transfers,none
100000008760098100,peripheral,0.9,21,0.286,"Вход 7 000 ₸ от 1 плательщика, выход 390 000 ₸ 1 получателю. Пороги ролей не достигнуты, признаков роли нет. Отдаёт больше, чем получил в выборке: есть источники вне данных.",Периферия,,3,False,1,1,7000.0,390000.0,1,1,55.7143,0,9,0,0.0,,1,0,0,0,,,none
100000003204491100,peripheral,0.9,2,0.2854,"Вход 140 000 ₸ от 1 плательщика, выход 100 000 ₸ 1 получателю. Пороги ролей не достигнуты, признаков роли нет.",Периферия,,3,False,1,1,140000.0,100000.0,1,2,0.7143,0,7,0,0.0,1.0,1,0,0,0,,fast_transit,none
100000005619339100,transit,0.779,4,0.2853,"Получил 5 000 ₸ от 1 плательщика, передал дальше 109% (5 443 ₸) 1 получателю. Признаки транзита.",Транзит,,2,False,1,1,5000.0,5442.6,1,1,1.0885,0,7,0,0.0,,1,0,0,0,,,pass_through
100000005481280100,peripheral,0.85,15,0.2852,"Вход 32 700 ₸ от 1 плательщика, выход 50 000 ₸ 3 получателям. Пороги ролей не достигнуты, признаков роли нет. Отдаёт больше, чем получил в выборке: есть источники вне данных.",Периферия,,2,False,1,3,32700.0,50000.0,1,3,1.5291,0,7,0,0.0,0.34,1,0,0,0,,,none
100000000785800100,transit,1.0,56,0.285,"Получил 19 000 ₸ от 1 плательщика, передал дальше 100% (19 000 ₸) 1 получателю; 100% ушло в течение 2 дней. Признаки транзита.",Транзит,,2,False,1,1,19000.0,19000.0,1,1,1.0,0,1,0,0.0,1.0,1,1,0,0,,fast_transit;cycle,pass_through
100000005958064100,peripheral,0.9,14,0.285,"Вход 5 746 ₸ от 1 плательщика, выход 163 987 ₸ 2 получателям. Пороги ролей не достигнуты, признаков роли нет. Отдаёт больше, чем получил в выборке: есть источники вне данных.",Периферия,,1,False,1,2,5746.0,163986.84,1,3,28.5393,1,7,0,0.0,,1,0,0,0,,,none
100000008493007100,transit,1.0,1,0.2846,"Получил 26 150 ₸ от 1 плательщика, передал дальше 100% (26 150 ₸) 1 получателю; 100% ушло в течение 2 дней. Признаки транзита.",Транзит,,3,False,1,1,26150.0,26150.0,1,1,1.0,0,1,0,0.0,1.0,1,0,0,0,,fast_transit,pass_through
100000006122699100,terminal,0.5,4,0.2843,"Получил 45 865 ₸ от 2 плательщиков, исходящих от 5 000 ₸ в июле нет (колено 2). Деньги остаются.",Конечный получатель,,2,False,2,0,45865.0,0.0,2,0,0.0,0,7,0,0.0,,2,0,0,0,,,keeps
100000008531133100,peripheral,0.85,4,0.2843,"Вход 25 000 ₸ от 1 плательщика, выход 158 272 ₸ 3 получателям. Пороги ролей не достигнуты, признаков роли нет. Отдаёт больше, чем получил в выборке: есть источники вне данных.",Периферия,,2,False,1,3,25000.0,158271.68,1,3,6.3309,0,7,0,0.0,0.2007,1,0,0,0,,,none
100000001633685100,terminal,0.5,2,0.2838,"Получил 45 000 ₸ от 3 плательщиков, исходящих от 5 000 ₸ в июле нет (колено 2). Деньги остаются.",Конечный получатель,,2,False,3,0,45000.0,0.0,3,0,0.0,0,7,0,0.0,,1,0,0,0,,,keeps
100000004580202100,peripheral,0.85,23,0.2835,"Вход 9 000 ₸ от 1 плательщика, выход 45 000 ₸ 3 получателям. Пороги ролей не достигнуты, признаков роли нет. Отдаёт больше, чем получил в выборке: есть источники вне данных.",Периферия,,2,False,1,3,9000.0,45000.0,1,4,5.0,0,7,0,0.0001,0.1111,1,0,0,0,,,none
100000002670860100,terminal,0.827,13,0.2834,"Получил 450 000 ₸ от 2 плательщиков, исходящих от 5 000 ₸ в июле нет (колено 1). Деньги остаются.",Конечный получатель,,1,False,2,0,450000.0,0.0,2,0,0.0,1,3,0,0.0,,1,0,0,0,,,keeps
100000002753146100,terminal,0.953,13,0.2834,"Получил 803 540 ₸ от 1 плательщика, исходящих от 5 000 ₸ в июле нет (колено 3). Деньги остаются.",Конечный получатель,,3,False,1,0,803540.0,0.0,3,0,0.0,0,2,0,0.0,,1,0,0,0,,,keeps
100000002722108100,terminal,0.952,13,0.2833,"Получил 800 000 ₸ от 1 плательщика, исходящих от 5 000 ₸ в июле нет (колено 3). Деньги остаются.",Конечный получатель,,3,False,1,0,800000.0,0.0,2,0,0.0,0,2,0,0.0,,1,0,0,0,,,keeps
100000002748761100,terminal,0.951,13,0.2833,"Получил 796 800 ₸ от 1 плательщика, исходящих от 5 000 ₸ в июле нет (колено 3). Деньги остаются.",Конечный получатель,,3,False,1,0,796800.0,0.0,3,0,0.0,0,2,0,0.0,,1,0,0,0,,,keeps
100000002126791100,peripheral,0.4,5,0.2831,"4-е колено: исходящие не собирались (обрыв выборки). Вход 1,31 млн ₸ от 1 плательщика. Конечным получателем не считаем. Похожие узлы 1-3 колена пересылают дальше в 41% случаев.",Периферия,,4,False,1,0,1313000.0,0.0,3,0,0.0,0,9,0,0.0,,1,0,0,0,0.4112,cutoff_depth4,cutoff
100000002970466100,peripheral,0.9,2,0.2824,"Вход 23 317 ₸ от 1 плательщика, выход 93 000 ₸ 2 получателям. Пороги ролей не достигнуты, признаков роли нет. Отдаёт больше, чем получил в выборке: есть источники вне данных.",Периферия,,3,False,1,2,23317.0,93000.0,1,3,3.9885,0,7,0,0.0,0.4301,1,0,0,0,,,none
100000000724540100,peripheral,0.9,20,0.281,"Вход 50 000 ₸ от 1 плательщика, выход 100 000 ₸ 1 получателю. Пороги ролей не достигнуты, признаков роли нет. Отдаёт больше, чем получил в выборке: есть источники вне данных.",Периферия,,2,False,1,1,50000.0,100000.0,1,1,2.0,0,8,0,0.0,,1,0,0,0,,,none
100000003105929100,peripheral,0.9,7,0.2809,"Вход 429 567 ₸ от 1 плательщика, выход 156 354 ₸ 1 получателю. Пороги ролей не достигнуты, признаков роли нет.",Периферия,,3,False,1,1,429567.0,156354.0,2,1,0.364,0,7,0,0.0,,1,0,0,0,,,none
100000002731501100,peripheral,0.65,25,0.2806,"Вход 570 370 ₸ от 3 плательщиков, выход 833 960 ₸ 7 получателям. Пороги ролей не достигнуты, признаков роли нет. Отдаёт больше, чем получил в выборке: есть источники вне данных.",Периферия,,1,False,3,7,570370.0,833960.0,7,20,1.4621,1,1,0,0.0,0.3298,3,12,2,6,,sync_inflow;cycle;mutual_transfers;recurring_route,none
100000005539201100,peripheral,0.9,4,0.2801,"Вход 45 504 ₸ от 1 плательщика, выход 25 000 ₸ 1 получателю. Пороги ролей не достигнуты, признаков роли нет.",Периферия,,1,False,1,1,45504.0,25000.0,1,1,0.5494,1,7,0,0.0,,1,0,0,0,,,none
100000002214301100,peripheral,0.9,2,0.2798,"Вход 21 438 ₸ от 1 плательщика, выход 8 000 ₸ 1 получателю. Пороги ролей не достигнуты, признаков роли нет.",Периферия,,1,False,1,1,21438.0,8000.0,1,1,0.3732,1,7,0,0.0001,,1,0,0,0,,,none
100000000961900100,terminal,0.5,2,0.2787,"Получил 36 000 ₸ от 2 плательщиков, исходящих от 5 000 ₸ в июле нет (колено 1). Деньги остаются.",Конечный получатель,,1,False,2,0,36000.0,0.0,3,0,0.0,1,7,0,0.0,,1,0,0,0,,,keeps
100000001223977100,peripheral,0.9,52,0.2784,"Вход 5 000 ₸ от 1 плательщика, выход 18 000 ₸ 1 получателю. Пороги ролей не достигнуты, признаков роли нет. Отдаёт больше, чем получил в выборке: есть источники вне данных.",Периферия,,3,False,1,1,5000.0,18000.0,1,1,3.6,0,10,0,0.0,,1,0,0,0,,,none
100000004094958100,transit,1.0,50,0.2783,"Получил 39 000 ₸ от 1 плательщика, передал дальше 103% (40 000 ₸) 1 получателю; 100% ушло в течение 2 дней. Признаки транзита.",Транзит,,1,False,1,1,39000.0,40000.0,1,1,1.0256,1,1,0,0.0,1.0,1,0,0,0,,fast_transit,pass_through
100000000011452100,peripheral,0.7,2,0.2781,"Вход 110 000 ₸ от 3 плательщиков, выход 16 685 ₸ 1 получателю. Пороги ролей не достигнуты, признаков роли нет.",Периферия,,1,False,3,1,110000.0,16685.0,7,2,0.1517,1,7,0,0.0,1.0,1,0,1,2,,fast_transit;mutual_transfers;recurring_route,none
100000008436257100,terminal,0.5,16,0.2781,"Получил 35 000 ₸ от 2 плательщиков, исходящих от 5 000 ₸ в июле нет (колено 3). Деньги остаются.",Конечный получатель,,3,False,2,0,35000.0,0.0,2,0,0.0,0,7,0,0.0,,2,0,0,0,,,keeps
100000005572303100,peripheral,0.9,4,0.2778,"Вход 75 000 ₸ от 1 плательщика, выход 20 000 ₸ 1 получателю. Пороги ролей не достигнуты, признаков роли нет.",Периферия,,2,False,1,1,75000.0,20000.0,1,1,0.2667,0,7,0,0.0,,1,0,0,0,,,none
100000001987030100,peripheral,0.8,15,0.2774,"Вход 30 864 ₸ от 2 плательщиков, выход 19 000 ₸ 1 получателю. Пороги ролей не достигнуты, признаков роли нет.",Периферия,,1,False,2,1,30864.0,19000.0,2,1,0.6156,1,7,0,0.0001,,1,0,0,0,,,none
100000002872399100,terminal,1.0,8,0.2771,"Получил 1,09 млн ₸ от 1 плательщика, исходящих от 5 000 ₸ в июле нет (колено 3). Деньги остаются.",Конечный получатель,,3,False,1,0,1090000.0,0.0,9,0,0.0,0,1,0,0.0,,1,0,0,0,,,keeps
100000002696152100,peripheral,0.9,34,0.2763,"Вход 21 800 ₸ от 1 плательщика, выход 69 000 ₸ 2 получателям. Пороги ролей не достигнуты, признаков роли нет. Отдаёт больше, чем получил в выборке: есть источники вне данных.",Периферия,,3,False,1,2,21800.0,69000.0,3,8,3.1651,0,8,0,0.0,0.2174,1,0,1,0,,mutual_transfers,none
100000001110358100,terminal,0.5,2,0.276,"Получил 32 000 ₸ от 2 плательщиков, исходящих от 5 000 ₸ в июле нет (колено 3). Деньги остаются.",Конечный получатель,,3,False,2,0,32000.0,0.0,2,0,0.0,0,7,0,0.0,,2,0,0,0,,,keeps
100000008097580100,terminal,0.5,6,0.276,"Получил 32 000 ₸ от 2 плательщиков, исходящих от 5 000 ₸ в июле нет (колено 3). Деньги остаются.",Конечный получатель,,3,False,2,0,32000.0,0.0,4,0,0.0,0,7,1,0.0,,1,0,0,0,,,keeps
100000000254336100,peripheral,0.8,2,0.2757,"Вход 97 177 ₸ от 2 плательщиков, выход 60 000 ₸ 1 получателю. Пороги ролей не достигнуты, признаков роли нет.",Периферия,,3,False,2,1,97177.0,60000.0,2,1,0.6174,0,7,0,0.0,1.0,1,0,0,0,,fast_transit,none
100000000031787100,transit,1.0,8,0.2754,"Получил 90 000 ₸ от 1 плательщика, передал дальше 100% (90 000 ₸) 2 получателям; 44% ушло в течение 2 дней. Признаки транзита.",Транзит,,2,False,1,2,90000.0,90000.0,2,4,1.0,0,1,0,0.0,0.4444,1,0,1,0,,mutual_transfers,pass_through
100000007939160100,terminal,0.95,45,0.2749,"Получил 795 000 ₸ от 1 плательщика, дальше ушло только 2%. Деньги остаются.",Конечный получатель,,1,False,1,2,795000.0,14300.0,2,2,0.018,1,1,0,0.0,,1,0,1,0,,mutual_transfers,keeps
100000001785161100,terminal,0.5,31,0.2745,"Получил 30 000 ₸ от 2 плательщиков, исходящих от 5 000 ₸ в июле нет (колено 3). Деньги остаются.",Конечный получатель,,3,False,2,0,30000.0,0.0,2,0,0.0,0,7,0,0.0,,1,0,0,0,,,keeps
100000002692750100,peripheral,0.7,8,0.273,"Вход 112 830 ₸ от 3 плательщиков, выход 77 000 ₸ 1 получателю. Пороги ролей не достигнуты, признаков роли нет.",Периферия,,2,False,3,1,112830.0,77000.0,3,8,0.6824,0,7,0,0.0,0.1558,1,0,1,0,,mutual_transfers,none
100000008232832100,peripheral,0.9,41,0.273,"Вход 337 000 ₸ от 1 плательщика, выход 138 000 ₸ 1 получателю. Пороги ролей не достигнуты, признаков роли нет.",Периферия,,1,False,1,1,337000.0,138000.0,2,1,0.4095,1,10,0,0.0,,1,0,0,0,,,none
100000004580254100,terminal,0.5,16,0.2729,"Получил 27 940 ₸ от 2 плательщиков, исходящих от 5 000 ₸ в июле нет (колено 3). Деньги остаются.",Конечный получатель,,3,False,2,0,27940.0,0.0,2,0,0.0,0,7,0,0.0,,1,0,0,0,,,keeps
100000001445848100,peripheral,0.9,36,0.2727,"Вход 546 000 ₸ от 1 плательщика, выход 351 850 ₸ 1 получателю. Пороги ролей не достигнуты, признаков роли нет.",Периферия,,3,False,1,1,546000.0,351850.0,13,14,0.6444,0,7,0,0.0,0.6864,1,0,1,0,,fast_transit;mutual_transfers,none
100000002109656100,terminal,0.849,13,0.2725,"Получил 500 000 ₸ от 1 плательщика, исходящих от 5 000 ₸ в июле нет (колено 3). Деньги остаются.",Конечный получатель,,3,False,1,0,500000.0,0.0,1,0,0.0,0,2,0,0.0,,1,0,0,0,,,keeps
100000002644285100,terminal,0.849,13,0.2725,"Получил 500 000 ₸ от 1 плательщика, исходящих от 5 000 ₸ в июле нет (колено 3). Деньги остаются.",Конечный получатель,,3,False,1,0,500000.0,0.0,1,0,0.0,0,2,0,0.0,,1,0,0,0,,,keeps
100000008388049100,terminal,0.848,13,0.2724,"Получил 496 400 ₸ от 1 плательщика, исходящих от 5 000 ₸ в июле нет (колено 3). Деньги остаются.",Конечный получатель,,3,False,1,0,496400.0,0.0,1,0,0.0,0,2,0,0.0,,1,0,0,0,,,keeps
100000001703168100,peripheral,0.9,3,0.2722,"Вход 45 000 ₸ от 1 плательщика, выход 90 000 ₸ 1 получателю. Пороги ролей не достигнуты, признаков роли нет. Отдаёт больше, чем получил в выборке: есть источники вне данных.",Периферия,,2,False,1,1,45000.0,90000.0,1,1,2.0,0,7,0,0.0,1.0,1,0,0,0,,fast_transit,none
100000004622227100,peripheral,0.85,2,0.272,"Вход 24 931 ₸ от 1 плательщика, выход 19 000 ₸ 3 получателям. Пороги ролей не достигнуты, признаков роли нет.",Периферия,,1,False,1,3,24931.0,19000.0,1,3,0.7621,1,7,0,0.0,,1,0,0,0,,,none
100000007484343100,terminal,0.5,2,0.2719,"Получил 26 757 ₸ от 2 плательщиков, исходящих от 5 000 ₸ в июле нет (колено 3). Деньги остаются.",Конечный получатель,,3,False,2,0,26757.0,0.0,2,0,0.0,0,7,0,0.0,,2,0,0,0,,,keeps
100000002670960100,terminal,0.841,13,0.2716,"Получил 480 310 ₸ от 1 плательщика, исходящих от 5 000 ₸ в июле нет (колено 3). Деньги остаются.",Конечный получатель,,3,False,1,0,480310.0,0.0,1,0,0.0,0,2,0,0.0,,1,0,0,0,,,keeps
100000007390016100,peripheral,0.9,71,0.2716,"Вход 511 000 ₸ от 1 плательщика, выход 346 500 ₸ 1 получателю. Пороги ролей не достигнуты, признаков роли нет.",Периферия,,3,False,1,1,511000.0,346500.0,13,14,0.6781,0,7,0,0.0,0.7157,1,0,1,0,,fast_transit;mutual_transfers,none
100000008200810100,terminal,0.838,13,0.2714,"Получил 475 000 ₸ от 1 плательщика, исходящих от 5 000 ₸ в июле нет (колено 3). Деньги остаются.",Конечный получатель,,3,False,1,0,475000.0,0.0,1,0,0.0,0,2,0,0.0,,1,0,0,0,,,keeps
100000001439416100,peripheral,0.9,6,0.2712,"Вход 10 000 ₸ от 1 плательщика, выход 165 000 ₸ 2 получателям. Пороги ролей не достигнуты, признаков роли нет. Отдаёт больше, чем получил в выборке: есть источники вне данных.",Периферия,,3,False,1,2,10000.0,165000.0,1,3,16.5,0,7,0,0.0,,1,0,1,0,,mutual_transfers,none
100000008314203100,peripheral,0.8,41,0.2711,"seed. Вход 382 076 ₸ от 2 плательщиков, выход 327 000 ₸ 2 получателям. Пороги ролей не достигнуты, признаков роли нет.",Периферия,,0,True,2,2,382076.0,327000.0,10,13,0.8559,2,9,1,0.0,0.4862,1,2,2,4,,seed;cycle;mutual_transfers;recurring_route,none
100000000646541100,terminal,0.5,2,0.2706,"Получил 25 300 ₸ от 3 плательщиков, исходящих от 5 000 ₸ в июле нет (колено 2). Деньги остаются.",Конечный получатель,,2,False,3,0,25300.0,0.0,4,0,0.0,0,7,0,0.0,,1,0,0,0,,,keeps
100000003942602100,transit,1.0,1,0.2705,"Получил 30 000 ₸ от 1 плательщика, передал дальше 100% (30 000 ₸) 1 получателю; 100% ушло в течение 2 дней. Признаки транзита.",Транзит,,1,False,1,1,30000.0,30000.0,1,1,1.0,1,1,0,0.0,1.0,1,0,1,0,,fast_transit;mutual_transfers,pass_through
100000004692798100,terminal,0.69,12,0.2703,"Получил 240 305 ₸ от 2 плательщиков, дальше ушло только 6%. Деньги остаются.",Конечный получатель,,1,False,2,1,240305.0,15000.0,4,2,0.0624,1,1,0,0.0,1.0,1,0,1,0,,fast_transit;mutual_transfers,keeps
100000002622822100,peripheral,0.4,21,0.2702,4-е колено: исходящие не собирались (обрыв выборки). Вход 750 000 ₸ от 1 плательщика. Конечным получателем не считаем. Похожие узлы 1-3 колена пересылают дальше в 41% случаев.,Периферия,,4,False,1,0,750000.0,0.0,1,0,0.0,0,9,0,0.0,,1,0,0,0,0.4112,cutoff_depth4,cutoff
100000004399686100,terminal,0.953,24,0.2702,"Получил 806 000 ₸ от 1 плательщика, исходящих от 5 000 ₸ в июле нет (колено 3). Деньги остаются.",Конечный получатель,,3,False,1,0,806000.0,0.0,2,0,0.0,0,1,0,0.0,,1,0,0,0,,,keeps
100000002448088100,peripheral,0.7,22,0.2697,"Вход 20 000 ₸ от 3 плательщиков, выход 25 000 ₸ 1 получателю. Пороги ролей не достигнуты, признаков роли нет. Отдаёт больше, чем получил в выборке: есть источники вне данных.",Периферия,,3,False,3,1,20000.0,25000.0,3,1,1.25,0,7,0,0.0,1.0,2,0,0,0,,fast_transit,none
100000001637376100,peripheral,0.9,7,0.2691,"Вход 116 700 ₸ от 1 плательщика, выход 234 250 ₸ 1 получателю. Пороги ролей не достигнуты, признаков роли нет. Отдаёт больше, чем получил в выборке: есть источники вне данных.",Периферия,,3,False,1,1,116700.0,234250.0,1,2,2.0073,0,7,0,0.0,0.4952,1,0,0,0,,,none
100000004071444100,peripheral,0.9,2,0.2689,"Вход 247 350 ₸ от 1 плательщика, выход 100 000 ₸ 1 получателю. Пороги ролей не достигнуты, признаков роли нет.",Периферия,,3,False,1,1,247350.0,100000.0,1,1,0.4043,0,7,0,0.0,,1,0,0,0,,,none
100000005413948100,peripheral,0.8,5,0.2686,"Вход 28 215 ₸ от 2 плательщиков, выход 5 000 ₸ 1 получателю. Пороги ролей не достигнуты, признаков роли нет.",Периферия,,2,False,2,1,28215.0,5000.0,2,1,0.1772,0,9,0,0.0,,1,0,1,0,,mutual_transfers,none
100000005075949100,peripheral,0.4,48,0.2685,"4-е колено: исходящие не собирались (обрыв выборки). Вход 2,23 млн ₸ от 1 плательщика. Конечным получателем не считаем. Похожие узлы 1-3 колена пересылают дальше в 41% случаев.",Периферия,,4,False,1,0,2226000.0,0.0,7,0,0.0,0,7,0,0.0,,1,0,0,0,0.4112,cutoff_depth4,cutoff
100000005756189100,peripheral,0.9,7,0.2683,"Вход 65 000 ₸ от 1 плательщика, выход 49 050 ₸ 1 получателю. Пороги ролей не достигнуты, признаков роли нет.",Периферия,,3,False,1,1,65000.0,49050.0,1,1,0.7546,0,7,0,0.0,1.0,1,0,0,0,,fast_transit,none
100000005367284100,peripheral,0.9,2,0.268,"Вход 13 700 ₸ от 1 плательщика, выход 48 300 ₸ 2 получателям. Пороги ролей не достигнуты, признаков роли нет. Отдаёт больше, чем получил в выборке: есть источники вне данных.",Периферия,,3,False,1,2,13700.0,48300.0,1,5,3.5255,0,7,0,0.0,0.2836,1,0,0,0,,,none
100000005409680100,terminal,0.5,17,0.2679,"seed. Получил 55 060 ₸ от 2 плательщиков, исходящих от 5 000 ₸ в июле нет (колено 0). Деньги остаются.",Конечный получатель,,0,True,2,0,55060.0,0.0,2,0,0.0,0,9,0,0.0,,1,0,0,0,,seed,keeps
100000001929088100,terminal,0.799,8,0.2672,"Получил 396 010 ₸ от 2 плательщиков, исходящих от 5 000 ₸ в июле нет (колено 1). Деньги остаются.",Конечный получатель,,1,False,2,0,396010.0,0.0,2,0,0.0,2,2,0,0.0,,1,0,0,0,,,keeps
100000002884708100,peripheral,0.4,5,0.2671,"4-е колено: исходящие не собирались (обрыв выборки). Вход 1,17 млн ₸ от 1 плательщика. Конечным получателем не считаем. Похожие узлы 1-3 колена пересылают дальше в 41% случаев.",Периферия,,4,False,1,0,1171644.0,0.0,2,0,0.0,0,8,0,0.0,,1,0,0,0,0.4112,cutoff_depth4,cutoff
100000001601320100,transit,0.845,8,0.267,"Получил 43 500 ₸ от 2 плательщиков, передал дальше 106% (46 200 ₸) 1 получателю. Признаки транзита.",Транзит,,2,False,2,1,43500.0,46200.0,2,1,1.0621,0,1,0,0.0,,1,0,0,0,,,pass_through
100000005183943100,terminal,0.917,45,0.2663,"Получил 680 900 ₸ от 1 плательщика, исходящих от 5 000 ₸ в июле нет (колено 1). Деньги остаются.",Конечный получатель,,1,False,1,0,680900.0,0.0,9,0,0.0,1,1,0,0.0,,1,0,0,0,,,keeps
100000001053894100,peripheral,0.4,40,0.2661,"4-е колено: исходящие не собирались (обрыв выборки). Вход 2,00 млн ₸ от 1 плательщика. Конечным получателем не считаем. Похожие узлы 1-3 колена пересылают дальше в 41% случаев.",Периферия,,4,False,1,0,2000000.0,0.0,7,0,0.0,0,7,0,0.0,,1,0,0,0,0.4112,cutoff_depth4,cutoff
100000005815602100,peripheral,0.9,4,0.2656,"Вход 20 000 ₸ от 1 плательщика, выход 165 000 ₸ 1 получателю. Пороги ролей не достигнуты, признаков роли нет. Отдаёт больше, чем получил в выборке: есть источники вне данных.",Периферия,,3,False,1,1,20000.0,165000.0,1,1,8.25,0,7,0,0.0,,1,0,0,0,,,none
100000003066385100,terminal,0.5,2,0.2652,"Получил 20 000 ₸ от 2 плательщиков, исходящих от 5 000 ₸ в июле нет (колено 1). Деньги остаются.",Конечный получатель,,1,False,2,0,20000.0,0.0,2,0,0.0,1,7,0,0.0,,1,0,0,0,,,keeps
100000000507799100,peripheral,0.9,39,0.2648,"Вход 5 132 ₸ от 1 плательщика, выход 8 000 ₸ 1 получателю. Пороги ролей не достигнуты, признаков роли нет. Отдаёт больше, чем получил в выборке: есть источники вне данных.",Периферия,,1,False,1,1,5132.0,8000.0,1,1,1.5588,1,7,0,0.0001,,1,0,0,0,,,none
100000001363952100,peripheral,0.8,6,0.2646,"Вход 196 655 ₸ от 2 плательщиков, выход 91 000 ₸ 1 получателю. Пороги ролей не достигнуты, признаков роли нет.",Периферия,,1,False,2,1,196655.0,91000.0,2,2,0.4627,1,7,0,0.0,0.1099,1,0,0,0,,,none
100000005198906100,peripheral,0.9,7,0.2646,"Вход 227 970 ₸ от 1 плательщика, выход 60 000 ₸ 1 получателю. Пороги ролей не достигнуты, признаков роли нет.",Периферия,,3,False,1,1,227970.0,60000.0,1,1,0.2632,0,7,0,0.0,,1,0,0,0,,,none
100000005264990100,peripheral,0.9,19,0.2643,"seed. Вход 17 070 ₸ от 1 плательщика, выход 122 000 ₸ 2 получателям. Пороги ролей не достигнуты, признаков роли нет.",Периферия,,0,True,1,2,17070.0,122000.0,1,2,7.147,0,7,0,0.0001,,1,0,0,0,,seed,none
100000008175078100,peripheral,0.4,37,0.2642,"4-е колено: исходящие не собирались (обрыв выборки). Вход 1,85 млн ₸ от 1 плательщика. Конечным получателем не считаем. Похожие узлы 1-3 колена пересылают дальше в 41% случаев.",Периферия,,4,False,1,0,1846711.0,0.0,15,0,0.0,0,7,0,0.0,,1,0,0,0,0.4112,cutoff_depth4,cutoff
100000008517061100,peripheral,0.4,14,0.2642,"4-е колено: исходящие не собирались (обрыв выборки). Вход 1,84 млн ₸ от 1 плательщика. Конечным получателем не считаем. Похожие узлы 1-3 колена пересылают дальше в 41% случаев.",Периферия,,4,False,1,0,1844000.0,0.0,4,0,0.0,0,7,0,0.0,,1,0,0,0,0.4112,cutoff_depth4,cutoff
100000008583360100,peripheral,0.9,9,0.2642,"Вход 112 843 ₸ от 1 плательщика, выход 170 000 ₸ 1 получателю. Пороги ролей не достигнуты, признаков роли нет. Отдаёт больше, чем получил в выборке: есть источники вне данных.",Периферия,,3,False,1,1,112843.0,170000.0,1,1,1.5065,0,7,0,0.0,,1,0,0,0,,,none
100000000274067100,peripheral,0.8,8,0.2636,"Вход 517 704 ₸ от 2 плательщиков, выход 2,97 млн ₸ 3 получателям. Пороги ролей не достигнуты, признаков роли нет. Отдаёт больше, чем получил в выборке: есть источники вне данных.",Периферия,,1,False,2,3,517704.0,2969000.0,9,9,5.7349,1,1,0,0.0,0.6922,1,0,1,2,,fast_transit;mutual_transfers;recurring_route,none
100000008497298100,terminal,0.889,9,0.2634,"Получил 600 000 ₸ от 1 плательщика, исходящих от 5 000 ₸ в июле нет (колено 2). Деньги остаются.",Конечный получатель,,2,False,1,0,600000.0,0.0,1,0,0.0,0,1,0,0.0,,1,0,0,0,,,keeps
100000003164661100,terminal,0.888,30,0.2633,"Получил 596 200 ₸ от 1 плательщика, исходящих от 5 000 ₸ в июле нет (колено 3). Деньги остаются.",Конечный получатель,,3,False,1,0,596200.0,0.0,3,0,0.0,0,1,0,0.0,,1,0,0,0,,,keeps
100000005077484100,terminal,0.588,30,0.2631,"Получил 150 000 ₸ от 1 плательщика, дальше ушло только 9%. Деньги остаются.",Конечный получатель,,2,False,1,2,150000.0,13550.0,1,2,0.0903,0,1,0,0.0,0.5203,1,0,1,0,,fast_transit;mutual_transfers,keeps
100000001490461100,peripheral,0.9,9,0.2629,"Вход 20 000 ₸ от 1 плательщика, выход 5 000 ₸ 1 получателю. Пороги ролей не достигнуты, признаков роли нет.",Периферия,,2,False,1,1,20000.0,5000.0,1,1,0.25,0,9,0,0.0,,1,0,0,0,,,none
100000004221668100,peripheral,0.6,28,0.2626,"Вход 1,13 млн ₸ от 4 плательщиков, выход 731 440 ₸ 3 получателям. Пороги ролей не достигнуты, признаков роли нет.",Периферия,,2,False,4,3,1128300.0,731440.0,8,10,0.6483,0,1,0,0.0,0.9841,1,1,2,0,,fast_transit;cycle;mutual_transfers,none
100000000375150100,peripheral,0.4,11,0.2625,4-е колено: исходящие не собирались (обрыв выборки). Вход 300 000 ₸ от 1 плательщика. Конечным получателем не считаем. Похожие узлы 1-3 колена пересылают дальше в 29% случаев.,Периферия,,4,False,1,0,300000.0,0.0,1,0,0.0,0,10,0,0.0,,1,0,0,0,0.2867,cutoff_depth4,cutoff
100000008665380100,peripheral,0.8,2,0.2622,"Вход 69 100 ₸ от 2 плательщиков, выход 18 200 ₸ 1 получателю. Пороги ролей не достигнуты, признаков роли нет.",Периферия,,1,False,2,1,69100.0,18200.0,2,1,0.2634,1,7,0,0.0,1.0,1,0,0,0,,fast_transit,none
100000003843844100,peripheral,0.9,11,0.2618,"Вход 16 680 ₸ от 1 плательщика, выход 238 000 ₸ 1 получателю. Пороги ролей не достигнуты, признаков роли нет. Отдаёт больше, чем получил в выборке: есть источники вне данных.",Периферия,,3,False,1,1,16680.0,238000.0,1,1,14.2686,0,7,0,0.0,,1,0,0,0,,,none
100000001138283100,peripheral,0.9,6,0.2616,"Вход 81 805 ₸ от 1 плательщика, выход 50 000 ₸ 2 получателям. Пороги ролей не достигнуты, признаков роли нет.",Периферия,,3,False,1,2,81805.0,50000.0,1,2,0.6112,0,7,0,0.0,0.8,1,0,1,0,,fast_transit;mutual_transfers,none
100000008757369100,peripheral,0.9,2,0.2614,"Вход 25 961 ₸ от 1 плательщика, выход 58 398 ₸ 1 получателю. Пороги ролей не достигнуты, признаков роли нет. Отдаёт больше, чем получил в выборке: есть источники вне данных.",Периферия,,3,False,1,1,25961.0,58398.0,1,3,2.2495,0,7,0,0.0,0.899,1,0,0,0,,fast_transit,none
100000002958345100,terminal,0.744,13,0.2613,"Получил 307 000 ₸ от 1 плательщика, исходящих от 5 000 ₸ в июле нет (колено 3). Деньги остаются.",Конечный получатель,,3,False,1,0,307000.0,0.0,1,0,0.0,0,2,0,0.0,,1,0,0,0,,,keeps
100000002509598100,terminal,0.743,13,0.2612,"Получил 305 550 ₸ от 1 плательщика, исходящих от 5 000 ₸ в июле нет (колено 3). Деньги остаются.",Конечный получатель,,3,False,1,0,305550.0,0.0,1,0,0.0,0,2,0,0.0,,1,0,0,0,,,keeps
100000005530114100,peripheral,0.8,16,0.261,"Вход 136 970 ₸ от 2 плательщиков, выход 25 000 ₸ 1 получателю. Пороги ролей не достигнуты, признаков роли нет.",Периферия,,3,False,2,1,136970.0,25000.0,2,1,0.1825,0,7,0,0.0,1.0,1,0,0,0,,fast_transit,none
100000005363908100,transit,1.0,50,0.2606,"Получил 19 500 ₸ от 1 плательщика, передал дальше 100% (19 500 ₸) 1 получателю; 100% ушло в течение 2 дней. Признаки транзита.",Транзит,,1,False,1,1,19500.0,19500.0,1,1,1.0,1,1,0,0.0,1.0,1,0,0,0,,fast_transit,pass_through
100000001131403100,peripheral,0.4,57,0.2605,"4-е колено: исходящие не собирались (обрыв выборки). Вход 1,57 млн ₸ от 1 плательщика. Конечным получателем не считаем. Похожие узлы 1-3 колена пересылают дальше в 41% случаев.",Периферия,,4,False,1,0,1570000.0,0.0,3,0,0.0,0,7,0,0.0,,1,0,0,0,0.4112,cutoff_depth4,cutoff
100000002508637100,terminal,0.743,20,0.2589,"Получил 306 410 ₸ от 1 плательщика, дальше ушло только 3%. Деньги остаются.",Конечный получатель,,3,False,1,1,306410.0,8000.0,1,1,0.0261,0,1,0,0.0,,1,0,0,0,,,keeps
100000002255058100,terminal,0.846,3,0.2588,"Получил 491 500 ₸ от 1 плательщика, исходящих от 5 000 ₸ в июле нет (колено 3). Деньги остаются.",Конечный получатель,,3,False,1,0,491500.0,0.0,2,0,0.0,0,1,0,0.0,,1,0,0,0,,,keeps
100000002821425100,terminal,0.72,13,0.2588,"Получил 275 000 ₸ от 1 плательщика, исходящих от 5 000 ₸ в июле нет (колено 3). Деньги остаются.",Конечный получатель,,3,False,1,0,275000.0,0.0,1,0,0.0,0,2,0,0.0,,1,0,0,0,,,keeps
100000003034546100,terminal,0.844,9,0.2586,"Получил 486 715 ₸ от 1 плательщика, исходящих от 5 000 ₸ в июле нет (колено 2). Деньги остаются.",Конечный получатель,,2,False,1,0,486715.0,0.0,2,0,0.0,0,1,0,0.0,,1,0,0,0,,,keeps
100000000850297100,transit,1.0,10,0.2581,"Получил 17 520 ₸ от 1 плательщика, передал дальше 100% (17 520 ₸) 1 получателю; 100% ушло в течение 2 дней. Признаки транзита.",Транзит,,2,False,1,1,17520.0,17520.0,1,1,1.0,0,1,0,0.0,1.0,1,0,1,0,,fast_transit;mutual_transfers,pass_through
100000005308954100,peripheral,0.9,4,0.2581,"Вход 69 020 ₸ от 1 плательщика, выход 30 000 ₸ 1 получателю. Пороги ролей не достигнуты, признаков роли нет.",Периферия,,3,False,1,1,69020.0,30000.0,1,1,0.4347,0,7,0,0.0,,1,0,0,0,,,none
100000000922570100,transit,0.846,12,0.258,"Получил 47 101 ₸ от 1 плательщика, передал дальше 106% (50 000 ₸) 1 получателю. Признаки транзита.",Транзит,,1,False,1,1,47101.0,50000.0,1,1,1.0615,1,1,0,0.0,,1,0,0,0,,,pass_through
100000003031761100,terminal,0.832,20,0.2573,"Получил 460 408 ₸ от 1 плательщика, исходящих от 5 000 ₸ в июле нет (колено 3). Деньги остаются.",Конечный получатель,,3,False,1,0,460408.0,0.0,1,0,0.0,0,1,0,0.0,,1,0,0,0,,,keeps
100000008417359100,peripheral,0.9,16,0.2568,"Вход 40 810 ₸ от 1 плательщика, выход 110 760 ₸ 2 получателям. Пороги ролей не достигнуты, признаков роли нет. Отдаёт больше, чем получил в выборке: есть источники вне данных.",Периферия,,3,False,1,2,40810.0,110760.0,2,3,2.714,0,7,0,0.0,0.8126,1,1,0,0,,fast_transit;cycle,none
100000001056414100,terminal,0.699,13,0.2566,"Получил 250 000 ₸ от 1 плательщика, исходящих от 5 000 ₸ в июле нет (колено 3). Деньги остаются.",Конечный получатель,,3,False,1,0,250000.0,0.0,1,0,0.0,0,2,0,0.0,,1,0,0,0,,,keeps
100000003001564100,peripheral,0.9,4,0.2566,"Вход 23 520 ₸ от 1 плательщика, выход 180 000 ₸ 1 получателю. Пороги ролей не достигнуты, признаков роли нет. Отдаёт больше, чем получил в выборке: есть источники вне данных.",Периферия,,1,False,1,1,23520.0,180000.0,1,1,7.6531,1,7,0,0.0,,1,0,0,0,,,none
100000001164648100,terminal,0.5,18,0.2564,"Получил 13 660 ₸ от 2 плательщиков, исходящих от 5 000 ₸ в июле нет (колено 1). Деньги остаются.",Конечный получатель,,1,False,2,0,13660.0,0.0,2,0,0.0,1,7,0,0.0,,1,0,0,0,,,keeps
100000003220685100,peripheral,0.4,7,0.2563,"4-е колено: исходящие не собирались (обрыв выборки). Вход 1,31 млн ₸ от 1 плательщика. Конечным получателем не считаем. Похожие узлы 1-3 колена пересылают дальше в 41% случаев.",Периферия,,4,False,1,0,1306000.0,0.0,2,0,0.0,0,7,0,0.0,,1,0,0,0,0.4112,cutoff_depth4,cutoff
100000004975919100,peripheral,0.9,6,0.2563,"Вход 22 351 ₸ от 1 плательщика, выход 15 000 ₸ 2 получателям. Пороги ролей не достигнуты, признаков роли нет.",Периферия,,3,False,1,2,22351.0,15000.0,1,2,0.6711,0,7,0,0.0,,1,0,0,0,,,none
100000001985793100,terminal,0.812,28,0.2552,"Получил 420 000 ₸ от 1 плательщика, исходящих от 5 000 ₸ в июле нет (колено 2). Деньги остаются.",Конечный получатель,,2,False,1,0,420000.0,0.0,1,0,0.0,0,1,0,0.0,,1,0,0,0,,,keeps
100000006638021100,peripheral,0.4,49,0.2551,4-е колено: исходящие не собирались (обрыв выборки). Вход 388 500 ₸ от 2 плательщиков. Конечным получателем не считаем. Похожие узлы 1-3 колена пересылают дальше в 56% случаев.,Периферия,,4,False,2,0,388500.0,0.0,2,0,0.0,0,9,0,0.0,,2,0,0,0,0.5614,cutoff_depth4,cutoff
100000008650785100,peripheral,0.8,4,0.255,"seed. Вход 92 000 ₸ от 2 плательщиков, выход 120 120 ₸ 2 получателям. Пороги ролей не достигнуты, признаков роли нет.",Периферия,,0,True,2,2,92000.0,120120.0,2,2,1.3057,1,8,0,0.0,0.5829,1,0,0,0,,seed,none
100000003923946100,peripheral,0.8,8,0.2548,"Вход 282 000 ₸ от 1 плательщика, выход 675 000 ₸ 4 получателям. Пороги ролей не достигнуты, признаков роли нет. Отдаёт больше, чем получил в выборке: есть источники вне данных.",Периферия,,1,False,1,4,282000.0,675000.0,3,4,2.3936,1,2,0,0.0,1.0,1,0,1,4,,fast_transit;mutual_transfers;recurring_route,none
100000000190228100,peripheral,0.9,9,0.2547,"Вход 5 000 ₸ от 1 плательщика, выход 28 560 ₸ 1 получателю. Пороги ролей не достигнуты, признаков роли нет. Отдаёт больше, чем получил в выборке: есть источники вне данных.",Периферия,,2,False,1,1,5000.0,28560.0,1,1,5.712,0,8,0,0.0,,1,0,0,0,,,none
100000002956779100,terminal,0.807,3,0.2547,"Получил 411 000 ₸ от 1 плательщика, исходящих от 5 000 ₸ в июле нет (колено 3). Деньги остаются.",Конечный получатель,,3,False,1,0,411000.0,0.0,1,0,0.0,0,1,0,0.0,,1,0,0,0,,,keeps
100000002933386100,peripheral,0.9,3,0.2532,"Вход 15 000 ₸ от 1 плательщика, выход 58 000 ₸ 1 получателю. Пороги ролей не достигнуты, признаков роли нет. Отдаёт больше, чем получил в выборке: есть источники вне данных.",Периферия,,3,False,1,1,15000.0,58000.0,1,1,3.8667,0,7,1,0.0,,1,0,0,0,,,none
100000006165886100,peripheral,0.8,2,0.2531,"Вход 184 481 ₸ от 2 плательщиков, выход 75 000 ₸ 1 получателю. Пороги ролей не достигнуты, признаков роли нет.",Периферия,,3,False,2,1,184481.0,75000.0,2,1,0.4065,0,7,0,0.0,1.0,1,0,0,0,,fast_transit,none
100000004035925100,peripheral,0.4,64,0.2526,"4-е колено: исходящие не собирались (обрыв выборки). Вход 1,11 млн ₸ от 1 плательщика. Конечным получателем не считаем. Похожие узлы 1-3 колена пересылают дальше в 41% случаев.",Периферия,,4,False,1,0,1111588.0,0.0,2,0,0.0,0,7,0,0.0,,1,0,0,0,0.4112,cutoff_depth4,cutoff
100000005767403100,peripheral,0.4,35,0.2523,"4-е колено: исходящие не собирались (обрыв выборки). Вход 1,10 млн ₸ от 1 плательщика. Конечным получателем не считаем. Похожие узлы 1-3 колена пересылают дальше в 41% случаев.",Периферия,,4,False,1,0,1100000.0,0.0,2,0,0.0,0,7,0,0.0,,1,0,0,0,0.4112,cutoff_depth4,cutoff
100000007507343100,terminal,0.784,53,0.2523,"Получил 370 000 ₸ от 1 плательщика, исходящих от 5 000 ₸ в июле нет (колено 1). Деньги остаются.",Конечный получатель,,1,False,1,0,370000.0,0.0,1,0,0.0,1,1,0,0.0,,1,0,0,0,,,keeps
100000008106997100,peripheral,0.8,3,0.252,"Вход 35 600 ₸ от 2 плательщиков, выход 20 600 ₸ 1 получателю. Пороги ролей не достигнуты, признаков роли нет.",Периферия,,2,False,2,1,35600.0,20600.0,2,1,0.5787,0,7,0,0.0,1.0,1,0,0,0,,fast_transit,none
100000008418934100,terminal,0.778,9,0.2517,"Получил 360 000 ₸ от 1 плательщика, исходящих от 5 000 ₸ в июле нет (колено 2). Деньги остаются.",Конечный получатель,,2,False,1,0,360000.0,0.0,1,0,0.0,0,1,0,0.0,,1,0,0,0,,,keeps
100000001960517100,terminal,0.651,8,0.2515,"Получил 200 000 ₸ от 1 плательщика, исходящих от 5 000 ₸ в июле нет (колено 1). Деньги остаются.",Конечный получатель,,1,False,1,0,200000.0,0.0,1,0,0.0,1,2,0,0.0,,1,0,0,0,,,keeps
100000002671326100,peripheral,0.4,5,0.2513,"4-е колено: исходящие не собирались (обрыв выборки). Вход 1,05 млн ₸ от 1 плательщика. Конечным получателем не считаем. Похожие узлы 1-3 колена пересылают дальше в 41% случаев.",Периферия,,4,False,1,0,1050000.0,0.0,2,0,0.0,0,7,0,0.0,,1,0,0,0,0.4112,cutoff_depth4,cutoff
100000003289405100,terminal,0.775,3,0.2513,"Получил 355 000 ₸ от 1 плательщика, исходящих от 5 000 ₸ в июле нет (колено 2). Деньги остаются.",Конечный получатель,,2,False,1,0,355000.0,0.0,1,0,0.0,0,1,0,0.0,,1,0,0,0,,,keeps
100000004407753100,peripheral,0.9,29,0.251,"Вход 250 000 ₸ от 1 плательщика, выход 100 000 ₸ 1 получателю. Пороги ролей не достигнуты, признаков роли нет.",Периферия,,3,False,1,1,250000.0,100000.0,4,1,0.4,0,7,0,0.0,1.0,1,0,1,0,,fast_transit;mutual_transfers,none
100000001965374100,peripheral,0.8,24,0.2508,"Вход 1,76 млн ₸ от 2 плательщиков, выход 3,08 млн ₸ 3 получателям. Пороги ролей не достигнуты, признаков роли нет. Отдаёт больше, чем получил в выборке: есть источники вне данных.",Периферия,,2,False,2,3,1759720.0,3082100.0,8,5,1.7515,0,1,0,0.0,0.2615,2,0,1,2,,mutual_transfers;recurring_route,none
100000001831496100,peripheral,0.9,10,0.2505,"Вход 25 000 ₸ от 1 плательщика, выход 373 000 ₸ 1 получателю. Пороги ролей не достигнуты, признаков роли нет. Отдаёт больше, чем получил в выборке: есть источники вне данных.",Периферия,,3,False,1,1,25000.0,373000.0,1,1,14.92,0,7,0,0.0,,1,0,0,0,,,none
100000005317181100,peripheral,0.9,2,0.2505,"Вход 141 250 ₸ от 1 плательщика, выход 14 500 ₸ 1 получателю. Пороги ролей не достигнуты, признаков роли нет.",Периферия,,3,False,1,1,141250.0,14500.0,1,1,0.1027,0,7,0,0.0,,1,0,0,0,,,none
100000002594214100,peripheral,0.4,40,0.2501,"4-е колено: исходящие не собирались (обрыв выборки). Вход 1,00 млн ₸ от 1 плательщика. Конечным получателем не считаем. Похожие узлы 1-3 колена пересылают дальше в 41% случаев.",Периферия,,4,False,1,0,1000000.0,0.0,1,0,0.0,0,7,0,0.0,,1,0,0,0,0.4112,cutoff_depth4,cutoff
100000005042822100,peripheral,0.4,32,0.2501,"4-е колено: исходящие не собирались (обрыв выборки). Вход 1,00 млн ₸ от 1 плательщика. Конечным получателем не считаем. Похожие узлы 1-3 колена пересылают дальше в 41% случаев.",Периферия,,4,False,1,0,1000000.0,0.0,1,0,0.0,0,7,0,0.0,,1,0,0,0,0.4112,cutoff_depth4,cutoff
100000003037476100,peripheral,0.4,5,0.2499,4-е колено: исходящие не собирались (обрыв выборки). Вход 555 000 ₸ от 3 плательщиков. Конечным получателем не считаем. Похожие узлы 1-3 колена пересылают дальше в 66% случаев.,Периферия,,4,False,3,0,555000.0,0.0,3,0,0.0,0,8,0,0.0,,2,0,0,0,0.6629,cutoff_depth4,cutoff
100000004779204100,peripheral,0.9,2,0.2495,"Вход 30 450 ₸ от 1 плательщика, выход 20 000 ₸ 1 получателю. Пороги ролей не достигнуты, признаков роли нет.",Периферия,,3,False,1,1,30450.0,20000.0,1,2,0.6568,0,7,0,0.0,0.5,1,0,0,0,,fast_transit,none
100000000860514100,peripheral,0.9,26,0.2494,"Вход 12 000 ₸ от 1 плательщика, выход 50 000 ₸ 1 получателю. Пороги ролей не достигнуты, признаков роли нет. Отдаёт больше, чем получил в выборке: есть источники вне данных.",Периферия,,3,False,1,1,12000.0,50000.0,1,1,4.1667,0,7,0,0.0,,1,0,0,0,,,none
100000003275398100,terminal,0.739,25,0.2489,"Получил 300 000 ₸ от 1 плательщика, дальше ушло только 7%. Деньги остаются.",Конечный получатель,,2,False,1,1,300000.0,20000.0,1,1,0.0667,0,1,0,0.0,,1,0,0,0,,,keeps
100000004552204100,peripheral,0.9,33,0.2488,"Вход 22 500 ₸ от 1 плательщика, выход 10 000 ₸ 2 получателям. Пороги ролей не достигнуты, признаков роли нет.",Периферия,,3,False,1,2,22500.0,10000.0,2,2,0.4444,0,8,0,0.0,,1,0,1,0,,mutual_transfers,none
100000002681449100,peripheral,0.8,41,0.2484,"Вход 94 638 ₸ от 2 плательщиков, выход 133 000 ₸ 2 получателям. Пороги ролей не достигнуты, признаков роли нет. Отдаёт больше, чем получил в выборке: есть источники вне данных.",Периферия,,1,False,2,2,94638.0,133000.0,2,2,1.4054,1,7,0,0.0,0.0977,1,0,0,0,,,none
100000003574895100,peripheral,0.9,2,0.2484,"Вход 27 968 ₸ от 1 плательщика, выход 20 000 ₸ 1 получателю. Пороги ролей не достигнуты, признаков роли нет.",Периферия,,3,False,1,1,27968.0,20000.0,1,1,0.7151,0,7,0,0.0,1.0,1,0,0,0,,fast_transit,none
100000003718715100,peripheral,0.4,11,0.2481,4-е колено: исходящие не собирались (обрыв выборки). Вход 915 000 ₸ от 1 плательщика. Конечным получателем не считаем. Похожие узлы 1-3 колена пересылают дальше в 41% случаев.,Периферия,,4,False,1,0,915000.0,0.0,3,0,0.0,0,7,0,0.0,,1,0,0,0,0.4112,cutoff_depth4,cutoff
100000006967370100,peripheral,0.9,16,0.2478,"Вход 33 225 ₸ от 1 плательщика, выход 13 526 ₸ 1 получателю. Пороги ролей не достигнуты, признаков роли нет.",Периферия,,3,False,1,1,33225.0,13526.27,1,1,0.4071,0,7,0,0.0,1.0,1,0,0,0,,fast_transit,none
100000000896111100,terminal,0.729,24,0.2465,"Получил 287 100 ₸ от 1 плательщика, исходящих от 5 000 ₸ в июле нет (колено 3). Деньги остаются.",Конечный получатель,,3,False,1,0,287100.0,0.0,1,0,0.0,0,1,0,0.0,,1,0,0,0,,,keeps
100000001232297100,peripheral,0.9,11,0.2463,"Вход 5 000 ₸ от 1 плательщика, выход 45 000 ₸ 2 получателям. Пороги ролей не достигнуты, признаков роли нет. Отдаёт больше, чем получил в выборке: есть источники вне данных.",Периферия,,2,False,1,2,5000.0,45000.0,1,2,9.0,0,10,0,0.0,,1,1,1,0,,cycle;mutual_transfers,none
100000002445750100,peripheral,0.9,2,0.2463,"Вход 70 000 ₸ от 1 плательщика, выход 10 000 ₸ 1 получателю. Пороги ролей не достигнуты, признаков роли нет.",Периферия,,2,False,1,1,70000.0,10000.0,1,1,0.1429,0,7,0,0.0,,1,0,0,0,,,none
100000005175148100,peripheral,0.8,15,0.2458,"Вход 79 000 ₸ от 2 плательщиков, выход 15 000 ₸ 1 получателю. Пороги ролей не достигнуты, признаков роли нет.",Периферия,,2,False,2,1,79000.0,15000.0,4,1,0.1899,0,7,0,0.0,1.0,1,1,1,0,,fast_transit;cycle;mutual_transfers,none
100000008254576100,peripheral,0.9,36,0.2458,"Вход 8 000 ₸ от 1 плательщика, выход 60 000 ₸ 1 получателю. Пороги ролей не достигнуты, признаков роли нет. Отдаёт больше, чем получил в выборке: есть источники вне данных.",Периферия,,3,False,1,1,8000.0,60000.0,1,1,7.5,0,7,0,0.0,,1,0,0,0,,,none
100000008736940100,peripheral,0.7,44,0.245,"Вход 451 090 ₸ от 3 плательщиков, выход 182 100 ₸ 3 получателям. Пороги ролей не достигнуты, признаков роли нет.",Периферия,,1,False,3,3,451090.0,182100.0,13,6,0.4037,1,1,0,0.0,1.0,2,8,3,4,,fast_transit;cycle;mutual_transfers;recurring_route,none
100000002633701100,terminal,0.713,9,0.2448,"Получил 266 850 ₸ от 1 плательщика, исходящих от 5 000 ₸ в июле нет (колено 2). Деньги остаются.",Конечный получатель,,2,False,1,0,266850.0,0.0,1,0,0.0,0,1,0,0.0,,1,0,0,0,,,keeps
100000007797290100,peripheral,0.9,2,0.2445,"Вход 100 000 ₸ от 1 плательщика, выход 20 000 ₸ 1 получателю. Пороги ролей не достигнуты, признаков роли нет.",Периферия,,2,False,1,1,100000.0,20000.0,1,1,0.2,0,7,0,0.0,,1,0,0,0,,,none
100000008720856100,peripheral,0.9,7,0.2445,"Вход 18 105 ₸ от 1 плательщика, выход 46 000 ₸ 1 получателю. Пороги ролей не достигнуты, признаков роли нет. Отдаёт больше, чем получил в выборке: есть источники вне данных.",Периферия,,3,False,1,1,18105.0,46000.0,1,2,2.5407,0,7,0,0.0,,1,0,0,0,,,none
100000005034574100,terminal,0.706,65,0.2441,"Получил 258 816 ₸ от 1 плательщика, исходящих от 5 000 ₸ в июле нет (колено 1). Деньги остаются.",Конечный получатель,,1,False,1,0,258816.0,0.0,16,0,0.0,1,1,0,0.0,,1,0,0,0,,,keeps
100000002824176100,terminal,0.579,8,0.2439,"Получил 144 000 ₸ от 1 плательщика, исходящих от 5 000 ₸ в июле нет (колено 1). Деньги остаются.",Конечный получатель,,1,False,1,0,144000.0,0.0,1,0,0.0,1,2,0,0.0,,1,0,0,0,,,keeps
100000002958286100,terminal,0.705,9,0.2439,"Получил 257 000 ₸ от 1 плательщика, исходящих от 5 000 ₸ в июле нет (колено 1). Деньги остаются.",Конечный получатель,,1,False,1,0,257000.0,0.0,1,0,0.0,1,1,0,0.0,,1,0,0,0,,,keeps
100000004586598100,peripheral,0.4,67,0.2439,4-е колено: исходящие не собирались (обрыв выборки). Вход 761 255 ₸ от 1 плательщика. Конечным получателем не считаем. Похожие узлы 1-3 колена пересылают дальше в 41% случаев.,Периферия,,4,False,1,0,761255.0,0.0,4,0,0.0,0,7,0,0.0,,1,0,0,0,0.4112,cutoff_depth4,cutoff
100000000733940100,peripheral,0.4,32,0.2436,4-е колено: исходящие не собирались (обрыв выборки). Вход 752 000 ₸ от 1 плательщика. Конечным получателем не считаем. Похожие узлы 1-3 колена пересылают дальше в 41% случаев.,Периферия,,4,False,1,0,752000.0,0.0,2,0,0.0,0,7,0,0.0,,1,0,0,0,0.4112,cutoff_depth4,cutoff
100000000769919100,terminal,0.699,61,0.2433,"Получил 250 000 ₸ от 1 плательщика, исходящих от 5 000 ₸ в июле нет (колено 2). Деньги остаются.",Конечный получатель,,2,False,1,0,250000.0,0.0,1,0,0.0,0,1,0,0.0,,1,0,0,0,,,keeps
100000004331458100,terminal,0.699,50,0.2433,"Получил 250 000 ₸ от 2 плательщиков, исходящих от 5 000 ₸ в июле нет (колено 2). Деньги остаются.",Конечный получатель,,2,False,2,0,250000.0,0.0,2,0,0.0,0,1,0,0.0,,1,0,0,0,,,keeps
100000005454368100,terminal,0.5,11,0.2428,"seed. Получил 48 600 ₸ от 2 плательщиков, исходящих от 5 000 ₸ в июле нет (колено 0). Деньги остаются.",Конечный получатель,,0,True,2,0,48600.0,0.0,2,0,0.0,0,7,0,0.0,,1,0,0,0,,seed,keeps
100000008579978100,peripheral,0.9,7,0.2427,"Вход 34 000 ₸ от 1 плательщика, выход 77 000 ₸ 1 получателю. Пороги ролей не достигнуты, признаков роли нет. Отдаёт больше, чем получил в выборке: есть источники вне данных.",Периферия,,3,False,1,1,34000.0,77000.0,1,6,2.2647,0,7,0,0.0,0.3506,1,0,0,0,,,none
100000003896956100,peripheral,0.9,4,0.2424,"Вход 10 000 ₸ от 1 плательщика, выход 27 000 ₸ 1 получателю. Пороги ролей не достигнуты, признаков роли нет. Отдаёт больше, чем получил в выборке: есть источники вне данных.",Периферия,,3,False,1,1,10000.0,27000.0,1,2,2.7,0,7,0,0.0,0.6667,1,0,0,0,,fast_transit,none
100000007953156100,peripheral,0.9,14,0.2424,"Вход 18 000 ₸ от 1 плательщика, выход 10 000 ₸ 1 получателю. Пороги ролей не достигнуты, признаков роли нет.",Периферия,,2,False,1,1,18000.0,10000.0,1,1,0.5556,0,8,0,0.0,,1,0,0,0,,,none
100000002984403100,peripheral,0.9,26,0.2421,"Вход 20 000 ₸ от 1 плательщика, выход 25 000 ₸ 1 получателю. Пороги ролей не достигнуты, признаков роли нет. Отдаёт больше, чем получил в выборке: есть источники вне данных.",Периферия,,3,False,1,1,20000.0,25000.0,1,1,1.25,0,7,0,0.0,,1,0,0,0,,,none
100000008599354100,peripheral,0.9,2,0.242,"Вход 177 000 ₸ от 1 плательщика, выход 38 200 ₸ 1 получателю. Пороги ролей не достигнуты, признаков роли нет.",Периферия,,3,False,1,1,177000.0,38200.0,1,2,0.2158,0,7,0,0.0,,1,0,0,0,,,none
100000002591469100,terminal,0.686,8,0.2419,"Получил 235 670 ₸ от 1 плательщика, исходящих от 5 000 ₸ в июле нет (колено 1). Деньги остаются.",Конечный получатель,,1,False,1,0,235670.0,0.0,1,0,0.0,1,1,0,0.0,,1,0,0,0,,,keeps
100000002475601100,terminal,0.683,20,0.2416,"Получил 232 301 ₸ от 1 плательщика, исходящих от 5 000 ₸ в июле нет (колено 3). Деньги остаются.",Конечный получатель,,3,False,1,0,232301.0,0.0,1,0,0.0,0,1,0,0.0,,1,0,0,0,,,keeps
100000008333492100,peripheral,0.4,49,0.2416,4-е колено: исходящие не собирались (обрыв выборки). Вход 216 400 ₸ от 1 плательщика. Конечным получателем не считаем. Похожие узлы 1-3 колена пересылают дальше в 29% случаев.,Периферия,,4,False,1,0,216400.0,0.0,1,0,0.0,0,9,0,0.0,,1,0,0,0,0.2867,cutoff_depth4,cutoff
100000003089018100,terminal,0.681,9,0.2414,"Получил 230 000 ₸ от 1 плательщика, исходящих от 5 000 ₸ в июле нет (колено 2). Деньги остаются.",Конечный получатель,,2,False,1,0,230000.0,0.0,1,0,0.0,0,1,0,0.0,,1,0,0,0,,,keeps
100000008193258100,peripheral,0.9,16,0.2414,"Вход 75 000 ₸ от 1 плательщика, выход 30 000 ₸ 1 получателю. Пороги ролей не достигнуты, признаков роли нет.",Периферия,,3,False,1,1,75000.0,30000.0,2,1,0.4,0,7,0,0.0,,1,0,0,0,,,none
100000004732589100,terminal,0.679,10,0.2411,"Получил 227 520 ₸ от 1 плательщика, исходящих от 5 000 ₸ в июле нет (колено 2). Деньги остаются.",Конечный получатель,,2,False,1,0,227520.0,0.0,1,0,0.0,0,1,0,0.0,,1,0,0,0,,,keeps
100000007197866100,peripheral,0.9,6,0.2411,"Вход 20 000 ₸ от 1 плательщика, выход 15 000 ₸ 1 получателю. Пороги ролей не достигнуты, признаков роли нет.",Периферия,,3,False,1,1,20000.0,15000.0,1,1,0.75,0,7,0,0.0,1.0,1,0,0,0,,fast_transit,none
100000001471706100,peripheral,0.4,19,0.241,4-е колено: исходящие не собирались (обрыв выборки). Вход 377 000 ₸ от 1 плательщика. Конечным получателем не считаем. Похожие узлы 1-3 колена пересылают дальше в 41% случаев.,Периферия,,4,False,1,0,377000.0,0.0,8,0,0.0,0,8,0,0.0,,1,0,0,0,0.4112,cutoff_depth4,cutoff
100000008306857100,terminal,0.548,13,0.2407,"Получил 125 000 ₸ от 1 плательщика, исходящих от 5 000 ₸ в июле нет (колено 3). Деньги остаются.",Конечный получатель,,3,False,1,0,125000.0,0.0,1,0,0.0,0,2,0,0.0,,1,0,0,0,,,keeps
100000002615479100,terminal,0.671,9,0.2403,"Получил 220 000 ₸ от 1 плательщика, исходящих от 5 000 ₸ в июле нет (колено 1). Деньги остаются.",Конечный получатель,,1,False,1,0,220000.0,0.0,1,0,0.0,1,1,0,0.0,,1,0,0,0,,,keeps
100000001954534100,peripheral,0.9,2,0.2401,"Вход 13 000 ₸ от 1 плательщика, выход 40 000 ₸ 1 получателю. Пороги ролей не достигнуты, признаков роли нет. Отдаёт больше, чем получил в выборке: есть источники вне данных.",Периферия,,3,False,1,1,13000.0,40000.0,1,1,3.0769,0,7,0,0.0,,1,0,0,0,,,none
100000003736419100,peripheral,0.9,2,0.24,"Вход 23 300 ₸ от 1 плательщика, выход 10 000 ₸ 1 получателю. Пороги ролей не достигнуты, признаков роли нет.",Периферия,,3,False,1,1,23300.0,10000.0,1,1,0.4292,0,7,0,0.0,1.0,1,0,0,0,,fast_transit,none
100000003031890100,terminal,0.666,25,0.2398,"Получил 215 000 ₸ от 1 плательщика, исходящих от 5 000 ₸ в июле нет (колено 2). Деньги остаются.",Конечный получатель,,2,False,1,0,215000.0,0.0,10,0,0.0,0,1,0,0.0,,1,0,0,0,,,keeps
100000004739664100,transit,0.583,1,0.2397,"Получил 12 000 ₸ от 1 плательщика, передал дальше 83% (10 000 ₸) 1 получателю. Признаки транзита.",Транзит,,1,False,1,1,12000.0,10000.0,1,1,0.8333,1,1,0,0.0,,1,0,0,0,,,pass_through
100000000534581100,peripheral,0.8,6,0.2393,"Вход 55 960 ₸ от 2 плательщиков, выход 40 000 ₸ 1 получателю. Пороги ролей не достигнуты, признаков роли нет.",Периферия,,3,False,2,1,55960.0,40000.0,2,1,0.7148,0,7,0,0.0,,1,0,0,0,,,none
100000001270349100,terminal,0.651,28,0.2381,"Получил 200 000 ₸ от 1 плательщика, исходящих от 5 000 ₸ в июле нет (колено 3). Деньги остаются.",Конечный получатель,,3,False,1,0,200000.0,0.0,1,0,0.0,0,1,0,0.0,,1,0,0,0,,,keeps
100000002784085100,terminal,0.651,9,0.2381,"Получил 200 000 ₸ от 1 плательщика, исходящих от 5 000 ₸ в июле нет (колено 1). Деньги остаются.",Конечный получатель,,1,False,1,0,200000.0,0.0,1,0,0.0,1,1,0,0.0,,1,0,0,0,,,keeps
100000004130144100,terminal,0.651,8,0.2381,"Получил 200 000 ₸ от 1 плательщика, исходящих от 5 000 ₸ в июле нет (колено 1). Деньги остаются.",Конечный получатель,,1,False,1,0,200000.0,0.0,1,0,0.0,1,1,0,0.0,,1,0,0,0,,,keeps
100000007641801100,terminal,0.651,8,0.2381,"Получил 200 000 ₸ от 1 плательщика, исходящих от 5 000 ₸ в июле нет (колено 1). Деньги остаются.",Конечный получатель,,1,False,1,0,200000.0,0.0,1,0,0.0,1,1,0,0.0,,1,0,0,0,,,keeps
100000001724740100,peripheral,0.4,5,0.238,4-е колено: исходящие не собирались (обрыв выборки). Вход 185 000 ₸ от 1 плательщика. Конечным получателем не считаем. Похожие узлы 1-3 колена пересылают дальше в 29% случаев.,Периферия,,4,False,1,0,185000.0,0.0,4,0,0.0,0,9,0,0.0,,1,0,0,0,0.2867,cutoff_depth4,cutoff
100000007330432100,peripheral,0.4,70,0.2378,4-е колено: исходящие не собирались (обрыв выборки). Вход 584 900 ₸ от 1 плательщика. Конечным получателем не считаем. Похожие узлы 1-3 колена пересылают дальше в 41% случаев.,Периферия,,4,False,1,0,584900.0,0.0,1,0,0.0,0,7,0,0.0,,1,0,0,0,0.4112,cutoff_depth4,cutoff
100000007865484100,peripheral,0.4,42,0.2378,4-е колено: исходящие не собирались (обрыв выборки). Вход 584 600 ₸ от 1 плательщика. Конечным получателем не считаем. Похожие узлы 1-3 колена пересылают дальше в 41% случаев.,Периферия,,4,False,1,0,584600.0,0.0,2,0,0.0,0,7,0,0.0,,1,0,0,0,0.4112,cutoff_depth4,cutoff
100000005233755100,peripheral,0.9,16,0.2376,"Вход 25 000 ₸ от 1 плательщика, выход 5 000 ₸ 1 получателю. Пороги ролей не достигнуты, признаков роли нет.",Периферия,,3,False,1,1,25000.0,5000.0,1,1,0.2,0,7,0,0.0,1.0,1,0,0,0,,fast_transit,none
100000008088082100,peripheral,0.9,11,0.2376,"Вход 39 138 ₸ от 1 плательщика, выход 50 000 ₸ 1 получателю. Пороги ролей не достигнуты, признаков роли нет. Отдаёт больше, чем получил в выборке: есть источники вне данных.",Периферия,,3,False,1,1,39138.0,50000.0,1,1,1.2775,0,7,0,0.0,,1,0,0,0,,,none
100000005053653100,peripheral,0.8,11,0.2374,"Вход 63 073 ₸ от 2 плательщиков, выход 25 000 ₸ 1 получателю. Пороги ролей не достигнуты, признаков роли нет.",Периферия,,2,False,2,1,63073.0,25000.0,2,1,0.3964,0,7,0,0.0,,1,0,0,0,,,none
100000002528544100,terminal,0.643,20,0.2373,"Получил 192 912 ₸ от 1 плательщика, исходящих от 5 000 ₸ в июле нет (колено 3). Деньги остаются.",Конечный получатель,,3,False,1,0,192912.0,0.0,1,0,0.0,0,1,0,0.0,,1,0,0,0,,,keeps
100000007283257100,terminal,0.642,65,0.2372,"Получил 192 000 ₸ от 1 плательщика, исходящих от 5 000 ₸ в июле нет (колено 1). Деньги остаются.",Конечный получатель,,1,False,1,0,192000.0,0.0,7,0,0.0,1,1,0,0.0,,1,0,0,0,,,keeps
100000002308091100,terminal,0.636,13,0.2366,"Получил 186 720 ₸ от 1 плательщика, исходящих от 5 000 ₸ в июле нет (колено 3). Деньги остаются.",Конечный получатель,,3,False,1,0,186720.0,0.0,1,0,0.0,0,1,0,0.0,,1,0,0,0,,,keeps
100000002886166100,terminal,0.634,25,0.2363,"Получил 185 000 ₸ от 1 плательщика, исходящих от 5 000 ₸ в июле нет (колено 3). Деньги остаются.",Конечный получатель,,3,False,1,0,185000.0,0.0,3,0,0.0,0,1,0,0.0,,1,0,0,0,,,keeps
100000003677936100,peripheral,0.9,8,0.2363,"Вход 71 000 ₸ от 1 плательщика, выход 13 000 ₸ 1 получателю. Пороги ролей не достигнуты, признаков роли нет.",Периферия,,3,False,1,1,71000.0,13000.0,1,2,0.1831,0,7,0,0.0,0.4615,1,0,0,0,,,none
100000001477796100,terminal,0.63,3,0.236,"Получил 182 000 ₸ от 1 плательщика, исходящих от 5 000 ₸ в июле нет (колено 1). Деньги остаются.",Конечный получатель,,1,False,1,0,182000.0,0.0,1,0,0.0,1,1,0,0.0,,1,0,0,0,,,keeps
100000002831727100,peripheral,0.9,17,0.236,"Вход 6 000 ₸ от 1 плательщика, выход 77 000 ₸ 1 получателю. Пороги ролей не достигнуты, признаков роли нет. Отдаёт больше, чем получил в выборке: есть источники вне данных.",Периферия,,2,False,1,1,6000.0,77000.0,1,3,12.8333,0,7,0,0.0,0.1299,1,0,0,0,,,none
100000003112578100,terminal,0.502,13,0.2358,"Получил 101 080 ₸ от 1 плательщика, исходящих от 5 000 ₸ в июле нет (колено 3). Деньги остаются.",Конечный получатель,,3,False,1,0,101080.0,0.0,1,0,0.0,0,2,0,0.0,,1,0,0,0,,,keeps
100000003128638100,peripheral,0.4,5,0.2358,4-е колено: исходящие не собирались (обрыв выборки). Вход 300 000 ₸ от 1 плательщика. Конечным получателем не считаем. Похожие узлы 1-3 колена пересылают дальше в 29% случаев.,Периферия,,4,False,1,0,300000.0,0.0,1,0,0.0,0,8,0,0.0,,1,0,0,0,0.2867,cutoff_depth4,cutoff
100000004006327100,peripheral,0.4,5,0.2358,4-е колено: исходящие не собирались (обрыв выборки). Вход 300 000 ₸ от 1 плательщика. Конечным получателем не считаем. Похожие узлы 1-3 колена пересылают дальше в 29% случаев.,Периферия,,4,False,1,0,300000.0,0.0,3,0,0.0,0,8,0,0.0,,1,0,0,0,0.2867,cutoff_depth4,cutoff
100000008740295100,peripheral,0.4,5,0.2358,4-е колено: исходящие не собирались (обрыв выборки). Вход 300 000 ₸ от 1 плательщика. Конечным получателем не считаем. Похожие узлы 1-3 колена пересылают дальше в 29% случаев.,Периферия,,4,False,1,0,300000.0,0.0,1,0,0.0,0,8,0,0.0,,1,0,0,0,0.2867,cutoff_depth4,cutoff
100000003131016100,peripheral,0.9,2,0.2356,"Вход 405 700 ₸ от 1 плательщика, выход 126 000 ₸ 1 получателю. Пороги ролей не достигнуты, признаков роли нет.",Периферия,,2,False,1,1,405700.0,126000.0,7,4,0.3106,0,7,1,0.0,0.3254,1,0,1,0,,mutual_transfers,none
100000001872484100,peripheral,0.85,56,0.2355,"Вход 871 400 ₸ от 1 плательщика, выход 514 580 ₸ 3 получателям. Пороги ролей не достигнуты, признаков роли нет.",Периферия,,1,False,1,3,871400.0,514580.0,13,9,0.5905,1,1,0,0.0,0.5464,1,1,1,0,,fast_transit;cycle;mutual_transfers,none
100000005616568100,peripheral,0.4,7,0.2355,4-е колено: исходящие не собирались (обрыв выборки). Вход 530 000 ₸ от 1 плательщика. Конечным получателем не считаем. Похожие узлы 1-3 колена пересылают дальше в 41% случаев.,Периферия,,4,False,1,0,530000.0,0.0,1,0,0.0,0,7,0,0.0,,1,0,0,0,0.4112,cutoff_depth4,cutoff
100000004921657100,peripheral,0.9,3,0.2349,"Вход 8 300 ₸ от 1 плательщика, выход 22 190 ₸ 1 получателю. Пороги ролей не достигнуты, признаков роли нет. Отдаёт больше, чем получил в выборке: есть источники вне данных.",Периферия,,3,False,1,1,8300.0,22190.0,1,1,2.6735,0,10,0,0.0,1.0,1,0,0,0,,fast_transit,none
100000003692843100,peripheral,0.4,62,0.2347,4-е колено: исходящие не собирались (обрыв выборки). Вход 510 000 ₸ от 1 плательщика. Конечным получателем не считаем. Похожие узлы 1-3 колена пересылают дальше в 41% случаев.,Периферия,,4,False,1,0,510000.0,0.0,2,0,0.0,0,7,0,0.0,,1,0,0,0,0.4112,cutoff_depth4,cutoff
100000005783452100,peripheral,0.4,13,0.2347,4-е колено: исходящие не собирались (обрыв выборки). Вход 286 500 ₸ от 2 плательщиков. Конечным получателем не считаем. Похожие узлы 1-3 колена пересылают дальше в 54% случаев.,Периферия,,4,False,2,0,286500.0,0.0,2,0,0.0,0,8,0,0.0,,2,0,0,0,0.536,cutoff_depth4,cutoff
100000000806727100,peripheral,0.9,3,0.2346,"Вход 45 000 ₸ от 1 плательщика, выход 5 000 ₸ 1 получателю. Пороги ролей не достигнуты, признаков роли нет.",Периферия,,2,False,1,1,45000.0,5000.0,1,1,0.1111,0,11,1,0.0,,1,0,0,0,,,none
100000001957974100,peripheral,0.4,14,0.2342,4-е колено: исходящие не собирались (обрыв выборки). Вход 500 000 ₸ от 1 плательщика. Конечным получателем не считаем. Похожие узлы 1-3 колена пересылают дальше в 41% случаев.,Периферия,,4,False,1,0,500000.0,0.0,1,0,0.0,0,7,0,0.0,,1,0,0,0,0.4112,cutoff_depth4,cutoff
100000002981527100,terminal,0.613,9,0.2341,"Получил 168 000 ₸ от 1 плательщика, исходящих от 5 000 ₸ в июле нет (колено 1). Деньги остаются.",Конечный получатель,,1,False,1,0,168000.0,0.0,1,0,0.0,1,1,0,0.0,,1,0,0,0,,,keeps
100000004144536100,terminal,0.613,25,0.2341,"Получил 168 000 ₸ от 4 плательщиков, исходящих от 5 000 ₸ в июле нет (колено 1). Деньги остаются.",Конечный получатель,,1,False,4,0,168000.0,0.0,6,0,0.0,1,1,0,0.0,,2,0,0,0,,,keeps
100000003237045100,peripheral,0.9,4,0.2338,"Вход 340 200 ₸ от 1 плательщика, выход 150 000 ₸ 1 получателю. Пороги ролей не достигнуты, признаков роли нет.",Периферия,,2,False,1,1,340200.0,150000.0,2,1,0.4409,0,7,0,0.0,,1,0,1,0,,mutual_transfers,none
100000003603979100,terminal,0.609,25,0.2337,"Получил 165 000 ₸ от 1 плательщика, исходящих от 5 000 ₸ в июле нет (колено 2). Деньги остаются.",Конечный получатель,,2,False,1,0,165000.0,0.0,3,0,0.0,0,1,0,0.0,,1,0,0,0,,,keeps
100000002958343100,peripheral,0.9,8,0.2333,"Вход 2,90 млн ₸ от 1 плательщика, выход 1,39 млн ₸ 2 получателям. Пороги ролей не достигнуты, признаков роли нет.",Периферия,,2,False,1,2,2900000.0,1390000.0,4,17,0.4793,0,1,0,0.0,0.1079,1,0,1,2,,mutual_transfers;recurring_route,none
100000005037490100,peripheral,0.9,11,0.2331,"Вход 15 000 ₸ от 1 плательщика, выход 30 000 ₸ 2 получателям. Пороги ролей не достигнуты, признаков роли нет. Отдаёт больше, чем получил в выборке: есть источники вне данных.",Периферия,,3,False,1,2,15000.0,30000.0,1,3,2.0,0,7,0,0.0,0.4667,1,0,1,0,,mutual_transfers,none
100000001362940100,peripheral,0.9,3,0.2324,"Вход 81 000 ₸ от 1 плательщика, выход 0 ₸ 0 получателям. Пороги ролей не достигнуты, признаков роли нет.",Периферия,,1,False,1,0,81000.0,0.0,1,0,0.0,1,10,0,0.0,,1,0,0,0,,,none
100000003988112100,peripheral,0.9,19,0.2324,"Вход 92 000 ₸ от 1 плательщика, выход 64 000 ₸ 1 получателю. Пороги ролей не достигнуты, признаков роли нет.",Периферия,,2,False,1,1,92000.0,64000.0,2,5,0.6957,0,7,1,0.0,0.6875,1,0,1,0,,fast_transit;mutual_transfers,none
100000002257794100,terminal,0.594,25,0.2321,"Получил 154 000 ₸ от 1 плательщика, исходящих от 5 000 ₸ в июле нет (колено 3). Деньги остаются.",Конечный получатель,,3,False,1,0,154000.0,0.0,1,0,0.0,0,1,0,0.0,,1,0,0,0,,,keeps
100000006232642100,peripheral,0.4,43,0.2321,4-е колено: исходящие не собирались (обрыв выборки). Вход 456 000 ₸ от 1 плательщика. Конечным получателем не считаем. Похожие узлы 1-3 колена пересылают дальше в 41% случаев.,Периферия,,4,False,1,0,456000.0,0.0,4,0,0.0,0,7,0,0.0,,1,0,0,0,0.4112,cutoff_depth4,cutoff
100000005265073100,peripheral,0.9,19,0.2319,"Вход 5 000 ₸ от 1 плательщика, выход 9 000 ₸ 1 получателю. Пороги ролей не достигнуты, признаков роли нет. Отдаёт больше, чем получил в выборке: есть источники вне данных.",Периферия,,3,False,1,1,5000.0,9000.0,1,1,1.8,0,8,0,0.0,,1,0,0,0,,,none
100000002922000100,peripheral,0.4,46,0.2317,4-е колено: исходящие не собирались (обрыв выборки). Вход 448 000 ₸ от 1 плательщика. Конечным получателем не считаем. Похожие узлы 1-3 колена пересылают дальше в 41% случаев.,Периферия,,4,False,1,0,448000.0,0.0,1,0,0.0,0,7,0,0.0,,1,0,0,0,0.4112,cutoff_depth4,cutoff
100000004931931100,peripheral,0.9,2,0.2317,"Вход 23 938 ₸ от 1 плательщика, выход 45 000 ₸ 1 получателю. Пороги ролей не достигнуты, признаков роли нет. Отдаёт больше, чем получил в выборке: есть источники вне данных.",Периферия,,3,False,1,1,23938.0,45000.0,1,1,1.8799,0,7,0,0.0,,1,0,0,0,,,none
100000007841978100,peripheral,0.4,7,0.2317,4-е колено: исходящие не собирались (обрыв выборки). Вход 449 000 ₸ от 1 плательщика. Конечным получателем не считаем. Похожие узлы 1-3 колена пересылают дальше в 41% случаев.,Периферия,,4,False,1,0,449000.0,0.0,1,0,0.0,0,7,0,0.0,,1,0,0,0,0.4112,cutoff_depth4,cutoff
100000008619159100,peripheral,0.4,64,0.2316,4-е колено: исходящие не собирались (обрыв выборки). Вход 446 400 ₸ от 1 плательщика. Конечным получателем не считаем. Похожие узлы 1-3 колена пересылают дальше в 41% случаев.,Периферия,,4,False,1,0,446400.0,0.0,2,0,0.0,0,7,0,0.0,,1,0,0,0,0.4112,cutoff_depth4,cutoff
100000000861294100,terminal,0.588,8,0.2315,"Получил 150 000 ₸ от 1 плательщика, исходящих от 5 000 ₸ в июле нет (колено 2). Деньги остаются.",Конечный получатель,,2,False,1,0,150000.0,0.0,1,0,0.0,0,1,0,0.0,,1,0,0,0,,,keeps
100000002170580100,terminal,0.588,10,0.2315,"Получил 150 000 ₸ от 1 плательщика, исходящих от 5 000 ₸ в июле нет (колено 2). Деньги остаются.",Конечный получатель,,2,False,1,0,150000.0,0.0,1,0,0.0,0,1,0,0.0,,1,0,0,0,,,keeps
100000002606567100,peripheral,0.9,2,0.2311,"Вход 14 095 ₸ от 1 плательщика, выход 53 000 ₸ 1 получателю. Пороги ролей не достигнуты, признаков роли нет. Отдаёт больше, чем получил в выборке: есть источники вне данных.",Периферия,,1,False,1,1,14095.0,53000.0,1,1,3.7602,1,7,0,0.0,,1,0,0,0,,,none
100000002686226100,peripheral,0.4,16,0.2307,4-е колено: исходящие не собирались (обрыв выборки). Вход 430 000 ₸ от 1 плательщика. Конечным получателем не считаем. Похожие узлы 1-3 колена пересылают дальше в 41% случаев.,Периферия,,4,False,1,0,430000.0,0.0,2,0,0.0,0,7,0,0.0,,1,0,0,0,0.4112,cutoff_depth4,cutoff
100000002904919100,peripheral,0.9,2,0.2307,"Вход 60 325 ₸ от 1 плательщика, выход 5 500 ₸ 1 получателю. Пороги ролей не достигнуты, признаков роли нет.",Периферия,,3,False,1,1,60325.0,5500.0,1,1,0.0912,0,7,0,0.0,,1,0,0,0,,,none
100000007689942100,peripheral,0.9,17,0.2306,"Вход 5 000 ₸ от 1 плательщика, выход 25 000 ₸ 2 получателям. Пороги ролей не достигнуты, признаков роли нет. Отдаёт больше, чем получил в выборке: есть источники вне данных.",Периферия,,3,False,1,2,5000.0,25000.0,1,2,5.0,0,7,1,0.0,,1,0,1,0,,mutual_transfers,none
100000008671929100,peripheral,0.9,3,0.2306,"Вход 75 000 ₸ от 1 плательщика, выход 0 ₸ 0 получателям. Пороги ролей не достигнуты, признаков роли нет.",Периферия,,1,False,1,0,75000.0,0.0,2,0,0.0,1,10,0,0.0,,1,0,0,0,,,none
100000008695157100,peripheral,0.4,6,0.2305,4-е колено: исходящие не собирались (обрыв выборки). Вход 425 546 ₸ от 1 плательщика. Конечным получателем не считаем. Похожие узлы 1-3 колена пересылают дальше в 41% случаев.,Периферия,,4,False,1,0,425546.0,0.0,3,0,0.0,0,7,0,0.0,,1,0,0,0,0.4112,cutoff_depth4,cutoff
100000008699083100,peripheral,0.4,13,0.2305,4-е колено: исходящие не собирались (обрыв выборки). Вход 238 500 ₸ от 1 плательщика. Конечным получателем не считаем. Похожие узлы 1-3 колена пересылают дальше в 29% случаев.,Периферия,,4,False,1,0,238500.0,0.0,1,0,0.0,0,8,0,0.0,,1,0,0,0,0.2867,cutoff_depth4,cutoff
100000003985389100,peripheral,0.4,6,0.2303,4-е колено: исходящие не собирались (обрыв выборки). Вход 422 698 ₸ от 1 плательщика. Конечным получателем не считаем. Похожие узлы 1-3 колена пересылают дальше в 41% случаев.,Периферия,,4,False,1,0,422698.0,0.0,16,0,0.0,0,7,0,0.0,,1,0,0,0,0.4112,cutoff_depth4,cutoff
100000001222245100,peripheral,0.4,7,0.2302,4-е колено: исходящие не собирались (обрыв выборки). Вход 420 000 ₸ от 1 плательщика. Конечным получателем не считаем. Похожие узлы 1-3 колена пересылают дальше в 41% случаев.,Периферия,,4,False,1,0,420000.0,0.0,5,0,0.0,0,7,0,0.0,,1,0,0,0,0.4112,cutoff_depth4,cutoff
100000002914245100,terminal,0.574,20,0.23,"Получил 140 611 ₸ от 1 плательщика, исходящих от 5 000 ₸ в июле нет (колено 3). Деньги остаются.",Конечный получатель,,3,False,1,0,140611.0,0.0,1,0,0.0,0,1,0,0.0,,1,0,0,0,,,keeps
100000001246806100,peripheral,0.4,5,0.2299,4-е колено: исходящие не собирались (обрыв выборки). Вход 130 000 ₸ от 1 плательщика. Конечным получателем не считаем. Похожие узлы 1-3 колена пересылают дальше в 29% случаев.,Периферия,,4,False,1,0,130000.0,0.0,1,0,0.0,0,9,0,0.0,,1,0,0,0,0.2867,cutoff_depth4,cutoff
100000002529877100,peripheral,0.4,13,0.2299,4-е колено: исходящие не собирались (обрыв выборки). Вход 232 000 ₸ от 1 плательщика. Конечным получателем не считаем. Похожие узлы 1-3 колена пересылают дальше в 29% случаев.,Периферия,,4,False,1,0,232000.0,0.0,1,0,0.0,0,8,0,0.0,,1,0,0,0,0.2867,cutoff_depth4,cutoff
100000002611334100,peripheral,0.9,2,0.2299,"Вход 48 288 ₸ от 1 плательщика, выход 15 500 ₸ 1 получателю. Пороги ролей не достигнуты, признаков роли нет.",Периферия,,3,False,1,1,48288.0,15500.0,1,1,0.321,0,7,0,0.0,,1,0,0,0,,,none
100000004200745100,peripheral,0.4,12,0.2299,4-е колено: исходящие не собирались (обрыв выборки). Вход 130 000 ₸ от 1 плательщика. Конечным получателем не считаем. Похожие узлы 1-3 колена пересылают дальше в 29% случаев.,Периферия,,4,False,1,0,130000.0,0.0,4,0,0.0,0,9,0,0.0,,1,0,0,0,0.2867,cutoff_depth4,cutoff
100000008551752100,peripheral,0.4,42,0.2294,4-е колено: исходящие не собирались (обрыв выборки). Вход 406 000 ₸ от 1 плательщика. Конечным получателем не считаем. Похожие узлы 1-3 колена пересылают дальше в 41% случаев.,Периферия,,4,False,1,0,406000.0,0.0,2,0,0.0,0,7,0,0.0,,1,0,0,0,0.4112,cutoff_depth4,cutoff
100000006689603100,peripheral,0.4,6,0.2291,4-е колено: исходящие не собирались (обрыв выборки). Вход 400 000 ₸ от 1 плательщика. Конечным получателем не считаем. Похожие узлы 1-3 колена пересылают дальше в 41% случаев.,Периферия,,4,False,1,0,400000.0,0.0,2,0,0.0,0,7,0,0.0,,1,0,0,0,0.4112,cutoff_depth4,cutoff
100000002666248100,peripheral,0.9,3,0.229,"Вход 70 032 ₸ от 1 плательщика, выход 0 ₸ 0 получателям. Пороги ролей не достигнуты, признаков роли нет.",Периферия,,1,False,1,0,70032.0,0.0,1,0,0.0,1,10,0,0.0,,1,0,0,0,,,none
100000003284932100,peripheral,0.9,3,0.229,"Вход 69 925 ₸ от 1 плательщика, выход 0 ₸ 0 получателям. Пороги ролей не достигнуты, признаков роли нет.",Периферия,,1,False,1,0,69925.0,0.0,1,0,0.0,1,10,0,0.0,,1,0,0,0,,,none
100000006562026100,terminal,0.5,54,0.2289,"Получил 75 000 ₸ от 2 плательщиков, исходящих от 5 000 ₸ в июле нет (колено 1). Деньги остаются.",Конечный получатель,,1,False,2,0,75000.0,0.0,6,0,0.0,2,2,0,0.0,,1,0,0,0,,,keeps
100000004356593100,peripheral,0.9,3,0.2285,"Вход 50 000 ₸ от 1 плательщика, выход 10 000 ₸ 1 получателю. Пороги ролей не достигнуты, признаков роли нет.",Периферия,,2,False,1,1,50000.0,10000.0,1,1,0.2,0,7,0,0.0,,1,0,0,0,,,none
100000003025903100,peripheral,0.4,7,0.2283,4-е колено: исходящие не собирались (обрыв выборки). Вход 386 300 ₸ от 1 плательщика. Конечным получателем не считаем. Похожие узлы 1-3 колена пересылают дальше в 41% случаев.,Периферия,,4,False,1,0,386300.0,0.0,6,0,0.0,0,7,0,0.0,,1,0,0,0,0.4112,cutoff_depth4,cutoff
100000004340038100,peripheral,0.9,11,0.2281,"Вход 9 978 ₸ от 1 плательщика, выход 49 000 ₸ 1 получателю. Пороги ролей не достигнуты, признаков роли нет. Отдаёт больше, чем получил в выборке: есть источники вне данных.",Периферия,,3,False,1,1,9978.0,49000.0,1,1,4.9108,0,7,0,0.0,,1,0,0,0,,,none
100000002989353100,peripheral,0.9,13,0.2279,"Вход 500 000 ₸ от 1 плательщика, выход 321 160 ₸ 2 получателям. Пороги ролей не достигнуты, признаков роли нет.",Периферия,,3,False,1,2,500000.0,321160.0,2,2,0.6423,0,2,0,0.0,0.9341,1,0,0,0,,fast_transit,none
100000006852430100,peripheral,0.9,10,0.2277,"Вход 37 000 ₸ от 1 плательщика, выход 0 ₸ 0 получателям. Пороги ролей не достигнуты, признаков роли нет.",Периферия,,2,False,1,0,37000.0,0.0,1,0,0.0,0,11,0,0.0,,1,0,0,0,,,none
100000003835149100,peripheral,0.9,24,0.2275,"Вход 248 500 ₸ от 1 плательщика, выход 4,60 млн ₸ 2 получателям. Пороги ролей не достигнуты, признаков роли нет. Отдаёт больше, чем получил в выборке: есть источники вне данных.",Периферия,,1,False,1,2,248500.0,4600440.0,1,13,18.5128,1,1,0,0.0,,1,0,0,0,,,none
100000002373144100,peripheral,0.9,2,0.2274,"Вход 46 468 ₸ от 1 плательщика, выход 10 764 ₸ 1 получателю. Пороги ролей не достигнуты, признаков роли нет.",Периферия,,3,False,1,1,46468.0,10764.0,1,1,0.2316,0,7,0,0.0,,1,0,0,0,,,none
100000008751429100,peripheral,0.7,44,0.2272,"Вход 386 200 ₸ от 3 плательщиков, выход 72 600 ₸ 1 получателю. Пороги ролей не достигнуты, признаков роли нет.",Периферия,,1,False,3,1,386200.0,72600.0,6,2,0.188,1,1,0,0.0,1.0,2,5,1,2,,fast_transit;cycle;mutual_transfers;recurring_route,none
100000001065234100,peripheral,0.4,58,0.2267,4-е колено: исходящие не собирались (обрыв выборки). Вход 360 000 ₸ от 1 плательщика. Конечным получателем не считаем. Похожие узлы 1-3 колена пересылают дальше в 41% случаев.,Периферия,,4,False,1,0,360000.0,0.0,1,0,0.0,0,7,0,0.0,,1,0,0,0,0.4112,cutoff_depth4,cutoff
100000005052998100,peripheral,0.9,2,0.2267,"Вход 9 500 ₸ от 1 плательщика, выход 28 400 ₸ 1 получателю. Пороги ролей не достигнуты, признаков роли нет. Отдаёт больше, чем получил в выборке: есть источники вне данных.",Периферия,,3,False,1,1,9500.0,28400.0,1,1,2.9895,0,7,0,0.0,,1,13,0,0,,cycle,none
100000003069463100,peripheral,0.9,27,0.2265,"Вход 11 500 ₸ от 1 плательщика, выход 17 920 ₸ 1 получателю. Пороги ролей не достигнуты, признаков роли нет. Отдаёт больше, чем получил в выборке: есть источники вне данных.",Периферия,,3,False,1,1,11500.0,17920.0,1,1,1.5583,0,7,0,0.0,,1,0,0,0,,,none
100000003470579100,peripheral,0.4,27,0.2265,4-е колено: исходящие не собирались (обрыв выборки). Вход 357 000 ₸ от 1 плательщика. Конечным получателем не считаем. Похожие узлы 1-3 колена пересылают дальше в 41% случаев.,Периферия,,4,False,1,0,357000.0,0.0,2,0,0.0,0,7,0,0.0,,1,0,0,0,0.4112,cutoff_depth4,cutoff
100000005895525100,terminal,0.54,47,0.2264,"Получил 120 000 ₸ от 1 плательщика, исходящих от 5 000 ₸ в июле нет (колено 1). Деньги остаются.",Конечный получатель,,1,False,1,0,120000.0,0.0,3,0,0.0,1,1,0,0.0,,1,0,0,0,,,keeps
100000008598972100,terminal,0.54,20,0.2264,"Получил 120 000 ₸ от 1 плательщика, исходящих от 5 000 ₸ в июле нет (колено 3). Деньги остаются.",Конечный получатель,,3,False,1,0,120000.0,0.0,1,0,0.0,0,1,0,0.0,,1,0,0,0,,,keeps
100000002794374100,peripheral,0.4,49,0.2263,4-е колено: исходящие не собирались (обрыв выборки). Вход 111 000 ₸ от 1 плательщика. Конечным получателем не считаем. Похожие узлы 1-3 колена пересылают дальше в 29% случаев.,Периферия,,4,False,1,0,111000.0,0.0,1,0,0.0,0,9,0,0.0,,1,0,0,0,0.2867,cutoff_depth4,cutoff
100000007034089100,peripheral,0.4,5,0.2262,4-е колено: исходящие не собирались (обрыв выборки). Вход 198 000 ₸ от 2 плательщиков. Конечным получателем не считаем. Похожие узлы 1-3 колена пересылают дальше в 54% случаев.,Периферия,,4,False,2,0,198000.0,0.0,2,0,0.0,0,8,0,0.0,,2,0,0,0,0.536,cutoff_depth4,cutoff
100000005888829100,peripheral,0.4,5,0.2261,4-е колено: исходящие не собирались (обрыв выборки). Вход 197 000 ₸ от 1 плательщика. Конечным получателем не считаем. Похожие узлы 1-3 колена пересылают дальше в 29% случаев.,Периферия,,4,False,1,0,197000.0,0.0,1,0,0.0,0,8,0,0.0,,1,0,0,0,0.2867,cutoff_depth4,cutoff
100000004722630100,peripheral,0.4,51,0.2253,4-е колено: исходящие не собирались (обрыв выборки). Вход 340 000 ₸ от 1 плательщика. Конечным получателем не считаем. Похожие узлы 1-3 колена пересылают дальше в 41% случаев.,Периферия,,4,False,1,0,340000.0,0.0,2,0,0.0,0,7,0,0.0,,1,0,0,0,0.4112,cutoff_depth4,cutoff
100000008675322100,peripheral,0.4,37,0.2253,4-е колено: исходящие не собирались (обрыв выборки). Вход 340 000 ₸ от 1 плательщика. Конечным получателем не считаем. Похожие узлы 1-3 колена пересылают дальше в 41% случаев.,Периферия,,4,False,1,0,340000.0,0.0,4,0,0.0,0,7,0,0.0,,1,0,0,0,0.4112,cutoff_depth4,cutoff
100000003664994100,peripheral,0.4,43,0.2252,4-е колено: исходящие не собирались (обрыв выборки). Вход 338 271 ₸ от 1 плательщика. Конечным получателем не считаем. Похожие узлы 1-3 колена пересылают дальше в 41% случаев.,Периферия,,4,False,1,0,338271.0,0.0,2,0,0.0,0,7,0,0.0,,1,0,0,0,0.4112,cutoff_depth4,cutoff
100000005386383100,peripheral,0.8,19,0.2252,"seed. Вход 37 500 ₸ от 2 плательщиков, выход 29 000 ₸ 1 получателю. Пороги ролей не достигнуты, признаков роли нет.",Периферия,,0,True,2,1,37500.0,29000.0,2,1,0.7733,0,7,0,0.0,,2,0,0,0,,seed,none
100000004292885100,terminal,0.526,1,0.225,"Получил 112 700 ₸ от 1 плательщика, исходящих от 5 000 ₸ в июле нет (колено 3). Деньги остаются.",Конечный получатель,,3,False,1,0,112700.0,0.0,1,0,0.0,0,1,0,0.0,,1,0,0,0,,,keeps
100000003739818100,peripheral,0.9,3,0.2244,"Вход 57 293 ₸ от 1 плательщика, выход 0 ₸ 0 получателям. Пороги ролей не достигнуты, признаков роли нет.",Периферия,,1,False,1,0,57293.0,0.0,1,0,0.0,1,10,0,0.0,,1,0,0,0,,,none
100000008486520100,peripheral,0.9,4,0.2242,"Вход 35 720 ₸ от 1 плательщика, выход 14 000 ₸ 1 получателю. Пороги ролей не достигнуты, признаков роли нет.",Периферия,,1,False,1,1,35720.0,14000.0,2,1,0.3919,1,7,0,0.0,,1,0,0,0,,,none
100000002969048100,terminal,0.518,8,0.2241,"Получил 108 470 ₸ от 1 плательщика, исходящих от 5 000 ₸ в июле нет (колено 2). Деньги остаются.",Конечный получатель,,2,False,1,0,108470.0,0.0,1,0,0.0,0,1,0,0.0,,1,0,0,0,,,keeps
100000002462183100,terminal,0.516,47,0.2239,"Получил 107 500 ₸ от 1 плательщика, исходящих от 5 000 ₸ в июле нет (колено 1). Деньги остаются.",Конечный получатель,,1,False,1,0,107500.0,0.0,3,0,0.0,1,1,0,0.0,,1,0,0,0,,,keeps
100000007745062100,peripheral,0.4,12,0.2239,4-е колено: исходящие не собирались (обрыв выборки). Вход 100 000 ₸ от 1 плательщика. Конечным получателем не считаем. Похожие узлы 1-3 колена пересылают дальше в 29% случаев.,Периферия,,4,False,1,0,100000.0,0.0,1,0,0.0,0,9,0,0.0,,1,0,0,0,0.2867,cutoff_depth4,cutoff
100000001554432100,peripheral,0.9,3,0.223,"Вход 53 920 ₸ от 1 плательщика, выход 0 ₸ 0 получателям. Пороги ролей не достигнуты, признаков роли нет.",Периферия,,1,False,1,0,53920.0,0.0,1,0,0.0,1,10,0,0.0,,1,0,0,0,,,none
100000004403641100,peripheral,0.4,13,0.2229,4-е колено: исходящие не собирались (обрыв выборки). Вход 171 500 ₸ от 1 плательщика. Конечным получателем не считаем. Похожие узлы 1-3 колена пересылают дальше в 29% случаев.,Периферия,,4,False,1,0,171500.0,0.0,1,0,0.0,0,8,0,0.0,,1,0,0,0,0.2867,cutoff_depth4,cutoff
100000008619857100,peripheral,0.9,2,0.2228,"Вход 29 000 ₸ от 1 плательщика, выход 13 000 ₸ 2 получателям. Пороги ролей не достигнуты, признаков роли нет.",Периферия,,3,False,1,2,29000.0,13000.0,1,2,0.4483,0,7,0,0.0,0.6154,1,0,0,0,,fast_transit,none
100000008336318100,peripheral,0.4,5,0.2227,4-е колено: исходящие не собирались (обрыв выборки). Вход 170 000 ₸ от 1 плательщика. Конечным получателем не считаем. Похожие узлы 1-3 колена пересылают дальше в 29% случаев.,Периферия,,4,False,1,0,170000.0,0.0,1,0,0.0,0,8,0,0.0,,1,0,0,0,0.2867,cutoff_depth4,cutoff
100000002539625100,peripheral,0.9,5,0.2226,"Вход 94 700 ₸ от 1 плательщика, выход 0 ₸ 0 получателям. Пороги ролей не достигнуты, признаков роли нет.",Периферия,,2,False,1,0,94700.0,0.0,1,0,0.0,0,9,0,0.0,,1,0,0,0,,,none
100000003037660100,peripheral,0.9,3,0.2226,"Вход 53 000 ₸ от 1 плательщика, выход 0 ₸ 0 получателям. Пороги ролей не достигнуты, признаков роли нет.",Периферия,,1,False,1,0,53000.0,0.0,1,0,0.0,1,10,0,0.0,,1,0,0,0,,,none
100000003447411100,peripheral,0.4,6,0.2226,4-е колено: исходящие не собирались (обрыв выборки). Вход 302 000 ₸ от 1 плательщика. Конечным получателем не считаем. Похожие узлы 1-3 колена пересылают дальше в 41% случаев.,Периферия,,4,False,1,0,302000.0,0.0,3,0,0.0,0,7,0,0.0,,1,0,0,0,0.4112,cutoff_depth4,cutoff
100000004652395100,peripheral,0.4,6,0.2226,4-е колено: исходящие не собирались (обрыв выборки). Вход 101 528 ₸ от 3 плательщиков. Конечным получателем не считаем. Похожие узлы 1-3 колена пересылают дальше в 85% случаев.,Периферия,,4,False,3,0,101528.0,0.0,5,0,0.0,0,7,0,0.0,,3,0,0,0,0.8523,cutoff_depth4;sync_inflow,cutoff
100000006714366100,peripheral,0.9,11,0.2224,"Вход 10 500 ₸ от 1 плательщика, выход 5 000 ₸ 1 получателю. Пороги ролей не достигнуты, признаков роли нет.",Периферия,,3,False,1,1,10500.0,5000.0,1,1,0.4762,0,7,0,0.0,1.0,1,0,0,0,,fast_transit,none
100000002540623100,terminal,0.5,10,0.2222,"Получил 100 000 ₸ от 1 плательщика, исходящих от 5 000 ₸ в июле нет (колено 2). Деньги остаются.",Конечный получатель,,2,False,1,0,100000.0,0.0,1,0,0.0,0,1,0,0.0,,1,0,0,0,,,keeps
100000002736033100,peripheral,0.9,16,0.2222,"Вход 34 530 ₸ от 1 плательщика, выход 11 000 ₸ 1 получателю. Пороги ролей не достигнуты, признаков роли нет.",Периферия,,3,False,1,1,34530.0,11000.0,1,1,0.3186,0,7,0,0.0,,1,0,0,0,,,none
100000002757797100,terminal,0.5,12,0.2222,"Получил 100 000 ₸ от 1 плательщика, исходящих от 5 000 ₸ в июле нет (колено 1). Деньги остаются.",Конечный получатель,,1,False,1,0,100000.0,0.0,1,0,0.0,1,1,0,0.0,,1,0,0,0,,,keeps
100000005474472100,terminal,0.5,24,0.2222,"Получил 100 000 ₸ от 1 плательщика, исходящих от 5 000 ₸ в июле нет (колено 2). Деньги остаются.",Конечный получатель,,2,False,1,0,100000.0,0.0,1,0,0.0,0,1,0,0.0,,1,0,0,0,,,keeps
100000008596924100,terminal,0.5,8,0.2222,"Получил 100 000 ₸ от 1 плательщика, исходящих от 5 000 ₸ в июле нет (колено 3). Деньги остаются.",Конечный получатель,,3,False,1,0,100000.0,0.0,1,0,0.0,0,1,0,0.0,,1,0,0,0,,,keeps
100000007357489100,peripheral,0.4,5,0.222,4-е колено: исходящие не собирались (обрыв выборки). Вход 164 500 ₸ от 2 плательщиков. Конечным получателем не считаем. Похожие узлы 1-3 колена пересылают дальше в 54% случаев.,Периферия,,4,False,2,0,164500.0,0.0,2,0,0.0,0,8,0,0.0,,2,0,0,0,0.536,cutoff_depth4,cutoff
100000003072205100,peripheral,0.4,5,0.2218,4-е колено: исходящие не собирались (обрыв выборки). Вход 163 000 ₸ от 2 плательщиков. Конечным получателем не считаем. Похожие узлы 1-3 колена пересылают дальше в 54% случаев.,Периферия,,4,False,2,0,163000.0,0.0,2,0,0.0,0,8,0,0.0,,2,0,0,0,0.536,cutoff_depth4,cutoff
100000008352542100,peripheral,0.9,3,0.2214,"Вход 50 220 ₸ от 1 плательщика, выход 0 ₸ 0 получателям. Пороги ролей не достигнуты, признаков роли нет.",Периферия,,2,False,1,0,50220.0,0.0,1,0,0.0,0,10,0,0.0,,1,0,0,0,,,none
100000001194266100,peripheral,0.9,3,0.2213,"Вход 50 000 ₸ от 1 плательщика, выход 0 ₸ 0 получателям. Пороги ролей не достигнуты, признаков роли нет.",Периферия,,1,False,1,0,50000.0,0.0,1,0,0.0,1,10,0,0.0,,1,0,0,0,,,none
100000003476560100,peripheral,0.9,3,0.2213,"Вход 50 000 ₸ от 1 плательщика, выход 0 ₸ 0 получателям. Пороги ролей не достигнуты, признаков роли нет.",Периферия,,1,False,1,0,50000.0,0.0,1,0,0.0,1,10,0,0.0,,1,0,0,0,,,none
100000002596039100,peripheral,0.4,6,0.2209,4-е колено: исходящие не собирались (обрыв выборки). Вход 280 000 ₸ от 1 плательщика. Конечным получателем не считаем. Похожие узлы 1-3 колена пересылают дальше в 29% случаев.,Периферия,,4,False,1,0,280000.0,0.0,1,0,0.0,0,7,0,0.0,,1,0,0,0,0.2867,cutoff_depth4,cutoff
100000008722541100,peripheral,0.4,7,0.2209,4-е колено: исходящие не собирались (обрыв выборки). Вход 280 000 ₸ от 1 плательщика. Конечным получателем не считаем. Похожие узлы 1-3 колена пересылают дальше в 29% случаев.,Периферия,,4,False,1,0,280000.0,0.0,4,0,0.0,0,7,0,0.0,,1,0,0,0,0.2867,cutoff_depth4,cutoff
100000002860934100,peripheral,0.4,29,0.2208,4-е колено: исходящие не собирались (обрыв выборки). Вход 279 500 ₸ от 1 плательщика. Конечным получателем не считаем. Похожие узлы 1-3 колена пересылают дальше в 29% случаев.,Периферия,,4,False,1,0,279500.0,0.0,4,0,0.0,0,7,0,0.0,,1,0,0,0,0.2867,cutoff_depth4,cutoff
100000003292979100,peripheral,0.9,3,0.2208,"Вход 48 950 ₸ от 1 плательщика, выход 0 ₸ 0 получателям. Пороги ролей не достигнуты, признаков роли нет.",Периферия,,2,False,1,0,48950.0,0.0,1,0,0.0,0,10,0,0.0,,1,0,0,0,,,none
100000002580377100,peripheral,0.9,4,0.2207,"Вход 37 750 ₸ от 1 плательщика, выход 5 000 ₸ 1 получателю. Пороги ролей не достигнуты, признаков роли нет.",Периферия,,1,False,1,1,37750.0,5000.0,2,1,0.1325,1,7,0,0.0,,1,0,0,0,,,none
100000002194320100,peripheral,0.4,58,0.2205,4-е колено: исходящие не собирались (обрыв выборки). Вход 275 000 ₸ от 1 плательщика. Конечным получателем не считаем. Похожие узлы 1-3 колена пересылают дальше в 29% случаев.,Периферия,,4,False,1,0,275000.0,0.0,1,0,0.0,0,7,0,0.0,,1,0,0,0,0.2867,cutoff_depth4,cutoff
100000000955529100,peripheral,0.9,3,0.2203,"Вход 27 000 ₸ от 1 плательщика, выход 63 500 ₸ 1 получателю. Пороги ролей не достигнуты, признаков роли нет. Отдаёт больше, чем получил в выборке: есть источники вне данных.",Периферия,,3,False,1,1,27000.0,63500.0,1,1,2.3519,0,7,0,0.0,,1,0,0,0,,,none
100000001597505100,peripheral,0.9,33,0.2202,"Вход 26 460 ₸ от 1 плательщика, выход 12 920 ₸ 1 получателю. Пороги ролей не достигнуты, признаков роли нет.",Периферия,,2,False,1,1,26460.0,12920.0,1,1,0.4883,0,8,0,0.0,,1,0,0,0,,,none
100000004697956100,transit,1.0,8,0.2202,"Получил 10 000 ₸ от 1 плательщика, передал дальше 100% (10 000 ₸) 1 получателю. Признаки транзита.",Транзит,,3,False,1,1,10000.0,10000.0,1,1,1.0,0,1,0,0.0,,1,0,1,0,,mutual_transfers,pass_through
100000002947299100,peripheral,0.9,3,0.2201,"Вход 85 000 ₸ от 1 плательщика, выход 0 ₸ 0 получателям. Пороги ролей не достигнуты, признаков роли нет.",Периферия,,2,False,1,0,85000.0,0.0,1,0,0.0,0,9,0,0.0,,1,0,0,0,,,none
100000001378288100,peripheral,0.4,6,0.2199,4-е колено: исходящие не собирались (обрыв выборки). Вход 268 000 ₸ от 1 плательщика. Конечным получателем не считаем. Похожие узлы 1-3 колена пересылают дальше в 29% случаев.,Периферия,,4,False,1,0,268000.0,0.0,3,0,0.0,0,7,0,0.0,,1,0,0,0,0.2867,cutoff_depth4,cutoff
100000001537524100,peripheral,0.4,13,0.2199,4-е колено: исходящие не собирались (обрыв выборки). Вход 150 000 ₸ от 1 плательщика. Конечным получателем не считаем. Похожие узлы 1-3 колена пересылают дальше в 29% случаев.,Периферия,,4,False,1,0,150000.0,0.0,1,0,0.0,0,8,0,0.0,,1,0,0,0,0.2867,cutoff_depth4,cutoff
100000003448713100,peripheral,0.4,6,0.2198,4-е колено: исходящие не собирались (обрыв выборки). Вход 266 750 ₸ от 1 плательщика. Конечным получателем не считаем. Похожие узлы 1-3 колена пересылают дальше в 29% случаев.,Периферия,,4,False,1,0,266750.0,0.0,1,0,0.0,0,7,0,0.0,,1,0,0,0,0.2867,cutoff_depth4,cutoff
100000003631015100,peripheral,0.4,42,0.2197,4-е колено: исходящие не собирались (обрыв выборки). Вход 266 000 ₸ от 1 плательщика. Конечным получателем не считаем. Похожие узлы 1-3 колена пересылают дальше в 29% случаев.,Периферия,,4,False,1,0,266000.0,0.0,1,0,0.0,0,7,0,0.0,,1,0,0,0,0.2867,cutoff_depth4,cutoff
100000008469048100,peripheral,0.4,2,0.2196,4-е колено: исходящие не собирались (обрыв выборки). Вход 265 200 ₸ от 1 плательщика. Конечным получателем не считаем. Похожие узлы 1-3 колена пересылают дальше в 29% случаев.,Периферия,,4,False,1,0,265200.0,0.0,7,0,0.0,0,7,0,0.0,,1,0,0,0,0.2867,cutoff_depth4,cutoff
100000002847207100,peripheral,0.9,3,0.2195,"Вход 46 243 ₸ от 1 плательщика, выход 0 ₸ 0 получателям. Пороги ролей не достигнуты, признаков роли нет.",Периферия,,1,False,1,0,46243.0,0.0,1,0,0.0,1,10,0,0.0,,1,0,0,0,,,none
100000003199390100,peripheral,0.4,7,0.2192,4-е колено: исходящие не собирались (обрыв выборки). Вход 260 000 ₸ от 1 плательщика. Конечным получателем не считаем. Похожие узлы 1-3 колена пересылают дальше в 29% случаев.,Периферия,,4,False,1,0,260000.0,0.0,1,0,0.0,0,7,0,0.0,,1,0,0,0,0.2867,cutoff_depth4,cutoff
100000002432143100,peripheral,0.9,3,0.2191,"Вход 81 310 ₸ от 1 плательщика, выход 0 ₸ 0 получателям. Пороги ролей не достигнуты, признаков роли нет.",Периферия,,2,False,1,0,81310.0,0.0,1,0,0.0,0,9,0,0.0,,1,0,0,0,,,none
100000002621434100,peripheral,0.9,5,0.219,"Вход 81 000 ₸ от 1 плательщика, выход 0 ₸ 0 получателям. Пороги ролей не достигнуты, признаков роли нет.",Периферия,,3,False,1,0,81000.0,0.0,1,0,0.0,0,9,0,0.0,,1,0,0,0,,,none
100000001641951100,peripheral,0.9,3,0.2187,"Вход 25 000 ₸ от 1 плательщика, выход 0 ₸ 0 получателям. Пороги ролей не достигнуты, признаков роли нет.",Периферия,,2,False,1,0,25000.0,0.0,4,0,0.0,0,11,1,0.0,,1,0,0,0,,,none
100000003934614100,peripheral,0.8,35,0.2186,"Вход 17 000 ₸ от 2 плательщиков, выход 11 500 ₸ 1 получателю. Пороги ролей не достигнуты, признаков роли нет.",Периферия,,3,False,2,1,17000.0,11500.0,2,2,0.6765,0,7,0,0.0,1.0,1,4,0,0,,fast_transit;cycle,none
100000002659265100,peripheral,0.4,5,0.2184,4-е колено: исходящие не собирались (обрыв выборки). Вход 141 000 ₸ от 1 плательщика. Конечным получателем не считаем. Похожие узлы 1-3 колена пересылают дальше в 29% случаев.,Периферия,,4,False,1,0,141000.0,0.0,1,0,0.0,0,8,0,0.0,,1,0,0,0,0.2867,cutoff_depth4,cutoff
100000000926078100,peripheral,0.4,6,0.2183,4-е колено: исходящие не собирались (обрыв выборки). Вход 250 000 ₸ от 1 плательщика. Конечным получателем не считаем. Похожие узлы 1-3 колена пересылают дальше в 29% случаев.,Периферия,,4,False,1,0,250000.0,0.0,1,0,0.0,0,7,0,0.0,,1,0,0,0,0.2867,cutoff_depth4,cutoff
100000008183752100,peripheral,0.4,21,0.2183,4-е колено: исходящие не собирались (обрыв выборки). Вход 140 000 ₸ от 1 плательщика. Конечным получателем не считаем. Похожие узлы 1-3 колена пересылают дальше в 29% случаев.,Периферия,,4,False,1,0,140000.0,0.0,1,0,0.0,0,8,0,0.0,,1,0,0,0,0.2867,cutoff_depth4,cutoff
100000004976946100,peripheral,0.4,42,0.2179,4-е колено: исходящие не собирались (обрыв выборки). Вход 246 000 ₸ от 1 плательщика. Конечным получателем не считаем. Похожие узлы 1-3 колена пересылают дальше в 29% случаев.,Периферия,,4,False,1,0,246000.0,0.0,1,0,0.0,0,7,0,0.0,,1,0,0,0,0.2867,cutoff_depth4,cutoff
100000004278574100,peripheral,0.9,7,0.2177,"Вход 25 000 ₸ от 1 плательщика, выход 12 500 ₸ 1 получателю. Пороги ролей не достигнуты, признаков роли нет.",Периферия,,3,False,1,1,25000.0,12500.0,1,1,0.5,0,7,0,0.0,,1,0,0,0,,,none
100000004979498100,peripheral,0.9,53,0.2177,"Вход 700 000 ₸ от 1 плательщика, выход 200 000 ₸ 1 получателю. Пороги ролей не достигнуты, признаков роли нет.",Периферия,,2,False,1,1,700000.0,200000.0,2,1,0.2857,0,1,0,0.0,1.0,1,1,0,0,,fast_transit;cycle,none
100000004610802100,peripheral,0.4,60,0.2174,4-е колено: исходящие не собирались (обрыв выборки). Вход 241 000 ₸ от 1 плательщика. Конечным получателем не считаем. Похожие узлы 1-3 колена пересылают дальше в 29% случаев.,Периферия,,4,False,1,0,241000.0,0.0,18,0,0.0,0,7,0,0.0,,1,0,0,0,0.2867,cutoff_depth4,cutoff
100000006901046100,peripheral,0.9,4,0.2174,"Вход 75 800 ₸ от 1 плательщика, выход 5 500 ₸ 1 получателю. Пороги ролей не достигнуты, признаков роли нет.",Периферия,,2,False,1,1,75800.0,5500.0,3,1,0.0726,0,7,0,0.0,1.0,1,0,1,0,,fast_transit;mutual_transfers,none
100000000561160100,peripheral,0.4,3,0.2173,4-е колено: исходящие не собирались (обрыв выборки). Вход 240 000 ₸ от 1 плательщика. Конечным получателем не считаем. Похожие узлы 1-3 колена пересылают дальше в 29% случаев.,Периферия,,4,False,1,0,240000.0,0.0,1,0,0.0,0,7,0,0.0,,1,0,0,0,0.2867,cutoff_depth4,cutoff
100000006534886100,peripheral,0.9,4,0.2173,"Вход 71 700 ₸ от 1 плательщика, выход 167 500 ₸ 1 получателю. Пороги ролей не достигнуты, признаков роли нет. Отдаёт больше, чем получил в выборке: есть источники вне данных.",Периферия,,2,False,1,1,71700.0,167500.0,5,8,2.3361,0,7,0,0.0,0.4836,1,0,1,0,,mutual_transfers,none
100000005711521100,peripheral,0.4,11,0.2171,4-е колено: исходящие не собирались (обрыв выборки). Вход 238 000 ₸ от 1 плательщика. Конечным получателем не считаем. Похожие узлы 1-3 колена пересылают дальше в 29% случаев.,Периферия,,4,False,1,0,238000.0,0.0,1,0,0.0,0,7,0,0.0,,1,0,0,0,0.2867,cutoff_depth4,cutoff
100000007591246100,peripheral,0.9,11,0.2169,"Вход 12 190 ₸ от 1 плательщика, выход 120 000 ₸ 1 получателю. Пороги ролей не достигнуты, признаков роли нет. Отдаёт больше, чем получил в выборке: есть источники вне данных.",Периферия,,3,False,1,1,12190.0,120000.0,1,1,9.8441,0,7,0,0.0,,1,0,0,0,,,none
100000008376785100,peripheral,0.4,7,0.2168,4-е колено: исходящие не собирались (обрыв выборки). Вход 234 250 ₸ от 1 плательщика. Конечным получателем не считаем. Похожие узлы 1-3 колена пересылают дальше в 29% случаев.,Периферия,,4,False,1,0,234250.0,0.0,2,0,0.0,0,7,0,0.0,,1,0,0,0,0.2867,cutoff_depth4,cutoff
100000005519347100,peripheral,0.8,4,0.2167,"seed. Вход 73 100 ₸ от 2 плательщиков, выход 99 000 ₸ 1 получателю. Пороги ролей не достигнуты, признаков роли нет.",Периферия,,0,True,2,1,73100.0,99000.0,2,1,1.3543,1,9,0,0.0,,1,0,0,0,,seed,none
100000003003821100,peripheral,0.9,3,0.2161,"Вход 40 000 ₸ от 1 плательщика, выход 0 ₸ 0 получателям. Пороги ролей не достигнуты, признаков роли нет.",Периферия,,2,False,1,0,40000.0,0.0,1,0,0.0,0,10,0,0.0,,1,0,0,0,,,none
100000003877908100,peripheral,0.9,3,0.2161,"Вход 40 000 ₸ от 1 плательщика, выход 0 ₸ 0 получателям. Пороги ролей не достигнуты, признаков роли нет.",Периферия,,1,False,1,0,40000.0,0.0,1,0,0.0,1,10,0,0.0,,1,0,0,0,,,none
100000004509286100,peripheral,0.9,3,0.2161,"Вход 40 000 ₸ от 1 плательщика, выход 0 ₸ 0 получателям. Пороги ролей не достигнуты, признаков роли нет.",Периферия,,1,False,1,0,40000.0,0.0,1,0,0.0,1,10,0,0.0,,1,0,0,0,,,none
100000008237827100,peripheral,0.9,3,0.2161,"Вход 40 001 ₸ от 1 плательщика, выход 0 ₸ 0 получателям. Пороги ролей не достигнуты, признаков роли нет.",Периферия,,1,False,1,0,40001.0,0.0,1,0,0.0,1,10,0,0.0,,1,0,0,0,,,none
100000004959752100,peripheral,0.9,3,0.2159,"Вход 22 200 ₸ от 1 плательщика, выход 0 ₸ 0 получателям. Пороги ролей не достигнуты, признаков роли нет.",Периферия,,3,False,1,0,22200.0,0.0,1,0,0.0,0,11,0,0.0,,1,0,0,0,,,none
100000000817146100,peripheral,0.9,4,0.2157,"Вход 70 020 ₸ от 1 плательщика, выход 0 ₸ 0 получателям. Пороги ролей не достигнуты, признаков роли нет.",Периферия,,1,False,1,0,70020.0,0.0,1,0,0.0,1,9,0,0.0,,1,0,0,0,,,none
100000002700161100,peripheral,0.4,52,0.2156,4-е колено: исходящие не собирались (обрыв выборки). Вход 39 000 ₸ от 1 плательщика. Конечным получателем не считаем. Похожие узлы 1-3 колена пересылают дальше в 27% случаев.,Периферия,,4,False,1,0,39000.0,0.0,1,0,0.0,0,10,0,0.0,,1,0,0,0,0.2693,cutoff_depth4,cutoff
100000005745873100,peripheral,0.4,42,0.2156,4-е колено: исходящие не собирались (обрыв выборки). Вход 223 000 ₸ от 1 плательщика. Конечным получателем не считаем. Похожие узлы 1-3 колена пересылают дальше в 29% случаев.,Периферия,,4,False,1,0,223000.0,0.0,1,0,0.0,0,7,0,0.0,,1,0,0,0,0.2867,cutoff_depth4,cutoff
100000007267915100,peripheral,0.8,16,0.2156,"Вход 21 000 ₸ от 2 плательщиков, выход 10 000 ₸ 1 получателю. Пороги ролей не достигнуты, признаков роли нет.",Периферия,,3,False,2,1,21000.0,10000.0,3,1,0.4762,0,7,0,0.0,1.0,1,0,0,0,,fast_transit,none
100000007274584100,peripheral,0.9,3,0.215,"Вход 38 000 ₸ от 1 плательщика, выход 0 ₸ 0 получателям. Пороги ролей не достигнуты, признаков роли нет.",Периферия,,1,False,1,0,38000.0,0.0,1,0,0.0,1,10,0,0.0,,1,0,0,0,,,none
100000008633099100,peripheral,0.9,8,0.2148,"Вход 19 468 ₸ от 1 плательщика, выход 13 500 ₸ 1 получателю. Пороги ролей не достигнуты, признаков роли нет.",Периферия,,3,False,1,1,19468.0,13500.0,1,1,0.6934,0,7,0,0.0,,1,0,0,0,,,none
100000005168487100,peripheral,0.9,10,0.2144,"Вход 15 000 ₸ от 1 плательщика, выход 103 510 ₸ 1 получателю. Пороги ролей не достигнуты, признаков роли нет. Отдаёт больше, чем получил в выборке: есть источники вне данных.",Периферия,,2,False,1,1,15000.0,103510.0,1,14,6.9007,0,8,0,0.0,0.174,1,0,1,0,,mutual_transfers,none
100000008730238100,peripheral,0.4,5,0.2133,4-е колено: исходящие не собирались (обрыв выборки). Вход 113 000 ₸ от 1 плательщика. Конечным получателем не считаем. Похожие узлы 1-3 колена пересылают дальше в 29% случаев.,Периферия,,4,False,1,0,113000.0,0.0,1,0,0.0,0,8,0,0.0,,1,0,0,0,0.2867,cutoff_depth4,cutoff
100000001822650100,peripheral,0.4,5,0.2131,4-е колено: исходящие не собирались (обрыв выборки). Вход 112 000 ₸ от 1 плательщика. Конечным получателем не считаем. Похожие узлы 1-3 колена пересылают дальше в 29% случаев.,Периферия,,4,False,1,0,112000.0,0.0,1,0,0.0,0,8,0,0.0,,1,0,0,0,0.2867,cutoff_depth4,cutoff
100000003782913100,peripheral,0.4,14,0.2131,4-е колено: исходящие не собирались (обрыв выборки). Вход 200 000 ₸ от 1 плательщика. Конечным получателем не считаем. Похожие узлы 1-3 колена пересылают дальше в 29% случаев.,Периферия,,4,False,1,0,200000.0,0.0,1,0,0.0,0,7,0,0.0,,1,0,0,0,0.2867,cutoff_depth4,cutoff
100000003832231100,peripheral,0.9,3,0.2131,"Вход 35 000 ₸ от 1 плательщика, выход 0 ₸ 0 получателям. Пороги ролей не достигнуты, признаков роли нет.",Периферия,,1,False,1,0,35000.0,0.0,1,0,0.0,1,10,0,0.0,,1,0,0,0,,,none
100000004798515100,peripheral,0.4,12,0.2131,4-е колено: исходящие не собирались (обрыв выборки). Вход 200 000 ₸ от 1 плательщика. Конечным получателем не считаем. Похожие узлы 1-3 колена пересылают дальше в 29% случаев.,Периферия,,4,False,1,0,200000.0,0.0,2,0,0.0,0,7,0,0.0,,1,0,0,0,0.2867,cutoff_depth4,cutoff
100000008205937100,peripheral,0.9,11,0.2131,"Вход 35 000 ₸ от 1 плательщика, выход 0 ₸ 0 получателям. Пороги ролей не достигнуты, признаков роли нет.",Периферия,,2,False,1,0,35000.0,0.0,3,0,0.0,0,10,0,0.0,,1,0,0,0,,,none
100000005142492100,peripheral,0.9,8,0.213,"Вход 10 000 ₸ от 1 плательщика, выход 57 000 ₸ 1 получателю. Пороги ролей не достигнуты, признаков роли нет. Отдаёт больше, чем получил в выборке: есть источники вне данных.",Периферия,,3,False,1,1,10000.0,57000.0,1,1,5.7,0,7,0,0.0,1.0,1,0,1,0,,fast_transit;mutual_transfers,none
100000008190411100,peripheral,0.4,5,0.213,4-е колено: исходящие не собирались (обрыв выборки). Вход 198 450 ₸ от 1 плательщика. Конечным получателем не считаем. Похожие узлы 1-3 колена пересылают дальше в 29% случаев.,Периферия,,4,False,1,0,198450.0,0.0,12,0,0.0,0,7,0,0.0,,1,0,0,0,0.2867,cutoff_depth4,cutoff
100000000297649100,peripheral,0.9,12,0.2129,"Вход 40 000 ₸ от 1 плательщика, выход 70 600 ₸ 1 получателю. Пороги ролей не достигнуты, признаков роли нет. Отдаёт больше, чем получил в выборке: есть источники вне данных.",Периферия,,2,False,1,1,40000.0,70600.0,1,2,1.765,0,8,0,0.0,,1,0,1,0,,mutual_transfers,none
100000002734815100,peripheral,0.4,5,0.2127,4-е колено: исходящие не собирались (обрыв выборки). Вход 110 000 ₸ от 1 плательщика. Конечным получателем не считаем. Похожие узлы 1-3 колена пересылают дальше в 29% случаев.,Периферия,,4,False,1,0,110000.0,0.0,1,0,0.0,0,8,0,0.0,,1,0,0,0,0.2867,cutoff_depth4,cutoff
100000003230329100,peripheral,0.4,5,0.2127,4-е колено: исходящие не собирались (обрыв выборки). Вход 110 000 ₸ от 1 плательщика. Конечным получателем не считаем. Похожие узлы 1-3 колена пересылают дальше в 29% случаев.,Периферия,,4,False,1,0,110000.0,0.0,1,0,0.0,0,8,0,0.0,,1,0,0,0,0.2867,cutoff_depth4,cutoff
100000007071852100,peripheral,0.4,6,0.2126,4-е колено: исходящие не собирались (обрыв выборки). Вход 195 000 ₸ от 1 плательщика. Конечным получателем не считаем. Похожие узлы 1-3 колена пересылают дальше в 29% случаев.,Периферия,,4,False,1,0,195000.0,0.0,1,0,0.0,0,7,0,0.0,,1,0,0,0,0.2867,cutoff_depth4,cutoff
100000001299323100,peripheral,0.4,5,0.2125,4-е колено: исходящие не собирались (обрыв выборки). Вход 109 000 ₸ от 1 плательщика. Конечным получателем не считаем. Похожие узлы 1-3 колена пересылают дальше в 29% случаев.,Периферия,,4,False,1,0,109000.0,0.0,1,0,0.0,0,8,0,0.0,,1,0,0,0,0.2867,cutoff_depth4,cutoff
100000003252446100,peripheral,0.4,5,0.2124,4-е колено: исходящие не собирались (обрыв выборки). Вход 108 600 ₸ от 1 плательщика. Конечным получателем не считаем. Похожие узлы 1-3 колена пересылают дальше в 29% случаев.,Периферия,,4,False,1,0,108600.0,0.0,1,0,0.0,0,8,0,0.0,,1,0,0,0,0.2867,cutoff_depth4,cutoff
100000005849100100,peripheral,0.9,3,0.2119,"Вход 33 300 ₸ от 1 плательщика, выход 0 ₸ 0 получателям. Пороги ролей не достигнуты, признаков роли нет.",Периферия,,2,False,1,0,33300.0,0.0,1,0,0.0,0,10,0,0.0,,1,0,0,0,,,none
100000003074515100,peripheral,0.4,5,0.2117,4-е колено: исходящие не собирались (обрыв выборки). Вход 105 000 ₸ от 1 плательщика. Конечным получателем не считаем. Похожие узлы 1-3 колена пересылают дальше в 29% случаев.,Периферия,,4,False,1,0,105000.0,0.0,1,0,0.0,0,8,0,0.0,,1,0,0,0,0.2867,cutoff_depth4,cutoff
100000008168850100,peripheral,0.4,7,0.2117,4-е колено: исходящие не собирались (обрыв выборки). Вход 187 910 ₸ от 1 плательщика. Конечным получателем не считаем. Похожие узлы 1-3 колена пересылают дальше в 29% случаев.,Периферия,,4,False,1,0,187910.0,0.0,2,0,0.0,0,7,0,0.0,,1,0,0,0,0.2867,cutoff_depth4,cutoff
100000002597003100,peripheral,0.9,2,0.2116,"Вход 17 700 ₸ от 1 плательщика, выход 11 000 ₸ 1 получателю. Пороги ролей не достигнуты, признаков роли нет.",Периферия,,1,False,1,1,17700.0,11000.0,1,1,0.6215,1,7,0,0.0,,1,0,0,0,,,none
100000002733905100,peripheral,0.7,1,0.2116,"Вход 100 000 ₸ от 3 плательщиков, выход 717 839 ₸ 2 получателям. Пороги ролей не достигнуты, признаков роли нет. Отдаёт больше, чем получил в выборке: есть источники вне данных.",Периферия,,2,False,3,2,100000.0,717839.0,5,3,7.1784,0,1,0,0.0,0.3274,2,0,2,2,,mutual_transfers;recurring_route,none
100000006308406100,peripheral,0.4,22,0.2111,4-е колено: исходящие не собирались (обрыв выборки). Вход 183 000 ₸ от 1 плательщика. Конечным получателем не считаем. Похожие узлы 1-3 колена пересылают дальше в 29% случаев.,Периферия,,4,False,1,0,183000.0,0.0,2,0,0.0,0,7,0,0.0,,1,0,0,0,0.2867,cutoff_depth4,cutoff
100000001641789100,peripheral,0.9,8,0.2109,"Вход 17 826 ₸ от 1 плательщика, выход 0 ₸ 0 получателям. Пороги ролей не достигнуты, признаков роли нет.",Периферия,,1,False,1,0,17826.0,0.0,1,0,0.0,1,11,1,0.0,,1,0,0,0,,,none
100000003180820100,peripheral,0.4,5,0.2108,4-е колено: исходящие не собирались (обрыв выборки). Вход 101 000 ₸ от 1 плательщика. Конечным получателем не считаем. Похожие узлы 1-3 колена пересылают дальше в 29% случаев.,Периферия,,4,False,1,0,101000.0,0.0,1,0,0.0,0,8,0,0.0,,1,0,0,0,0.2867,cutoff_depth4,cutoff
100000004235471100,peripheral,0.4,7,0.2107,4-е колено: исходящие не собирались (обрыв выборки). Вход 180 000 ₸ от 1 плательщика. Конечным получателем не считаем. Похожие узлы 1-3 колена пересылают дальше в 29% случаев.,Периферия,,4,False,1,0,180000.0,0.0,1,0,0.0,0,7,0,0.0,,1,0,0,0,0.2867,cutoff_depth4,cutoff
100000003134550100,peripheral,0.4,5,0.2105,4-е колено: исходящие не собирались (обрыв выборки). Вход 100 000 ₸ от 1 плательщика. Конечным получателем не считаем. Похожие узлы 1-3 колена пересылают дальше в 29% случаев.,Периферия,,4,False,1,0,100000.0,0.0,1,0,0.0,0,8,0,0.0,,1,0,0,0,0.2867,cutoff_depth4,cutoff
100000004418967100,peripheral,0.4,5,0.2105,4-е колено: исходящие не собирались (обрыв выборки). Вход 100 000 ₸ от 1 плательщика. Конечным получателем не считаем. Похожие узлы 1-3 колена пересылают дальше в 29% случаев.,Периферия,,4,False,1,0,100000.0,0.0,1,0,0.0,0,8,0,0.0,,1,0,0,0,0.2867,cutoff_depth4,cutoff
100000005897462100,peripheral,0.9,10,0.2102,"Вход 98 400 ₸ от 1 плательщика, выход 0 ₸ 0 получателям. Пороги ролей не достигнуты, признаков роли нет.",Периферия,,1,False,1,0,98400.0,0.0,1,0,0.0,1,8,0,0.0,,1,0,0,0,,,none
100000000749118100,peripheral,0.9,2,0.21,"Вход 10 330 ₸ от 1 плательщика, выход 16 500 ₸ 1 получателю. Пороги ролей не достигнуты, признаков роли нет. Отдаёт больше, чем получил в выборке: есть источники вне данных.",Периферия,,3,False,1,1,10330.0,16500.0,1,1,1.5973,0,7,0,0.0,,1,0,0,0,,,none
100000000979923100,peripheral,0.9,10,0.21,"Вход 97 900 ₸ от 1 плательщика, выход 0 ₸ 0 получателям. Пороги ролей не достигнуты, признаков роли нет.",Периферия,,1,False,1,0,97900.0,0.0,1,0,0.0,1,8,0,0.0,,1,0,0,0,,,none
100000008136608100,peripheral,0.4,9,0.2094,4-е колено: исходящие не собирались (обрыв выборки). Вход 170 000 ₸ от 1 плательщика. Конечным получателем не считаем. Похожие узлы 1-3 колена пересылают дальше в 29% случаев.,Периферия,,4,False,1,0,170000.0,0.0,1,0,0.0,0,7,0,0.0,,1,0,0,0,0.2867,cutoff_depth4,cutoff
100000008172721100,peripheral,0.4,6,0.2092,4-е колено: исходящие не собирались (обрыв выборки). Вход 168 335 ₸ от 1 плательщика. Конечным получателем не считаем. Похожие узлы 1-3 колена пересылают дальше в 29% случаев.,Периферия,,4,False,1,0,168335.0,0.0,1,0,0.0,0,7,0,0.0,,1,0,0,0,0.2867,cutoff_depth4,cutoff
100000002659103100,peripheral,0.4,46,0.2087,4-е колено: исходящие не собирались (обрыв выборки). Вход 165 000 ₸ от 1 плательщика. Конечным получателем не считаем. Похожие узлы 1-3 колена пересылают дальше в 29% случаев.,Периферия,,4,False,1,0,165000.0,0.0,1,0,0.0,0,7,0,0.0,,1,0,0,0,0.2867,cutoff_depth4,cutoff
100000005272139100,peripheral,0.4,4,0.2087,4-е колено: исходящие не собирались (обрыв выборки). Вход 165 000 ₸ от 1 плательщика. Конечным получателем не считаем. Похожие узлы 1-3 колена пересылают дальше в 29% случаев.,Периферия,,4,False,1,0,165000.0,0.0,1,0,0.0,0,7,0,0.0,,1,0,0,0,0.2867,cutoff_depth4,cutoff
100000007629121100,peripheral,0.9,3,0.2087,"Вход 29 000 ₸ от 1 плательщика, выход 0 ₸ 0 получателям. Пороги ролей не достигнуты, признаков роли нет.",Периферия,,2,False,1,0,29000.0,0.0,1,0,0.0,0,10,0,0.0,,1,0,0,0,,,none
100000002757240100,peripheral,0.9,3,0.2085,"Вход 51 183 ₸ от 1 плательщика, выход 0 ₸ 0 получателям. Пороги ролей не достигнуты, признаков роли нет.",Периферия,,2,False,1,0,51183.0,0.0,1,0,0.0,0,9,0,0.0,,1,0,0,0,,,none
100000006445501100,peripheral,0.9,10,0.2084,"Вход 91 000 ₸ от 1 плательщика, выход 0 ₸ 0 получателям. Пороги ролей не достигнуты, признаков роли нет.",Периферия,,1,False,1,0,91000.0,0.0,1,0,0.0,1,8,0,0.0,,1,0,0,0,,,none
100000008634520100,peripheral,0.9,5,0.2081,"Вход 90 000 ₸ от 1 плательщика, выход 0 ₸ 0 получателям. Пороги ролей не достигнуты, признаков роли нет.",Периферия,,3,False,1,0,90000.0,0.0,1,0,0.0,0,8,0,0.0,,1,0,0,0,,,none
100000008737958100,terminal,0.5,1,0.2078,"Получил 53 373 ₸ от 2 плательщиков, исходящих от 5 000 ₸ в июле нет (колено 1). Деньги остаются.",Конечный получатель,,1,False,2,0,53373.0,0.0,2,0,0.0,1,1,0,0.0,,1,0,0,0,,,keeps
100000004134060100,peripheral,0.9,20,0.2076,"Вход 88 179 ₸ от 1 плательщика, выход 0 ₸ 0 получателям. Пороги ролей не достигнуты, признаков роли нет.",Периферия,,2,False,1,0,88179.0,0.0,1,0,0.0,0,8,0,0.0,,1,0,0,0,,,none
100000003125997100,peripheral,0.4,5,0.2075,4-е колено: исходящие не собирались (обрыв выборки). Вход 87 750 ₸ от 1 плательщика. Конечным получателем не считаем. Похожие узлы 1-3 колена пересылают дальше в 29% случаев.,Периферия,,4,False,1,0,87750.0,0.0,1,0,0.0,0,8,0,0.0,,1,0,0,0,0.2867,cutoff_depth4,cutoff
100000008221765100,peripheral,0.4,7,0.2075,4-е колено: исходящие не собирались (обрыв выборки). Вход 156 354 ₸ от 1 плательщика. Конечным получателем не считаем. Похожие узлы 1-3 колена пересылают дальше в 29% случаев.,Периферия,,4,False,1,0,156354.0,0.0,1,0,0.0,0,7,0,0.0,,1,0,0,0,0.2867,cutoff_depth4,cutoff
100000007511780100,peripheral,0.4,6,0.2073,4-е колено: исходящие не собирались (обрыв выборки). Вход 155 000 ₸ от 1 плательщика. Конечным получателем не считаем. Похожие узлы 1-3 колена пересылают дальше в 29% случаев.,Периферия,,4,False,1,0,155000.0,0.0,2,0,0.0,0,7,0,0.0,,1,0,0,0,0.2867,cutoff_depth4,cutoff
100000001074553100,terminal,0.5,9,0.2071,"Получил 28 971 ₸ от 2 плательщиков, исходящих от 5 000 ₸ в июле нет (колено 1). Деньги остаются.",Конечный получатель,,1,False,2,0,28971.0,0.0,2,0,0.0,2,2,0,0.0,,1,0,0,0,,,keeps
100000000557536100,peripheral,0.4,37,0.207,4-е колено: исходящие не собирались (обрыв выборки). Вход 153 000 ₸ от 1 плательщика. Конечным получателем не считаем. Похожие узлы 1-3 колена пересылают дальше в 29% случаев.,Периферия,,4,False,1,0,153000.0,0.0,7,0,0.0,0,7,0,0.0,,1,0,0,0,0.2867,cutoff_depth4,cutoff
100000002836052100,peripheral,0.9,3,0.2069,"Вход 15 000 ₸ от 1 плательщика, выход 0 ₸ 0 получателям. Пороги ролей не достигнуты, признаков роли нет.",Периферия,,2,False,1,0,15000.0,0.0,1,0,0.0,0,11,1,0.0,,1,0,0,0,,,none
100000003622955100,peripheral,0.4,10,0.2069,4-е колено: исходящие не собирались (обрыв выборки). Вход 15 000 ₸ от 1 плательщика. Конечным получателем не считаем. Похожие узлы 1-3 колена пересылают дальше в 27% случаев.,Периферия,,4,False,1,0,15000.0,0.0,1,0,0.0,0,11,0,0.0,,1,0,0,0,0.2693,cutoff_depth4,cutoff
100000008680912100,peripheral,0.9,6,0.2068,"Вход 45 112 ₸ от 1 плательщика, выход 5 991 ₸ 1 получателю. Пороги ролей не достигнуты, признаков роли нет.",Периферия,,3,False,1,1,45112.0,5990.85,2,1,0.1328,0,7,0,0.0,1.0,1,0,1,0,,fast_transit;mutual_transfers,none
100000004601193100,peripheral,0.4,10,0.2065,4-е колено: исходящие не собирались (обрыв выборки). Вход 84 000 ₸ от 1 плательщика. Конечным получателем не считаем. Похожие узлы 1-3 колена пересылают дальше в 29% случаев.,Периферия,,4,False,1,0,84000.0,0.0,3,0,0.0,0,8,0,0.0,,1,0,0,0,0.2867,cutoff_depth4,cutoff
100000003016773100,peripheral,0.9,5,0.2063,"Вход 46 555 ₸ от 1 плательщика, выход 0 ₸ 0 получателям. Пороги ролей не достигнуты, признаков роли нет.",Периферия,,2,False,1,0,46555.0,0.0,1,0,0.0,0,9,0,0.0,,1,0,0,0,,,none
100000006745291100,peripheral,0.9,10,0.2061,"Вход 82 534 ₸ от 1 плательщика, выход 0 ₸ 0 получателям. Пороги ролей не достигнуты, признаков роли нет.",Периферия,,1,False,1,0,82534.0,0.0,1,0,0.0,1,8,0,0.0,,1,0,0,0,,,none
100000003180305100,peripheral,0.4,2,0.2056,4-е колено: исходящие не собирались (обрыв выборки). Вход 144 000 ₸ от 1 плательщика. Конечным получателем не считаем. Похожие узлы 1-3 колена пересылают дальше в 29% случаев.,Периферия,,4,False,1,0,144000.0,0.0,1,0,0.0,0,7,0,0.0,,1,0,0,0,0.2867,cutoff_depth4,cutoff
100000003819173100,peripheral,0.4,6,0.2056,4-е колено: исходящие не собирались (обрыв выборки). Вход 143 777 ₸ от 1 плательщика. Конечным получателем не считаем. Похожие узлы 1-3 колена пересылают дальше в 29% случаев.,Периферия,,4,False,1,0,143777.0,0.0,1,0,0.0,0,7,0,0.0,,1,0,0,0,0.2867,cutoff_depth4,cutoff
100000005360814100,peripheral,0.4,6,0.2056,4-е колено: исходящие не собирались (обрыв выборки). Вход 144 000 ₸ от 1 плательщика. Конечным получателем не считаем. Похожие узлы 1-3 колена пересылают дальше в 29% случаев.,Периферия,,4,False,1,0,144000.0,0.0,3,0,0.0,0,7,0,0.0,,1,0,0,0,0.2867,cutoff_depth4,cutoff
100000003781406100,peripheral,0.9,12,0.2055,"Вход 45 000 ₸ от 1 плательщика, выход 0 ₸ 0 получателям. Пороги ролей не достигнуты, признаков роли нет.",Периферия,,3,False,1,0,45000.0,0.0,2,0,0.0,0,9,0,0.0,,1,0,0,0,,,none
100000008664469100,peripheral,0.9,3,0.2053,"Вход 25 000 ₸ от 1 плательщика, выход 0 ₸ 0 получателям. Пороги ролей не достигнуты, признаков роли нет.",Периферия,,1,False,1,0,25000.0,0.0,1,0,0.0,1,10,0,0.0,,1,0,0,0,,,none
100000004765639100,peripheral,0.9,2,0.2051,"Вход 5 000 ₸ от 1 плательщика, выход 11 000 ₸ 2 получателям. Пороги ролей не достигнуты, признаков роли нет. Отдаёт больше, чем получил в выборке: есть источники вне данных.",Периферия,,2,False,1,2,5000.0,11000.0,1,2,2.2,0,7,0,0.0,0.5455,1,1,1,0,,fast_transit;cycle;mutual_transfers,none
100000000803368100,peripheral,0.4,14,0.2049,4-е колено: исходящие не собирались (обрыв выборки). Вход 139 503 ₸ от 1 плательщика. Конечным получателем не считаем. Похожие узлы 1-3 колена пересылают дальше в 29% случаев.,Периферия,,4,False,1,0,139503.0,0.0,1,0,0.0,0,7,0,0.0,,1,0,0,0,0.2867,cutoff_depth4,cutoff
100000004071070100,peripheral,0.8,2,0.2048,"Вход 41 000 ₸ от 2 плательщиков, выход 6 000 ₸ 1 получателю. Пороги ролей не достигнуты, признаков роли нет.",Периферия,,2,False,2,1,41000.0,6000.0,5,1,0.1463,0,7,1,0.0,1.0,1,0,1,0,,fast_transit;mutual_transfers,none
100000005852946100,peripheral,0.9,3,0.2042,"Вход 23 746 ₸ от 1 плательщика, выход 0 ₸ 0 получателям. Пороги ролей не достигнуты, признаков роли нет.",Периферия,,1,False,1,0,23746.0,0.0,1,0,0.0,1,10,0,0.0,,1,0,0,0,,,none
100000004318918100,peripheral,0.9,10,0.2041,"Вход 75 600 ₸ от 1 плательщика, выход 0 ₸ 0 получателям. Пороги ролей не достигнуты, признаков роли нет.",Периферия,,1,False,1,0,75600.0,0.0,1,0,0.0,1,8,0,0.0,,1,0,0,0,,,none
100000008703533100,peripheral,0.4,5,0.2039,4-е колено: исходящие не собирались (обрыв выборки). Вход 75 000 ₸ от 1 плательщика. Конечным получателем не считаем. Похожие узлы 1-3 колена пересылают дальше в 29% случаев.,Периферия,,4,False,1,0,75000.0,0.0,1,0,0.0,0,8,0,0.0,,1,0,0,0,0.2867,cutoff_depth4,cutoff
100000004800648100,peripheral,0.4,12,0.2034,4-е колено: исходящие не собирались (обрыв выборки). Вход 131 000 ₸ от 1 плательщика. Конечным получателем не считаем. Похожие узлы 1-3 колена пересылают дальше в 29% случаев.,Периферия,,4,False,1,0,131000.0,0.0,1,0,0.0,0,7,0,0.0,,1,0,0,0,0.2867,cutoff_depth4,cutoff
100000007648946100,peripheral,0.9,11,0.2034,"Вход 19 550 ₸ от 1 плательщика, выход 25 000 ₸ 1 получателю. Пороги ролей не достигнуты, признаков роли нет. Отдаёт больше, чем получил в выборке: есть источники вне данных.",Периферия,,1,False,1,1,19550.0,25000.0,1,1,1.2788,1,7,0,0.0,,1,0,0,0,,,none
100000002371751100,peripheral,0.9,61,0.2033,"Вход 200 000 ₸ от 1 плательщика, выход 250 000 ₸ 1 получателю. Пороги ролей не достигнуты, признаков роли нет. Отдаёт больше, чем получил в выборке: есть источники вне данных.",Периферия,,1,False,1,1,200000.0,250000.0,5,1,1.25,1,1,0,0.0,1.0,1,0,0,2,,fast_transit;recurring_route,none
100000000267734100,peripheral,0.65,8,0.2032,"Вход 180 000 ₸ от 2 плательщиков, выход 282 000 ₸ 7 получателям. Пороги ролей не достигнуты, признаков роли нет. Отдаёт больше, чем получил в выборке: есть источники вне данных.",Периферия,,1,False,2,7,180000.0,282000.0,4,8,1.5667,1,1,0,0.0,0.4149,1,0,1,8,,mutual_transfers;recurring_route,none
100000001380054100,peripheral,0.8,30,0.2025,"Вход 127 050 ₸ от 2 плательщиков, выход 360 000 ₸ 3 получателям. Пороги ролей не достигнуты, признаков роли нет. Отдаёт больше, чем получил в выборке: есть источники вне данных.",Периферия,,1,False,2,3,127050.0,360000.0,2,4,2.8335,1,1,0,0.0,0.5556,1,0,2,0,,fast_transit;mutual_transfers,none
100000006756956100,peripheral,0.4,6,0.2016,4-е колено: исходящие не собирались (обрыв выборки). Вход 121 200 ₸ от 1 плательщика. Конечным получателем не считаем. Похожие узлы 1-3 колена пересылают дальше в 29% случаев.,Периферия,,4,False,1,0,121200.0,0.0,9,0,0.0,0,7,0,0.0,,1,0,0,0,0.2867,cutoff_depth4,cutoff
100000002457464100,peripheral,0.9,3,0.2012,"Вход 66 647 ₸ от 1 плательщика, выход 0 ₸ 0 получателям. Пороги ролей не достигнуты, признаков роли нет.",Периферия,,2,False,1,0,66647.0,0.0,1,0,0.0,0,8,0,0.0,,1,0,0,0,,,none
100000003561031100,peripheral,0.9,6,0.2012,"Вход 13 300 ₸ от 1 плательщика, выход 5 000 ₸ 1 получателю. Пороги ролей не достигнуты, признаков роли нет.",Периферия,,3,False,1,1,13300.0,5000.0,1,1,0.3759,0,7,0,0.0,,1,0,0,0,,,none
100000003696422100,peripheral,0.4,32,0.201,4-е колено: исходящие не собирались (обрыв выборки). Вход 118 000 ₸ от 1 плательщика. Конечным получателем не считаем. Похожие узлы 1-3 колена пересылают дальше в 29% случаев.,Периферия,,4,False,1,0,118000.0,0.0,2,0,0.0,0,7,0,0.0,,1,0,0,0,0.2867,cutoff_depth4,cutoff
100000006111442100,peripheral,0.9,5,0.2003,"Вход 64 000 ₸ от 1 плательщика, выход 0 ₸ 0 получателям. Пороги ролей не достигнуты, признаков роли нет.",Периферия,,3,False,1,0,64000.0,0.0,1,0,0.0,0,8,0,0.0,,1,0,0,0,,,none
100000004285800100,peripheral,0.9,2,0.2002,"Вход 5 000 ₸ от 1 плательщика, выход 15 000 ₸ 1 получателю. Пороги ролей не достигнуты, признаков роли нет. Отдаёт больше, чем получил в выборке: есть источники вне данных.",Периферия,,2,False,1,1,5000.0,15000.0,1,1,3.0,0,10,0,0.0,,1,0,0,0,,,none
100000004441291100,peripheral,0.9,3,0.2002,"Вход 20 000 ₸ от 1 плательщика, выход 0 ₸ 0 получателям. Пороги ролей не достигнуты, признаков роли нет.",Периферия,,2,False,1,0,20000.0,0.0,1,0,0.0,0,10,0,0.0,,1,0,0,0,,,none
100000005022964100,peripheral,0.9,3,0.2002,"Вход 20 000 ₸ от 1 плательщика, выход 0 ₸ 0 получателям. Пороги ролей не достигнуты, признаков роли нет.",Периферия,,2,False,1,0,20000.0,0.0,1,0,0.0,0,10,0,0.0,,1,0,0,0,,,none
100000002242455100,peripheral,0.4,7,0.1994,4-е колено: исходящие не собирались (обрыв выборки). Вход 110 000 ₸ от 1 плательщика. Конечным получателем не считаем. Похожие узлы 1-3 колена пересылают дальше в 29% случаев.,Периферия,,4,False,1,0,110000.0,0.0,1,0,0.0,0,7,0,0.0,,1,0,0,0,0.2867,cutoff_depth4,cutoff
100000003186579100,peripheral,0.4,6,0.1994,4-е колено: исходящие не собирались (обрыв выборки). Вход 110 000 ₸ от 1 плательщика. Конечным получателем не считаем. Похожие узлы 1-3 колена пересылают дальше в 29% случаев.,Периферия,,4,False,1,0,110000.0,0.0,2,0,0.0,0,7,0,0.0,,1,0,0,0,0.2867,cutoff_depth4,cutoff
100000008638859100,peripheral,0.4,17,0.1991,4-е колено: исходящие не собирались (обрыв выборки). Вход 34 000 ₸ от 1 плательщика. Конечным получателем не считаем. Похожие узлы 1-3 колена пересылают дальше в 27% случаев.,Периферия,,4,False,1,0,34000.0,0.0,1,0,0.0,0,9,0,0.0,,1,0,0,0,0.2693,cutoff_depth4,cutoff
100000001737722100,peripheral,0.9,3,0.199,"Вход 60 460 ₸ от 1 плательщика, выход 0 ₸ 0 получателям. Пороги ролей не достигнуты, признаков роли нет.",Периферия,,2,False,1,0,60460.0,0.0,1,0,0.0,0,8,0,0.0,,1,0,0,0,,,none
100000001677389100,peripheral,0.9,16,0.1987,"Вход 11 000 ₸ от 1 плательщика, выход 5 400 ₸ 1 получателю. Пороги ролей не достигнуты, признаков роли нет.",Периферия,,3,False,1,1,11000.0,5400.0,1,1,0.4909,0,7,0,0.0,,1,0,0,0,,,none
100000008337304100,peripheral,0.4,6,0.1984,4-е колено: исходящие не собирались (обрыв выборки). Вход 105 465 ₸ от 1 плательщика. Конечным получателем не считаем. Похожие узлы 1-3 колена пересылают дальше в 29% случаев.,Периферия,,4,False,1,0,105465.0,0.0,2,0,0.0,0,7,0,0.0,,1,0,0,0,0.2867,cutoff_depth4,cutoff
100000002835874100,peripheral,0.4,5,0.1983,4-е колено: исходящие не собирались (обрыв выборки). Вход 58 700 ₸ от 1 плательщика. Конечным получателем не считаем. Похожие узлы 1-3 колена пересылают дальше в 29% случаев.,Периферия,,4,False,1,0,58700.0,0.0,1,0,0.0,0,8,0,0.0,,1,0,0,0,0.2867,cutoff_depth4,cutoff
100000001229743100,peripheral,0.9,2,0.1981,"Вход 7 000 ₸ от 1 плательщика, выход 9 000 ₸ 1 получателю. Пороги ролей не достигнуты, признаков роли нет. Отдаёт больше, чем получил в выборке: есть источники вне данных.",Периферия,,3,False,1,1,7000.0,9000.0,1,1,1.2857,0,7,0,0.0,,1,0,0,0,,,none
100000004806903100,peripheral,0.9,3,0.1978,"Вход 18 000 ₸ от 1 плательщика, выход 0 ₸ 0 получателям. Пороги ролей не достигнуты, признаков роли нет.",Периферия,,2,False,1,0,18000.0,0.0,1,0,0.0,0,10,0,0.0,,1,0,0,0,,,none
100000008461217100,peripheral,0.4,52,0.1978,4-е колено: исходящие не собирались (обрыв выборки). Вход 18 000 ₸ от 1 плательщика. Конечным получателем не считаем. Похожие узлы 1-3 колена пересылают дальше в 27% случаев.,Периферия,,4,False,1,0,18000.0,0.0,1,0,0.0,0,10,0,0.0,,1,0,0,0,0.2693,cutoff_depth4,cutoff
100000008060273100,peripheral,0.9,3,0.1976,"Вход 10 000 ₸ от 1 плательщика, выход 0 ₸ 0 получателям. Пороги ролей не достигнуты, признаков роли нет.",Периферия,,2,False,1,0,10000.0,0.0,2,0,0.0,0,11,1,0.0,,1,0,0,0,,,none
100000001299828100,peripheral,0.4,2,0.1972,4-е колено: исходящие не собирались (обрыв выборки). Вход 100 000 ₸ от 1 плательщика. Конечным получателем не считаем. Похожие узлы 1-3 колена пересылают дальше в 29% случаев.,Периферия,,4,False,1,0,100000.0,0.0,1,0,0.0,0,7,0,0.0,,1,0,0,0,0.2867,cutoff_depth4,cutoff
100000001533161100,peripheral,0.4,46,0.1972,4-е колено: исходящие не собирались (обрыв выборки). Вход 100 000 ₸ от 1 плательщика. Конечным получателем не считаем. Похожие узлы 1-3 колена пересылают дальше в 29% случаев.,Периферия,,4,False,1,0,100000.0,0.0,1,0,0.0,0,7,0,0.0,,1,0,0,0,0.2867,cutoff_depth4,cutoff
100000004398811100,peripheral,0.85,3,0.1972,"Вход 426 000 ₸ от 1 плательщика, выход 1,04 млн ₸ 3 получателям. Пороги ролей не достигнуты, признаков роли нет. Отдаёт больше, чем получил в выборке: есть источники вне данных.",Периферия,,2,False,1,3,426000.0,1040672.0,1,4,2.4429,0,1,0,0.0,0.3949,1,0,0,0,,,none
100000004840086100,peripheral,0.4,2,0.1972,4-е колено: исходящие не собирались (обрыв выборки). Вход 100 000 ₸ от 1 плательщика. Конечным получателем не считаем. Похожие узлы 1-3 колена пересылают дальше в 29% случаев.,Периферия,,4,False,1,0,100000.0,0.0,2,0,0.0,0,7,0,0.0,,1,0,0,0,0.2867,cutoff_depth4,cutoff
100000008343415100,peripheral,0.4,20,0.1972,4-е колено: исходящие не собирались (обрыв выборки). Вход 100 000 ₸ от 1 плательщика. Конечным получателем не считаем. Похожие узлы 1-3 колена пересылают дальше в 29% случаев.,Периферия,,4,False,1,0,100000.0,0.0,3,0,0.0,0,7,0,0.0,,1,0,0,0,0.2867,cutoff_depth4,cutoff
100000008560263100,peripheral,0.4,7,0.1972,4-е колено: исходящие не собирались (обрыв выборки). Вход 100 000 ₸ от 1 плательщика. Конечным получателем не считаем. Похожие узлы 1-3 колена пересылают дальше в 29% случаев.,Периферия,,4,False,1,0,100000.0,0.0,1,0,0.0,0,7,0,0.0,,1,0,0,0,0.2867,cutoff_depth4,cutoff
100000008193577100,peripheral,0.75,44,0.197,"Вход 154 300 ₸ от 2 плательщиков, выход 480 180 ₸ 5 получателям. Пороги ролей не достигнуты, признаков роли нет. Отдаёт больше, чем получил в выборке: есть источники вне данных.",Периферия,,1,False,2,5,154300.0,480180.0,6,16,3.112,1,1,0,0.0,0.1041,1,8,2,0,,cycle;mutual_transfers,none
100000005049404100,peripheral,0.4,7,0.1967,4-е колено: исходящие не собирались (обрыв выборки). Вход 98 000 ₸ от 1 плательщика. Конечным получателем не считаем. Похожие узлы 1-3 колена пересылают дальше в 29% случаев.,Периферия,,4,False,1,0,98000.0,0.0,2,0,0.0,0,7,0,0.0,,1,0,0,0,0.2867,cutoff_depth4,cutoff
100000008629581100,peripheral,0.9,3,0.1965,"Вход 54 184 ₸ от 1 плательщика, выход 0 ₸ 0 получателям. Пороги ролей не достигнуты, признаков роли нет.",Периферия,,2,False,1,0,54184.0,0.0,1,0,0.0,0,8,0,0.0,,1,0,0,0,,,none
100000003102157100,peripheral,0.9,2,0.1964,"Вход 96 746 ₸ от 1 плательщика, выход 0 ₸ 0 получателям. Пороги ролей не достигнуты, признаков роли нет.",Периферия,,1,False,1,0,96746.0,0.0,2,0,0.0,1,7,0,0.0,,1,0,0,0,,,none
100000001339466100,peripheral,0.9,3,0.1962,"Вход 30 000 ₸ от 1 плательщика, выход 0 ₸ 0 получателям. Пороги ролей не достигнуты, признаков роли нет.",Периферия,,2,False,1,0,30000.0,0.0,1,0,0.0,0,9,0,0.0,,1,0,0,0,,,none
100000001276409100,peripheral,0.4,9,0.196,4-е колено: исходящие не собирались (обрыв выборки). Вход 94 760 ₸ от 1 плательщика. Конечным получателем не считаем. Похожие узлы 1-3 колена пересылают дальше в 29% случаев.,Периферия,,4,False,1,0,94760.0,0.0,1,0,0.0,0,7,0,0.0,,1,0,0,0,0.2867,cutoff_depth4,cutoff
100000002015633100,peripheral,0.9,7,0.196,"Вход 94 970 ₸ от 1 плательщика, выход 0 ₸ 0 получателям. Пороги ролей не достигнуты, признаков роли нет.",Периферия,,3,False,1,0,94970.0,0.0,1,0,0.0,0,7,0,0.0,,1,0,0,0,,,none
100000002695812100,peripheral,0.4,9,0.196,4-е колено: исходящие не собирались (обрыв выборки). Вход 95 000 ₸ от 1 плательщика. Конечным получателем не считаем. Похожие узлы 1-3 колена пересылают дальше в 29% случаев.,Периферия,,4,False,1,0,95000.0,0.0,1,0,0.0,0,7,0,0.0,,1,0,0,0,0.2867,cutoff_depth4,cutoff
100000002705460100,peripheral,0.9,4,0.196,"Вход 95 000 ₸ от 1 плательщика, выход 0 ₸ 0 получателям. Пороги ролей не достигнуты, признаков роли нет.",Периферия,,3,False,1,0,95000.0,0.0,1,0,0.0,0,7,0,0.0,,1,0,0,0,,,none
100000004360785100,peripheral,0.9,4,0.196,"Вход 94 705 ₸ от 1 плательщика, выход 0 ₸ 0 получателям. Пороги ролей не достигнуты, признаков роли нет.",Периферия,,1,False,1,0,94705.0,0.0,1,0,0.0,1,7,0,0.0,,1,0,0,0,,,none
100000008050986100,peripheral,0.4,7,0.196,4-е колено: исходящие не собирались (обрыв выборки). Вход 95 000 ₸ от 1 плательщика. Конечным получателем не считаем. Похожие узлы 1-3 колена пересылают дальше в 29% случаев.,Периферия,,4,False,1,0,95000.0,0.0,2,0,0.0,0,7,0,0.0,,1,0,0,0,0.2867,cutoff_depth4,cutoff
100000000917179100,peripheral,0.9,14,0.1959,"Вход 94 465 ₸ от 1 плательщика, выход 0 ₸ 0 получателям. Пороги ролей не достигнуты, признаков роли нет.",Периферия,,2,False,1,0,94465.0,0.0,2,0,0.0,0,7,0,0.0,,1,0,0,0,,,none
100000005974542100,peripheral,0.9,23,0.1959,"Вход 94 500 ₸ от 1 плательщика, выход 0 ₸ 0 получателям. Пороги ролей не достигнуты, признаков роли нет.",Периферия,,3,False,1,0,94500.0,0.0,3,0,0.0,0,7,0,0.0,,1,0,0,0,,,none
100000005567828100,peripheral,0.4,9,0.1958,4-е колено: исходящие не собирались (обрыв выборки). Вход 94 000 ₸ от 1 плательщика. Конечным получателем не считаем. Похожие узлы 1-3 колена пересылают дальше в 29% случаев.,Периферия,,4,False,1,0,94000.0,0.0,1,0,0.0,0,7,0,0.0,,1,0,0,0,0.2867,cutoff_depth4,cutoff
100000003060187100,peripheral,0.9,17,0.1955,"Вход 93 046 ₸ от 1 плательщика, выход 0 ₸ 0 получателям. Пороги ролей не достигнуты, признаков роли нет.",Периферия,,3,False,1,0,93046.0,0.0,1,0,0.0,0,7,0,0.0,,1,0,0,0,,,none
100000002691858100,peripheral,0.9,33,0.1953,"Вход 51 500 ₸ от 1 плательщика, выход 0 ₸ 0 получателям. Пороги ролей не достигнуты, признаков роли нет.",Периферия,,2,False,1,0,51500.0,0.0,1,0,0.0,0,8,0,0.0,,1,0,0,0,,,none
100000006240939100,peripheral,0.75,28,0.1952,"Вход 160 000 ₸ от 1 плательщика, выход 778 015 ₸ 5 получателям. Пороги ролей не достигнуты, признаков роли нет. Отдаёт больше, чем получил в выборке: есть источники вне данных.",Периферия,,2,False,1,5,160000.0,778015.0,1,5,4.8626,0,1,0,0.0,0.212,1,0,0,0,,,none
100000003975102100,peripheral,0.9,4,0.1951,"seed. Вход 25 650 ₸ от 1 плательщика, выход 88 500 ₸ 2 получателям. Пороги ролей не достигнуты, признаков роли нет.",Периферия,,0,True,1,2,25650.0,88500.0,1,2,3.4503,0,7,0,0.0,0.3616,1,0,0,0,,seed,none
100000002779485100,peripheral,0.9,6,0.195,"Вход 91 000 ₸ от 1 плательщика, выход 0 ₸ 0 получателям. Пороги ролей не достигнуты, признаков роли нет.",Периферия,,2,False,1,0,91000.0,0.0,2,0,0.0,0,7,0,0.0,,1,0,0,0,,,none
100000002208836100,peripheral,0.4,7,0.1948,4-е колено: исходящие не собирались (обрыв выборки). Вход 90 000 ₸ от 1 плательщика. Конечным получателем не считаем. Похожие узлы 1-3 колена пересылают дальше в 29% случаев.,Периферия,,4,False,1,0,90000.0,0.0,1,0,0.0,0,7,0,0.0,,1,0,0,0,0.2867,cutoff_depth4,cutoff
100000002284426100,peripheral,0.9,7,0.1948,"Вход 90 000 ₸ от 1 плательщика, выход 0 ₸ 0 получателям. Пороги ролей не достигнуты, признаков роли нет.",Периферия,,3,False,1,0,90000.0,0.0,2,0,0.0,0,7,0,0.0,,1,0,0,0,,,none
100000002487222100,peripheral,0.4,7,0.1948,4-е колено: исходящие не собирались (обрыв выборки). Вход 90 000 ₸ от 1 плательщика. Конечным получателем не считаем. Похожие узлы 1-3 колена пересылают дальше в 29% случаев.,Периферия,,4,False,1,0,90000.0,0.0,2,0,0.0,0,7,0,0.0,,1,0,0,0,0.2867,cutoff_depth4,cutoff
100000002774456100,peripheral,0.9,10,0.1948,"Вход 50 363 ₸ от 1 плательщика, выход 0 ₸ 0 получателям. Пороги ролей не достигнуты, признаков роли нет.",Периферия,,1,False,1,0,50363.0,0.0,1,0,0.0,1,8,0,0.0,,1,0,0,0,,,none
100000002812641100,peripheral,0.9,9,0.1948,"Вход 10 000 ₸ от 1 плательщика, выход 7 024 ₸ 1 получателю. Пороги ролей не достигнуты, признаков роли нет.",Периферия,,2,False,1,1,10000.0,7023.95,1,1,0.7024,0,8,1,0.0,1.0,1,0,1,0,,fast_transit;mutual_transfers,none
100000005061890100,peripheral,0.9,3,0.1948,"Вход 90 000 ₸ от 1 плательщика, выход 0 ₸ 0 получателям. Пороги ролей не достигнуты, признаков роли нет.",Периферия,,3,False,1,0,90000.0,0.0,1,0,0.0,0,7,0,0.0,,1,0,0,0,,,none
100000000945428100,peripheral,0.9,2,0.1947,"Вход 89 629 ₸ от 1 плательщика, выход 0 ₸ 0 получателям. Пороги ролей не достигнуты, признаков роли нет.",Периферия,,1,False,1,0,89629.0,0.0,1,0,0.0,1,7,0,0.0,,1,0,0,0,,,none
100000001083990100,peripheral,0.9,12,0.1946,"Вход 49 900 ₸ от 1 плательщика, выход 0 ₸ 0 получателям. Пороги ролей не достигнуты, признаков роли нет.",Периферия,,2,False,1,0,49900.0,0.0,2,0,0.0,0,8,0,0.0,,1,0,0,0,,,none
100000002132479100,peripheral,0.9,14,0.1946,"Вход 30 000 ₸ от 1 плательщика, выход 20 000 ₸ 1 получателю. Пороги ролей не достигнуты, признаков роли нет.",Периферия,,2,False,1,1,30000.0,20000.0,2,1,0.6667,0,8,0,0.0,,1,0,1,0,,mutual_transfers,none
100000007749747100,peripheral,0.4,5,0.1946,4-е колено: исходящие не собирались (обрыв выборки). Вход 50 000 ₸ от 1 плательщика. Конечным получателем не считаем. Похожие узлы 1-3 колена пересылают дальше в 27% случаев.,Периферия,,4,False,1,0,50000.0,0.0,1,0,0.0,0,8,0,0.0,,1,0,0,0,0.2693,cutoff_depth4,cutoff
100000002983426100,peripheral,0.9,9,0.1945,"Вход 88 945 ₸ от 1 плательщика, выход 0 ₸ 0 получателям. Пороги ролей не достигнуты, признаков роли нет.",Периферия,,3,False,1,0,88945.0,0.0,1,0,0.0,0,7,0,0.0,,1,0,0,0,,,none
100000000943371100,peripheral,0.9,11,0.1943,"Вход 15 500 ₸ от 1 плательщика, выход 0 ₸ 0 получателям. Пороги ролей не достигнуты, признаков роли нет.",Периферия,,2,False,1,0,15500.0,0.0,1,0,0.0,0,10,0,0.0,,1,0,0,0,,,none
100000008422226100,peripheral,0.9,2,0.1941,"Вход 87 450 ₸ от 1 плательщика, выход 0 ₸ 0 получателям. Пороги ролей не достигнуты, признаков роли нет.",Периферия,,3,False,1,0,87450.0,0.0,1,0,0.0,0,7,0,0.0,,1,0,0,0,,,none
100000003636627100,peripheral,0.9,8,0.194,"Вход 77 000 ₸ от 1 плательщика, выход 10 000 ₸ 1 получателю. Пороги ролей не достигнуты, признаков роли нет.",Периферия,,3,False,1,1,77000.0,10000.0,8,1,0.1299,0,7,0,0.0,,1,0,1,0,,mutual_transfers,none
100000005093521100,peripheral,0.9,3,0.1939,"Вход 15 200 ₸ от 1 плательщика, выход 0 ₸ 0 получателям. Пороги ролей не достигнуты, признаков роли нет.",Периферия,,1,False,1,0,15200.0,0.0,1,0,0.0,1,10,0,0.0,,1,0,0,0,,,none
100000007020162100,peripheral,0.9,14,0.1938,"Вход 86 395 ₸ от 1 плательщика, выход 0 ₸ 0 получателям. Пороги ролей не достигнуты, признаков роли нет.",Периферия,,3,False,1,0,86395.0,0.0,1,0,0.0,0,7,0,0.0,,1,0,0,0,,,none
100000002791494100,peripheral,0.4,9,0.1937,4-е колено: исходящие не собирались (обрыв выборки). Вход 85 860 ₸ от 1 плательщика. Конечным получателем не считаем. Похожие узлы 1-3 колена пересылают дальше в 29% случаев.,Периферия,,4,False,1,0,85860.0,0.0,1,0,0.0,0,7,0,0.0,,1,0,0,0,0.2867,cutoff_depth4,cutoff
100000002653948100,peripheral,0.9,7,0.1935,"Вход 85 200 ₸ от 1 плательщика, выход 0 ₸ 0 получателям. Пороги ролей не достигнуты, признаков роли нет.",Периферия,,3,False,1,0,85200.0,0.0,1,0,0.0,0,7,0,0.0,,1,0,0,0,,,none
100000002926970100,peripheral,0.9,9,0.1935,"Вход 85 000 ₸ от 1 плательщика, выход 0 ₸ 0 получателям. Пороги ролей не достигнуты, признаков роли нет.",Периферия,,3,False,1,0,85000.0,0.0,1,0,0.0,0,7,0,0.0,,1,0,0,0,,,none
100000008735802100,peripheral,0.4,2,0.1935,4-е колено: исходящие не собирались (обрыв выборки). Вход 85 000 ₸ от 1 плательщика. Конечным получателем не считаем. Похожие узлы 1-3 колена пересылают дальше в 29% случаев.,Периферия,,4,False,1,0,85000.0,0.0,2,0,0.0,0,7,0,0.0,,1,0,0,0,0.2867,cutoff_depth4,cutoff
100000008737514100,peripheral,0.9,15,0.1935,"Вход 85 000 ₸ от 1 плательщика, выход 0 ₸ 0 получателям. Пороги ролей не достигнуты, признаков роли нет.",Периферия,,2,False,1,0,85000.0,0.0,1,0,0.0,0,7,0,0.0,,1,0,0,0,,,none
100000006595426100,peripheral,0.9,3,0.1934,"Вход 84 800 ₸ от 1 плательщика, выход 0 ₸ 0 получателям. Пороги ролей не достигнуты, признаков роли нет.",Периферия,,2,False,1,0,84800.0,0.0,3,0,0.0,0,7,0,0.0,,1,0,0,0,,,none
100000001046057100,peripheral,0.9,5,0.193,"Вход 83 420 ₸ от 1 плательщика, выход 0 ₸ 0 получателям. Пороги ролей не достигнуты, признаков роли нет.",Периферия,,3,False,1,0,83420.0,0.0,1,0,0.0,0,7,0,0.0,,1,0,0,0,,,none
100000003888197100,peripheral,0.9,7,0.193,"Вход 83 167 ₸ от 1 плательщика, выход 0 ₸ 0 получателям. Пороги ролей не достигнуты, признаков роли нет.",Периферия,,3,False,1,0,83167.0,0.0,1,0,0.0,0,7,0,0.0,,1,0,0,0,,,none
100000008729597100,peripheral,0.9,6,0.1929,"Вход 83 090 ₸ от 1 плательщика, выход 0 ₸ 0 получателям. Пороги ролей не достигнуты, признаков роли нет.",Периферия,,3,False,1,0,83090.0,0.0,1,0,0.0,0,7,0,0.0,,1,0,0,0,,,none
100000007754369100,peripheral,0.9,2,0.1928,"Вход 82 424 ₸ от 1 плательщика, выход 0 ₸ 0 получателям. Пороги ролей не достигнуты, признаков роли нет.",Периферия,,3,False,1,0,82424.0,0.0,1,0,0.0,0,7,0,0.0,,1,0,0,0,,,none
100000004674412100,peripheral,0.4,10,0.1927,4-е колено: исходящие не собирались (обрыв выборки). Вход 46 000 ₸ от 1 плательщика. Конечным получателем не считаем. Похожие узлы 1-3 колена пересылают дальше в 27% случаев.,Периферия,,4,False,1,0,46000.0,0.0,1,0,0.0,0,8,0,0.0,,1,0,0,0,0.2693,cutoff_depth4,cutoff
100000008174521100,peripheral,0.9,4,0.1927,"Вход 82 110 ₸ от 1 плательщика, выход 0 ₸ 0 получателям. Пороги ролей не достигнуты, признаков роли нет.",Периферия,,2,False,1,0,82110.0,0.0,1,0,0.0,0,7,0,0.0,,1,0,0,0,,,none
100000002516862100,peripheral,0.4,60,0.1926,4-е колено: исходящие не собирались (обрыв выборки). Вход 81 710 ₸ от 1 плательщика. Конечным получателем не считаем. Похожие узлы 1-3 колена пересылают дальше в 29% случаев.,Периферия,,4,False,1,0,81710.0,0.0,5,0,0.0,0,7,0,0.0,,1,0,0,0,0.2867,cutoff_depth4,cutoff
100000002748180100,peripheral,0.6,13,0.1924,"Вход 9 900 ₸ от 1 плательщика, выход 679 743 ₸ 8 получателям. Пороги ролей не достигнуты, признаков роли нет. Отдаёт больше, чем получил в выборке: есть источники вне данных.",Периферия,,1,False,1,8,9900.0,679743.0,1,9,68.6609,1,1,0,0.0,0.2648,1,0,0,0,,,none
100000005799271100,peripheral,0.9,10,0.1922,"Вход 45 000 ₸ от 1 плательщика, выход 0 ₸ 0 получателям. Пороги ролей не достигнуты, признаков роли нет.",Периферия,,2,False,1,0,45000.0,0.0,2,0,0.0,0,8,0,0.0,,1,0,0,0,,,none
100000006381453100,peripheral,0.4,5,0.1922,4-е колено: исходящие не собирались (обрыв выборки). Вход 45 000 ₸ от 1 плательщика. Конечным получателем не считаем. Похожие узлы 1-3 колена пересылают дальше в 27% случаев.,Периферия,,4,False,1,0,45000.0,0.0,1,0,0.0,0,8,0,0.0,,1,0,0,0,0.2693,cutoff_depth4,cutoff
100000008728457100,peripheral,0.9,10,0.1922,"Вход 45 000 ₸ от 1 плательщика, выход 0 ₸ 0 получателям. Пороги ролей не достигнуты, признаков роли нет.",Периферия,,1,False,1,0,45000.0,0.0,1,0,0.0,1,8,0,0.0,,1,0,0,0,,,none
100000004673335100,peripheral,0.4,31,0.1921,4-е колено: исходящие не собирались (обрыв выборки). Вход 80 000 ₸ от 1 плательщика. Конечным получателем не считаем. Похожие узлы 1-3 колена пересылают дальше в 29% случаев.,Периферия,,4,False,1,0,80000.0,0.0,1,0,0.0,0,7,0,0.0,,1,0,0,0,0.2867,cutoff_depth4,cutoff
100000005561741100,peripheral,0.9,9,0.192,"Вход 25 000 ₸ от 1 плательщика, выход 0 ₸ 0 получателям. Пороги ролей не достигнуты, признаков роли нет.",Периферия,,2,False,1,0,25000.0,0.0,1,0,0.0,0,9,0,0.0,,1,0,0,0,,,none
100000006679055100,peripheral,0.9,3,0.192,"Вход 25 000 ₸ от 1 плательщика, выход 0 ₸ 0 получателям. Пороги ролей не достигнуты, признаков роли нет.",Периферия,,2,False,1,0,25000.0,0.0,1,0,0.0,0,9,0,0.0,,1,0,0,0,,,none
100000003345947100,peripheral,0.4,6,0.1919,4-е колено: исходящие не собирались (обрыв выборки). Вход 79 500 ₸ от 1 плательщика. Конечным получателем не считаем. Похожие узлы 1-3 колена пересылают дальше в 29% случаев.,Периферия,,4,False,1,0,79500.0,0.0,6,0,0.0,0,7,0,0.0,,1,0,0,0,0.2867,cutoff_depth4,cutoff
100000007749092100,peripheral,0.9,4,0.1915,"Вход 7 650 ₸ от 1 плательщика, выход 70 375 ₸ 1 получателю. Пороги ролей не достигнуты, признаков роли нет. Отдаёт больше, чем получил в выборке: есть источники вне данных.",Периферия,,2,False,1,1,7650.0,70375.0,1,5,9.1993,0,7,0,0.0,,1,0,1,0,,mutual_transfers,none
100000002119762100,peripheral,0.4,7,0.1912,4-е колено: исходящие не собирались (обрыв выборки). Вход 77 000 ₸ от 1 плательщика. Конечным получателем не считаем. Похожие узлы 1-3 колена пересылают дальше в 29% случаев.,Периферия,,4,False,1,0,77000.0,0.0,6,0,0.0,0,7,0,0.0,,1,0,0,0,0.2867,cutoff_depth4,cutoff
100000005628518100,peripheral,0.9,17,0.1912,"Вход 77 000 ₸ от 1 плательщика, выход 0 ₸ 0 получателям. Пороги ролей не достигнуты, признаков роли нет.",Периферия,,3,False,1,0,77000.0,0.0,3,0,0.0,0,7,0,0.0,,1,0,0,0,,,none
100000003616818100,peripheral,0.7,25,0.1911,"Вход 78 000 ₸ от 3 плательщиков, выход 240 100 ₸ 3 получателям. Пороги ролей не достигнуты, признаков роли нет. Отдаёт больше, чем получил в выборке: есть источники вне данных.",Периферия,,1,False,3,3,78000.0,240100.0,4,8,3.0782,1,1,0,0.0,,1,12,2,0,,cycle;mutual_transfers,none
100000004655046100,peripheral,0.4,9,0.1911,4-е колено: исходящие не собирались (обрыв выборки). Вход 24 000 ₸ от 1 плательщика. Конечным получателем не считаем. Похожие узлы 1-3 колена пересылают дальше в 27% случаев.,Периферия,,4,False,1,0,24000.0,0.0,1,0,0.0,0,9,0,0.0,,1,0,0,0,0.2693,cutoff_depth4,cutoff
100000005878334100,peripheral,0.4,20,0.191,4-е колено: исходящие не собирались (обрыв выборки). Вход 76 400 ₸ от 1 плательщика. Конечным получателем не считаем. Похожие узлы 1-3 колена пересылают дальше в 29% случаев.,Периферия,,4,False,1,0,76400.0,0.0,2,0,0.0,0,7,0,0.0,,1,0,0,0,0.2867,cutoff_depth4,cutoff
100000002729875100,peripheral,0.4,9,0.1909,4-е колено: исходящие не собирались (обрыв выборки). Вход 76 000 ₸ от 1 плательщика. Конечным получателем не считаем. Похожие узлы 1-3 колена пересылают дальше в 29% случаев.,Периферия,,4,False,1,0,76000.0,0.0,1,0,0.0,0,7,0,0.0,,1,0,0,0,0.2867,cutoff_depth4,cutoff
100000001835625100,peripheral,0.9,7,0.1906,"Вход 75 130 ₸ от 1 плательщика, выход 0 ₸ 0 получателям. Пороги ролей не достигнуты, признаков роли нет.",Периферия,,3,False,1,0,75130.0,0.0,1,0,0.0,0,7,0,0.0,,1,0,0,0,,,none
100000004500781100,peripheral,0.4,14,0.1903,4-е колено: исходящие не собирались (обрыв выборки). Вход 74 000 ₸ от 1 плательщика. Конечным получателем не считаем. Похожие узлы 1-3 колена пересылают дальше в 29% случаев.,Периферия,,4,False,1,0,74000.0,0.0,5,0,0.0,0,7,0,0.0,,1,0,0,0,0.2867,cutoff_depth4,cutoff
100000000926766100,peripheral,0.9,26,0.1901,"Вход 18 750 ₸ от 1 плательщика, выход 6 000 ₸ 1 получателю. Пороги ролей не достигнуты, признаков роли нет.",Периферия,,3,False,1,1,18750.0,6000.0,1,1,0.32,0,7,0,0.0,1.0,1,0,1,0,,fast_transit;mutual_transfers,none
100000006952718100,peripheral,0.9,4,0.1895,"Вход 71 489 ₸ от 1 плательщика, выход 0 ₸ 0 получателям. Пороги ролей не достигнуты, признаков роли нет.",Периферия,,1,False,1,0,71489.0,0.0,1,0,0.0,1,7,0,0.0,,1,0,0,0,,,none
100000004979264100,peripheral,0.4,5,0.1894,4-е колено: исходящие не собирались (обрыв выборки). Вход 39 800 ₸ от 1 плательщика. Конечным получателем не считаем. Похожие узлы 1-3 колена пересылают дальше в 27% случаев.,Периферия,,4,False,1,0,39800.0,0.0,1,0,0.0,0,8,0,0.0,,1,0,0,0,0.2693,cutoff_depth4,cutoff
100000001052789100,peripheral,0.9,17,0.1893,"Вход 70 975 ₸ от 1 плательщика, выход 0 ₸ 0 получателям. Пороги ролей не достигнуты, признаков роли нет.",Периферия,,3,False,1,0,70975.0,0.0,1,0,0.0,0,7,0,0.0,,1,0,0,0,,,none
100000001853812100,peripheral,0.9,6,0.189,"Вход 70 000 ₸ от 1 плательщика, выход 0 ₸ 0 получателям. Пороги ролей не достигнуты, признаков роли нет.",Периферия,,3,False,1,0,70000.0,0.0,1,0,0.0,0,7,0,0.0,,1,0,0,0,,,none
100000002968096100,peripheral,0.4,6,0.189,4-е колено: исходящие не собирались (обрыв выборки). Вход 70 000 ₸ от 1 плательщика. Конечным получателем не считаем. Похожие узлы 1-3 колена пересылают дальше в 29% случаев.,Периферия,,4,False,1,0,70000.0,0.0,1,0,0.0,0,7,0,0.0,,1,0,0,0,0.2867,cutoff_depth4,cutoff
100000003610172100,peripheral,0.9,7,0.189,"Вход 70 000 ₸ от 1 плательщика, выход 0 ₸ 0 получателям. Пороги ролей не достигнуты, признаков роли нет.",Периферия,,3,False,1,0,70000.0,0.0,1,0,0.0,0,7,0,0.0,,1,0,0,0,,,none
100000006257675100,peripheral,0.4,22,0.189,4-е колено: исходящие не собирались (обрыв выборки). Вход 70 000 ₸ от 1 плательщика. Конечным получателем не считаем. Похожие узлы 1-3 колена пересылают дальше в 29% случаев.,Периферия,,4,False,1,0,70000.0,0.0,2,0,0.0,0,7,0,0.0,,1,0,0,0,0.2867,cutoff_depth4,cutoff
100000008027922100,peripheral,0.4,23,0.189,4-е колено: исходящие не собирались (обрыв выборки). Вход 70 000 ₸ от 1 плательщика. Конечным получателем не считаем. Похожие узлы 1-3 колена пересылают дальше в 29% случаев.,Периферия,,4,False,1,0,70000.0,0.0,1,0,0.0,0,7,0,0.0,,1,0,0,0,0.2867,cutoff_depth4,cutoff
100000008349740100,peripheral,0.4,37,0.189,4-е колено: исходящие не собирались (обрыв выборки). Вход 70 000 ₸ от 1 плательщика. Конечным получателем не считаем. Похожие узлы 1-3 колена пересылают дальше в 29% случаев.,Периферия,,4,False,1,0,70000.0,0.0,2,0,0.0,0,7,0,0.0,,1,0,0,0,0.2867,cutoff_depth4,cutoff
100000008314863100,peripheral,0.9,3,0.1885,"Вход 12 000 ₸ от 1 плательщика, выход 0 ₸ 0 получателям. Пороги ролей не достигнуты, признаков роли нет.",Периферия,,3,False,1,0,12000.0,0.0,1,0,0.0,0,10,0,0.0,,1,0,0,0,,,none
100000003133045100,peripheral,0.4,5,0.1883,4-е колено: исходящие не собирались (обрыв выборки). Вход 68 000 ₸ от 1 плательщика. Конечным получателем не считаем. Похожие узлы 1-3 колена пересылают дальше в 29% случаев.,Периферия,,4,False,1,0,68000.0,0.0,1,0,0.0,0,7,0,0.0,,1,0,0,0,0.2867,cutoff_depth4,cutoff
100000004747154100,peripheral,0.4,5,0.188,4-е колено: исходящие не собирались (обрыв выборки). Вход 67 000 ₸ от 1 плательщика. Конечным получателем не считаем. Похожие узлы 1-3 колена пересылают дальше в 29% случаев.,Периферия,,4,False,1,0,67000.0,0.0,1,0,0.0,0,7,0,0.0,,1,0,0,0,0.2867,cutoff_depth4,cutoff
100000006789108100,peripheral,0.9,10,0.188,"Вход 37 500 ₸ от 1 плательщика, выход 0 ₸ 0 получателям. Пороги ролей не достигнуты, признаков роли нет.",Периферия,,1,False,1,0,37500.0,0.0,1,0,0.0,1,8,0,0.0,,1,0,0,0,,,none
100000002236528100,peripheral,0.9,8,0.1877,"Вход 66 000 ₸ от 1 плательщика, выход 0 ₸ 0 получателям. Пороги ролей не достигнуты, признаков роли нет.",Периферия,,3,False,1,0,66000.0,0.0,1,0,0.0,0,7,0,0.0,,1,0,0,0,,,none
100000002778085100,peripheral,0.9,4,0.1877,"Вход 66 208 ₸ от 1 плательщика, выход 0 ₸ 0 получателям. Пороги ролей не достигнуты, признаков роли нет.",Периферия,,1,False,1,0,66208.0,0.0,1,0,0.0,1,7,0,0.0,,1,0,0,0,,,none
100000002511825100,peripheral,0.9,2,0.1873,"Вход 65 000 ₸ от 1 плательщика, выход 0 ₸ 0 получателям. Пороги ролей не достигнуты, признаков роли нет.",Периферия,,1,False,1,0,65000.0,0.0,1,0,0.0,1,7,0,0.0,,1,0,0,0,,,none
100000002599729100,peripheral,0.4,2,0.1873,4-е колено: исходящие не собирались (обрыв выборки). Вход 65 000 ₸ от 1 плательщика. Конечным получателем не считаем. Похожие узлы 1-3 колена пересылают дальше в 29% случаев.,Периферия,,4,False,1,0,65000.0,0.0,2,0,0.0,0,7,0,0.0,,1,0,0,0,0.2867,cutoff_depth4,cutoff
100000008659445100,peripheral,0.7,44,0.1865,"seed. Вход 138 490 ₸ от 3 плательщиков, выход 875 150 ₸ 4 получателям. Пороги ролей не достигнуты, признаков роли нет.",Периферия,,0,True,3,4,138490.0,875150.0,7,18,6.3192,0,0,0,0.0,0.5179,2,8,3,2,,seed;cycle;mutual_transfers;recurring_route,none
100000005723580100,peripheral,0.4,5,0.1864,4-е колено: исходящие не собирались (обрыв выборки). Вход 35 000 ₸ от 1 плательщика. Конечным получателем не считаем. Похожие узлы 1-3 колена пересылают дальше в 27% случаев.,Периферия,,4,False,1,0,35000.0,0.0,1,0,0.0,0,8,0,0.0,,1,0,0,0,0.2693,cutoff_depth4,cutoff
100000001386612100,peripheral,0.9,19,0.1863,"Вход 62 264 ₸ от 1 плательщика, выход 0 ₸ 0 получателям. Пороги ролей не достигнуты, признаков роли нет.",Периферия,,2,False,1,0,62264.0,0.0,1,0,0.0,0,7,1,0.0,,1,0,0,0,,,none
100000004005964100,peripheral,0.7,25,0.1862,"Вход 97 900 ₸ от 3 плательщиков, выход 72 000 ₸ 3 получателям. Пороги ролей не достигнуты, признаков роли нет.",Периферия,,1,False,3,3,97900.0,72000.0,9,5,0.7354,1,1,0,0.0,0.625,1,14,2,0,,fast_transit;cycle;mutual_transfers,none
100000008406609100,peripheral,0.9,19,0.1857,"Вход 34 000 ₸ от 1 плательщика, выход 0 ₸ 0 получателям. Пороги ролей не достигнуты, признаков роли нет.",Периферия,,2,False,1,0,34000.0,0.0,1,0,0.0,0,8,0,0.0,,1,0,0,0,,,none
100000005979037100,peripheral,0.4,6,0.1856,4-е колено: исходящие не собирались (обрыв выборки). Вход 60 300 ₸ от 1 плательщика. Конечным получателем не считаем. Похожие узлы 1-3 колена пересылают дальше в 29% случаев.,Периферия,,4,False,1,0,60300.0,0.0,1,0,0.0,0,7,0,0.0,,1,0,0,0,0.2867,cutoff_depth4,cutoff
100000001733216100,peripheral,0.4,2,0.1855,4-е колено: исходящие не собирались (обрыв выборки). Вход 60 000 ₸ от 1 плательщика. Конечным получателем не считаем. Похожие узлы 1-3 колена пересылают дальше в 29% случаев.,Периферия,,4,False,1,0,60000.0,0.0,2,0,0.0,0,7,0,0.0,,1,0,0,0,0.2867,cutoff_depth4,cutoff
100000001816678100,peripheral,0.4,3,0.1855,4-е колено: исходящие не собирались (обрыв выборки). Вход 60 000 ₸ от 1 плательщика. Конечным получателем не считаем. Похожие узлы 1-3 колена пересылают дальше в 29% случаев.,Периферия,,4,False,1,0,60000.0,0.0,1,0,0.0,0,7,0,0.0,,1,0,0,0,0.2867,cutoff_depth4,cutoff
100000002242066100,peripheral,0.4,36,0.1855,4-е колено: исходящие не собирались (обрыв выборки). Вход 60 000 ₸ от 1 плательщика. Конечным получателем не считаем. Похожие узлы 1-3 колена пересылают дальше в 29% случаев.,Периферия,,4,False,1,0,60000.0,0.0,1,0,0.0,0,7,0,0.0,,1,0,0,0,0.2867,cutoff_depth4,cutoff
100000002404112100,peripheral,0.4,27,0.1855,4-е колено: исходящие не собирались (обрыв выборки). Вход 60 000 ₸ от 1 плательщика. Конечным получателем не считаем. Похожие узлы 1-3 колена пересылают дальше в 29% случаев.,Периферия,,4,False,1,0,60000.0,0.0,1,0,0.0,0,7,0,0.0,,1,0,0,0,0.2867,cutoff_depth4,cutoff
100000002505277100,peripheral,0.4,2,0.1855,4-е колено: исходящие не собирались (обрыв выборки). Вход 60 000 ₸ от 1 плательщика. Конечным получателем не считаем. Похожие узлы 1-3 колена пересылают дальше в 29% случаев.,Периферия,,4,False,1,0,60000.0,0.0,1,0,0.0,0,7,0,0.0,,1,0,0,0,0.2867,cutoff_depth4,cutoff
100000003192220100,peripheral,0.9,4,0.1855,"Вход 60 000 ₸ от 1 плательщика, выход 0 ₸ 0 получателям. Пороги ролей не достигнуты, признаков роли нет.",Периферия,,2,False,1,0,60000.0,0.0,2,0,0.0,0,7,0,0.0,,1,0,0,0,,,none
100000004326224100,peripheral,0.4,7,0.1855,4-е колено: исходящие не собирались (обрыв выборки). Вход 60 000 ₸ от 1 плательщика. Конечным получателем не считаем. Похожие узлы 1-3 колена пересылают дальше в 29% случаев.,Периферия,,4,False,1,0,60000.0,0.0,1,0,0.0,0,7,0,0.0,,1,0,0,0,0.2867,cutoff_depth4,cutoff
100000004777215100,peripheral,0.4,22,0.1855,4-е колено: исходящие не собирались (обрыв выборки). Вход 60 000 ₸ от 1 плательщика. Конечным получателем не считаем. Похожие узлы 1-3 колена пересылают дальше в 29% случаев.,Периферия,,4,False,1,0,60000.0,0.0,1,0,0.0,0,7,0,0.0,,1,0,0,0,0.2867,cutoff_depth4,cutoff
100000007042175100,peripheral,0.4,2,0.1855,4-е колено: исходящие не собирались (обрыв выборки). Вход 60 000 ₸ от 1 плательщика. Конечным получателем не считаем. Похожие узлы 1-3 колена пересылают дальше в 29% случаев.,Периферия,,4,False,1,0,60000.0,0.0,1,0,0.0,0,7,0,0.0,,1,0,0,0,0.2867,cutoff_depth4,cutoff
100000008669310100,peripheral,0.9,2,0.1853,"Вход 59 567 ₸ от 1 плательщика, выход 0 ₸ 0 получателям. Пороги ролей не достигнуты, признаков роли нет.",Периферия,,3,False,1,0,59567.0,0.0,2,0,0.0,0,7,0,0.0,,1,0,0,0,,,none
100000001805543100,peripheral,0.9,4,0.1851,"Вход 59 000 ₸ от 1 плательщика, выход 0 ₸ 0 получателям. Пороги ролей не достигнуты, признаков роли нет.",Периферия,,1,False,1,0,59000.0,0.0,1,0,0.0,1,7,0,0.0,,1,0,0,0,,,none
100000004526651100,peripheral,0.4,5,0.185,4-е колено: исходящие не собирались (обрыв выборки). Вход 33 000 ₸ от 1 плательщика. Конечным получателем не считаем. Похожие узлы 1-3 колена пересылают дальше в 27% случаев.,Периферия,,4,False,1,0,33000.0,0.0,1,0,0.0,0,8,0,0.0,,1,0,0,0,0.2693,cutoff_depth4,cutoff
100000008701256100,peripheral,0.9,6,0.1848,"Вход 58 250 ₸ от 1 плательщика, выход 0 ₸ 0 получателям. Пороги ролей не достигнуты, признаков роли нет.",Периферия,,2,False,1,0,58250.0,0.0,1,0,0.0,0,7,0,0.0,,1,0,0,0,,,none
100000008757301100,peripheral,0.4,2,0.1848,4-е колено: исходящие не собирались (обрыв выборки). Вход 58 398 ₸ от 1 плательщика. Конечным получателем не считаем. Похожие узлы 1-3 колена пересылают дальше в 29% случаев.,Периферия,,4,False,1,0,58398.0,0.0,3,0,0.0,0,7,0,0.0,,1,0,0,0,0.2867,cutoff_depth4,cutoff
100000003247600100,peripheral,0.4,3,0.1847,4-е колено: исходящие не собирались (обрыв выборки). Вход 58 000 ₸ от 1 плательщика. Конечным получателем не считаем. Похожие узлы 1-3 колена пересылают дальше в 29% случаев.,Периферия,,4,False,1,0,58000.0,0.0,1,0,0.0,0,7,0,0.0,,1,0,0,0,0.2867,cutoff_depth4,cutoff
100000000942301100,peripheral,0.9,2,0.1845,"Вход 57 580 ₸ от 1 плательщика, выход 0 ₸ 0 получателям. Пороги ролей не достигнуты, признаков роли нет.",Периферия,,3,False,1,0,57580.0,0.0,2,0,0.0,0,7,0,0.0,,1,0,0,0,,,none
100000002380341100,peripheral,0.9,2,0.1845,"Вход 57 566 ₸ от 1 плательщика, выход 0 ₸ 0 получателям. Пороги ролей не достигнуты, признаков роли нет.",Периферия,,3,False,1,0,57566.4,0.0,1,0,0.0,0,7,0,0.0,,1,0,0,0,,,none
100000002845605100,peripheral,0.9,2,0.1845,"Вход 57 567 ₸ от 1 плательщика, выход 0 ₸ 0 получателям. Пороги ролей не достигнуты, признаков роли нет.",Периферия,,1,False,1,0,57567.0,0.0,1,0,0.0,1,7,0,0.0,,1,0,0,0,,,none
100000001251686100,peripheral,0.9,3,0.1844,"Вход 18 000 ₸ от 1 плательщика, выход 0 ₸ 0 получателям. Пороги ролей не достигнуты, признаков роли нет.",Периферия,,2,False,1,0,18000.0,0.0,1,0,0.0,0,9,0,0.0,,1,0,0,0,,,none
100000001145749100,peripheral,0.9,3,0.1843,"Вход 10 000 ₸ от 1 плательщика, выход 0 ₸ 0 получателям. Пороги ролей не достигнуты, признаков роли нет.",Периферия,,3,False,1,0,10000.0,0.0,1,0,0.0,0,10,0,0.0,,1,0,0,0,,,none
100000002752565100,peripheral,0.4,6,0.1843,4-е колено: исходящие не собирались (обрыв выборки). Вход 57 000 ₸ от 1 плательщика. Конечным получателем не считаем. Похожие узлы 1-3 колена пересылают дальше в 29% случаев.,Периферия,,4,False,1,0,57000.0,0.0,1,0,0.0,0,7,0,0.0,,1,0,0,0,0.2867,cutoff_depth4,cutoff
100000006557763100,peripheral,0.9,3,0.1843,"Вход 10 000 ₸ от 1 плательщика, выход 0 ₸ 0 получателям. Пороги ролей не достигнуты, признаков роли нет.",Периферия,,2,False,1,0,10000.0,0.0,1,0,0.0,0,10,0,0.0,,1,0,0,0,,,none
100000006684930100,peripheral,0.9,11,0.1843,"Вход 10 000 ₸ от 1 плательщика, выход 0 ₸ 0 получателям. Пороги ролей не достигнуты, признаков роли нет.",Периферия,,2,False,1,0,10000.0,0.0,1,0,0.0,0,10,0,0.0,,1,0,0,0,,,none
100000005834479100,peripheral,0.9,6,0.1842,"Вход 7 500 ₸ от 1 плательщика, выход 14 470 ₸ 2 получателям. Пороги ролей не достигнуты, признаков роли нет. Отдаёт больше, чем получил в выборке: есть источники вне данных.",Периферия,,2,False,1,2,7500.0,14470.0,1,2,1.9293,0,7,0,0.0,,1,0,0,0,,,none
100000002938501100,peripheral,0.9,4,0.1838,"Вход 8 395 ₸ от 1 плательщика, выход 5 000 ₸ 1 получателю. Пороги ролей не достигнуты, признаков роли нет.",Периферия,,1,False,1,1,8395.0,5000.0,1,1,0.5956,1,7,0,0.0,,1,0,0,0,,,none
100000003971049100,peripheral,0.9,2,0.1838,"Вход 55 900 ₸ от 1 плательщика, выход 0 ₸ 0 получателям. Пороги ролей не достигнуты, признаков роли нет.",Периферия,,2,False,1,0,55900.0,0.0,7,0,0.0,0,7,0,0.0,,1,0,0,0,,,none
100000005226217100,peripheral,0.4,5,0.1838,4-е колено: исходящие не собирались (обрыв выборки). Вход 17 500 ₸ от 1 плательщика. Конечным получателем не считаем. Похожие узлы 1-3 колена пересылают дальше в 27% случаев.,Периферия,,4,False,1,0,17500.0,0.0,1,0,0.0,0,9,0,0.0,,1,0,0,0,0.2693,cutoff_depth4,cutoff
100000002891765100,peripheral,0.9,14,0.1837,"Вход 55 576 ₸ от 1 плательщика, выход 0 ₸ 0 получателям. Пороги ролей не достигнуты, признаков роли нет.",Периферия,,3,False,1,0,55576.0,0.0,1,0,0.0,0,7,0,0.0,,1,0,0,0,,,none
100000001379511100,peripheral,0.9,5,0.1835,"Вход 55 000 ₸ от 1 плательщика, выход 0 ₸ 0 получателям. Пороги ролей не достигнуты, признаков роли нет.",Периферия,,3,False,1,0,55000.0,0.0,1,0,0.0,0,7,0,0.0,,1,0,0,0,,,none
100000002217806100,peripheral,0.4,39,0.1835,4-е колено: исходящие не собирались (обрыв выборки). Вход 55 000 ₸ от 1 плательщика. Конечным получателем не считаем. Похожие узлы 1-3 колена пересылают дальше в 29% случаев.,Периферия,,4,False,1,0,55000.0,0.0,2,0,0.0,0,7,0,0.0,,1,0,0,0,0.2867,cutoff_depth4,cutoff
100000002852402100,peripheral,0.9,15,0.1835,"Вход 55 000 ₸ от 1 плательщика, выход 0 ₸ 0 получателям. Пороги ролей не достигнуты, признаков роли нет.",Периферия,,2,False,1,0,55000.0,0.0,1,0,0.0,0,7,0,0.0,,1,0,0,0,,,none
100000006126743100,peripheral,0.9,7,0.1835,"Вход 55 000 ₸ от 1 плательщика, выход 0 ₸ 0 получателям. Пороги ролей не достигнуты, признаков роли нет.",Периферия,,3,False,1,0,55000.0,0.0,1,0,0.0,0,7,0,0.0,,1,0,0,0,,,none
100000008259451100,peripheral,0.9,14,0.1835,"Вход 55 000 ₸ от 1 плательщика, выход 0 ₸ 0 получателям. Пороги ролей не достигнуты, признаков роли нет.",Периферия,,3,False,1,0,55000.0,0.0,1,0,0.0,0,7,0,0.0,,1,0,0,0,,,none
100000002807334100,peripheral,0.9,7,0.1833,"Вход 54 715 ₸ от 1 плательщика, выход 0 ₸ 0 получателям. Пороги ролей не достигнуты, признаков роли нет.",Периферия,,3,False,1,0,54715.0,0.0,1,0,0.0,0,7,0,0.0,,1,0,0,0,,,none
100000002628146100,peripheral,0.9,33,0.1832,"Вход 30 500 ₸ от 1 плательщика, выход 0 ₸ 0 получателям. Пороги ролей не достигнуты, признаков роли нет.",Периферия,,2,False,1,0,30500.0,0.0,2,0,0.0,0,8,0,0.0,,1,0,0,0,,,none
100000008405209100,peripheral,0.9,16,0.1832,"Вход 54 400 ₸ от 1 плательщика, выход 0 ₸ 0 получателям. Пороги ролей не достигнуты, признаков роли нет.",Периферия,,3,False,1,0,54400.0,0.0,1,0,0.0,0,7,0,0.0,,1,0,0,0,,,none
100000005664922100,peripheral,0.8,24,0.1831,"Вход 22 000 ₸ от 2 плательщиков, выход 537 000 ₸ 3 получателям. Пороги ролей не достигнуты, признаков роли нет. Отдаёт больше, чем получил в выборке: есть источники вне данных.",Периферия,,2,False,2,3,22000.0,537000.0,2,4,24.4091,0,1,0,0.0,,1,0,1,0,,mutual_transfers,none
100000001530709100,peripheral,0.9,2,0.183,"Вход 53 961 ₸ от 1 плательщика, выход 0 ₸ 0 получателям. Пороги ролей не достигнуты, признаков роли нет.",Периферия,,3,False,1,0,53961.0,0.0,1,0,0.0,0,7,0,0.0,,1,0,0,0,,,none
100000004410489100,peripheral,0.9,3,0.183,"Вход 54 000 ₸ от 1 плательщика, выход 0 ₸ 0 получателям. Пороги ролей не достигнуты, признаков роли нет.",Периферия,,2,False,1,0,54000.0,0.0,1,0,0.0,0,7,0,0.0,,1,0,0,0,,,none
100000000533217100,peripheral,0.9,2,0.1829,"Вход 53 587 ₸ от 1 плательщика, выход 0 ₸ 0 получателям. Пороги ролей не достигнуты, признаков роли нет.",Периферия,,2,False,1,0,53587.0,0.0,1,0,0.0,0,7,0,0.0,,1,0,0,0,,,none
100000008459449100,peripheral,0.9,2,0.1829,"Вход 53 700 ₸ от 1 плательщика, выход 0 ₸ 0 получателям. Пороги ролей не достигнуты, признаков роли нет.",Периферия,,3,False,1,0,53700.0,0.0,1,0,0.0,0,7,0,0.0,,1,0,0,0,,,none
100000001241318100,peripheral,0.9,2,0.1826,"Вход 53 000 ₸ от 1 плательщика, выход 0 ₸ 0 получателям. Пороги ролей не достигнуты, признаков роли нет.",Периферия,,2,False,1,0,53000.0,0.0,1,0,0.0,0,7,0,0.0,,1,0,0,0,,,none
100000003097947100,peripheral,0.4,6,0.1826,4-е колено: исходящие не собирались (обрыв выборки). Вход 52 980 ₸ от 1 плательщика. Конечным получателем не считаем. Похожие узлы 1-3 колена пересылают дальше в 29% случаев.,Периферия,,4,False,1,0,52980.0,0.0,1,0,0.0,0,7,0,0.0,,1,0,0,0,0.2867,cutoff_depth4,cutoff
100000003207060100,peripheral,0.4,2,0.1826,4-е колено: исходящие не собирались (обрыв выборки). Вход 53 000 ₸ от 1 плательщика. Конечным получателем не считаем. Похожие узлы 1-3 колена пересылают дальше в 29% случаев.,Периферия,,4,False,1,0,53000.0,0.0,1,0,0.0,0,7,0,0.0,,1,0,0,0,0.2867,cutoff_depth4,cutoff
100000004984689100,peripheral,0.9,6,0.1826,"Вход 53 030 ₸ от 1 плательщика, выход 0 ₸ 0 получателям. Пороги ролей не достигнуты, признаков роли нет.",Периферия,,3,False,1,0,53030.0,0.0,1,0,0.0,0,7,0,0.0,,1,0,0,0,,,none
100000003951827100,peripheral,0.9,2,0.1825,"Вход 9 000 ₸ от 1 плательщика, выход 17 000 ₸ 2 получателям. Пороги ролей не достигнуты, признаков роли нет. Отдаёт больше, чем получил в выборке: есть источники вне данных.",Периферия,,3,False,1,2,9000.0,17000.0,1,2,1.8889,0,7,0,0.0,,1,0,0,0,,,none
100000006894637100,peripheral,0.9,2,0.1825,"Вход 52 831 ₸ от 1 плательщика, выход 0 ₸ 0 получателям. Пороги ролей не достигнуты, признаков роли нет.",Периферия,,3,False,1,0,52831.0,0.0,1,0,0.0,0,7,0,0.0,,1,0,0,0,,,none
100000008717375100,peripheral,0.9,3,0.1825,"Вход 29 506 ₸ от 1 плательщика, выход 0 ₸ 0 получателям. Пороги ролей не достигнуты, признаков роли нет.",Периферия,,2,False,1,0,29506.0,0.0,1,0,0.0,0,8,0,0.0,,1,0,0,0,,,none
100000007510567100,peripheral,0.4,9,0.1822,4-е колено: исходящие не собирались (обрыв выборки). Вход 52 000 ₸ от 1 плательщика. Конечным получателем не считаем. Похожие узлы 1-3 колена пересылают дальше в 29% случаев.,Периферия,,4,False,1,0,52000.0,0.0,1,0,0.0,0,7,0,0.0,,1,0,0,0,0.2867,cutoff_depth4,cutoff
100000004336228100,peripheral,0.9,6,0.1819,"Вход 51 407 ₸ от 1 плательщика, выход 0 ₸ 0 получателям. Пороги ролей не достигнуты, признаков роли нет.",Периферия,,3,False,1,0,51407.0,0.0,2,0,0.0,0,7,0,0.0,,1,0,0,0,,,none
100000002990675100,peripheral,0.9,7,0.1818,"Вход 51 143 ₸ от 1 плательщика, выход 0 ₸ 0 получателям. Пороги ролей не достигнуты, признаков роли нет.",Периферия,,3,False,1,0,51143.0,0.0,1,0,0.0,0,7,0,0.0,,1,0,0,0,,,none
100000002489253100,peripheral,0.9,4,0.1817,"Вход 51 000 ₸ от 1 плательщика, выход 0 ₸ 0 получателям. Пороги ролей не достигнуты, признаков роли нет.",Периферия,,2,False,1,0,51000.0,0.0,1,0,0.0,0,7,0,0.0,,1,0,0,0,,,none
100000002567887100,peripheral,0.9,7,0.1817,"Вход 50 915 ₸ от 1 плательщика, выход 0 ₸ 0 получателям. Пороги ролей не достигнуты, признаков роли нет.",Периферия,,3,False,1,0,50915.0,0.0,1,0,0.0,0,7,0,0.0,,1,0,0,0,,,none
100000002593038100,peripheral,0.9,12,0.1817,"Вход 28 500 ₸ от 1 плательщика, выход 0 ₸ 0 получателям. Пороги ролей не достигнуты, признаков роли нет.",Периферия,,2,False,1,0,28500.0,0.0,1,0,0.0,0,8,0,0.0,,1,0,0,0,,,none
100000002613929100,peripheral,0.9,9,0.1817,"Вход 28 560 ₸ от 1 плательщика, выход 0 ₸ 0 получателям. Пороги ролей не достигнуты, признаков роли нет.",Периферия,,3,False,1,0,28560.0,0.0,1,0,0.0,0,8,0,0.0,,1,0,0,0,,,none
100000004066647100,peripheral,0.9,17,0.1817,"Вход 51 000 ₸ от 1 плательщика, выход 0 ₸ 0 получателям. Пороги ролей не достигнуты, признаков роли нет.",Периферия,,3,False,1,0,51000.0,0.0,1,0,0.0,0,7,0,0.0,,1,0,0,0,,,none
100000008583971100,peripheral,0.4,2,0.1817,4-е колено: исходящие не собирались (обрыв выборки). Вход 51 000 ₸ от 2 плательщиков. Конечным получателем не считаем. Похожие узлы 1-3 колена пересылают дальше в 54% случаев.,Периферия,,4,False,2,0,51000.0,0.0,2,0,0.0,0,7,0,0.0,,1,0,0,0,0.536,cutoff_depth4,cutoff
100000008043184100,peripheral,0.9,16,0.1815,"Вход 50 564 ₸ от 1 плательщика, выход 0 ₸ 0 получателям. Пороги ролей не достигнуты, признаков роли нет.",Периферия,,3,False,1,0,50564.0,0.0,1,0,0.0,0,7,0,0.0,,1,0,0,0,,,none
100000000795374100,peripheral,0.9,6,0.1813,"Вход 50 000 ₸ от 1 плательщика, выход 0 ₸ 0 получателям. Пороги ролей не достигнуты, признаков роли нет.",Периферия,,3,False,1,0,50000.0,0.0,1,0,0.0,0,7,0,0.0,,1,0,0,0,,,none
100000001550388100,peripheral,0.9,2,0.1813,"Вход 50 000 ₸ от 1 плательщика, выход 0 ₸ 0 получателям. Пороги ролей не достигнуты, признаков роли нет.",Периферия,,1,False,1,0,50000.0,0.0,1,0,0.0,1,7,0,0.0,,1,0,0,0,,,none
100000001745217100,peripheral,0.9,2,0.1813,"Вход 50 000 ₸ от 1 плательщика, выход 0 ₸ 0 получателям. Пороги ролей не достигнуты, признаков роли нет.",Периферия,,3,False,1,0,50000.0,0.0,1,0,0.0,0,7,0,0.0,,1,0,0,0,,,none
100000002713974100,peripheral,0.4,6,0.1813,4-е колено: исходящие не собирались (обрыв выборки). Вход 50 000 ₸ от 1 плательщика. Конечным получателем не считаем. Похожие узлы 1-3 колена пересылают дальше в 27% случаев.,Периферия,,4,False,1,0,50000.0,0.0,1,0,0.0,0,7,0,0.0,,1,0,0,0,0.2693,cutoff_depth4,cutoff
100000003293377100,peripheral,0.9,7,0.1813,"Вход 50 000 ₸ от 1 плательщика, выход 0 ₸ 0 получателям. Пороги ролей не достигнуты, признаков роли нет.",Периферия,,3,False,1,0,50000.0,0.0,1,0,0.0,0,7,0,0.0,,1,0,0,0,,,none
100000003711830100,peripheral,0.9,6,0.1813,"Вход 50 000 ₸ от 1 плательщика, выход 0 ₸ 0 получателям. Пороги ролей не достигнуты, признаков роли нет.",Периферия,,3,False,1,0,50000.0,0.0,1,0,0.0,0,7,0,0.0,,1,0,0,0,,,none
100000003899325100,peripheral,0.9,6,0.1813,"Вход 50 120 ₸ от 1 плательщика, выход 0 ₸ 0 получателям. Пороги ролей не достигнуты, признаков роли нет.",Периферия,,3,False,1,0,50120.0,0.0,1,0,0.0,0,7,0,0.0,,1,0,0,0,,,none
100000004019056100,peripheral,0.4,11,0.1813,4-е колено: исходящие не собирались (обрыв выборки). Вход 50 000 ₸ от 1 плательщика. Конечным получателем не считаем. Похожие узлы 1-3 колена пересылают дальше в 27% случаев.,Периферия,,4,False,1,0,50000.0,0.0,1,0,0.0,0,7,0,0.0,,1,0,0,0,0.2693,cutoff_depth4,cutoff
100000005142589100,peripheral,0.9,2,0.1813,"Вход 50 000 ₸ от 1 плательщика, выход 0 ₸ 0 получателям. Пороги ролей не достигнуты, признаков роли нет.",Периферия,,2,False,1,0,50000.0,0.0,2,0,0.0,0,7,0,0.0,,1,0,0,0,,,none
100000005189258100,peripheral,0.4,7,0.1813,4-е колено: исходящие не собирались (обрыв выборки). Вход 50 000 ₸ от 1 плательщика. Конечным получателем не считаем. Похожие узлы 1-3 колена пересылают дальше в 27% случаев.,Периферия,,4,False,1,0,50000.0,0.0,1,0,0.0,0,7,0,0.0,,1,0,0,0,0.2693,cutoff_depth4,cutoff
100000006248077100,peripheral,0.9,4,0.1813,"Вход 50 000 ₸ от 1 плательщика, выход 0 ₸ 0 получателям. Пороги ролей не достигнуты, признаков роли нет.",Периферия,,2,False,1,0,50000.0,0.0,1,0,0.0,0,7,0,0.0,,1,0,0,0,,,none
100000006687202100,peripheral,0.9,2,0.1813,"Вход 50 000 ₸ от 1 плательщика, выход 0 ₸ 0 получателям. Пороги ролей не достигнуты, признаков роли нет.",Периферия,,1,False,1,0,50000.0,0.0,1,0,0.0,1,7,0,0.0,,1,0,0,0,,,none
100000007731977100,peripheral,0.4,2,0.1813,4-е колено: исходящие не собирались (обрыв выборки). Вход 50 000 ₸ от 1 плательщика. Конечным получателем не считаем. Похожие узлы 1-3 колена пересылают дальше в 27% случаев.,Периферия,,4,False,1,0,50000.0,0.0,1,0,0.0,0,7,0,0.0,,1,0,0,0,0.2693,cutoff_depth4,cutoff
100000007811950100,peripheral,0.4,26,0.1813,4-е колено: исходящие не собирались (обрыв выборки). Вход 50 000 ₸ от 1 плательщика. Конечным получателем не считаем. Похожие узлы 1-3 колена пересылают дальше в 27% случаев.,Периферия,,4,False,1,0,50000.0,0.0,1,0,0.0,0,7,0,0.0,,1,0,0,0,0.2693,cutoff_depth4,cutoff
100000008308418100,peripheral,0.4,2,0.1813,4-е колено: исходящие не собирались (обрыв выборки). Вход 50 000 ₸ от 1 плательщика. Конечным получателем не считаем. Похожие узлы 1-3 колена пересылают дальше в 27% случаев.,Периферия,,4,False,1,0,50000.0,0.0,1,0,0.0,0,7,0,0.0,,1,0,0,0,0.2693,cutoff_depth4,cutoff
100000002971593100,peripheral,0.4,7,0.1808,4-е колено: исходящие не собирались (обрыв выборки). Вход 49 050 ₸ от 1 плательщика. Конечным получателем не считаем. Похожие узлы 1-3 колена пересылают дальше в 27% случаев.,Периферия,,4,False,1,0,49050.0,0.0,1,0,0.0,0,7,0,0.0,,1,0,0,0,0.2693,cutoff_depth4,cutoff
100000003568904100,peripheral,0.4,11,0.1808,4-е колено: исходящие не собирались (обрыв выборки). Вход 49 000 ₸ от 1 плательщика. Конечным получателем не считаем. Похожие узлы 1-3 колена пересылают дальше в 27% случаев.,Периферия,,4,False,1,0,49000.0,0.0,1,0,0.0,0,7,0,0.0,,1,0,0,0,0.2693,cutoff_depth4,cutoff
100000004549591100,peripheral,0.4,39,0.1808,4-е колено: исходящие не собирались (обрыв выборки). Вход 49 000 ₸ от 1 плательщика. Конечным получателем не считаем. Похожие узлы 1-3 колена пересылают дальше в 27% случаев.,Периферия,,4,False,1,0,49000.0,0.0,1,0,0.0,0,7,0,0.0,,1,0,0,0,0.2693,cutoff_depth4,cutoff
100000004261340100,peripheral,0.4,2,0.1806,4-е колено: исходящие не собирались (обрыв выборки). Вход 48 500 ₸ от 1 плательщика. Конечным получателем не считаем. Похожие узлы 1-3 колена пересылают дальше в 27% случаев.,Периферия,,4,False,1,0,48500.0,0.0,4,0,0.0,0,7,0,0.0,,1,0,0,0,0.2693,cutoff_depth4,cutoff
100000006527156100,peripheral,0.4,48,0.1806,4-е колено: исходящие не собирались (обрыв выборки). Вход 48 500 ₸ от 1 плательщика. Конечным получателем не считаем. Похожие узлы 1-3 колена пересылают дальше в 27% случаев.,Периферия,,4,False,1,0,48500.0,0.0,1,0,0.0,0,7,0,0.0,,1,0,0,0,0.2693,cutoff_depth4,cutoff
100000003024542100,peripheral,0.9,3,0.1805,"Вход 8 500 ₸ от 1 плательщика, выход 0 ₸ 0 получателям. Пороги ролей не достигнуты, признаков роли нет.",Периферия,,2,False,1,0,8500.0,0.0,1,0,0.0,0,10,0,0.0,,1,0,0,0,,,none
100000001597424100,peripheral,0.9,14,0.1804,"Вход 48 100 ₸ от 1 плательщика, выход 0 ₸ 0 получателям. Пороги ролей не достигнуты, признаков роли нет.",Периферия,,3,False,1,0,48100.0,0.0,1,0,0.0,0,7,0,0.0,,1,0,0,0,,,none
100000002952631100,peripheral,0.9,4,0.1804,"Вход 48 050 ₸ от 1 плательщика, выход 0 ₸ 0 получателям. Пороги ролей не достигнуты, признаков роли нет.",Периферия,,1,False,1,0,48050.0,0.0,1,0,0.0,1,7,0,0.0,,1,0,0,0,,,none
100000003054328100,peripheral,0.9,13,0.1803,"Вход 140 000 ₸ от 1 плательщика, выход 193 720 ₸ 2 получателям. Пороги ролей не достигнуты, признаков роли нет. Отдаёт больше, чем получил в выборке: есть источники вне данных.",Периферия,,2,False,1,2,140000.0,193720.0,1,2,1.3837,0,1,0,0.0,0.9639,1,0,0,0,,fast_transit,none
100000004193835100,peripheral,0.9,4,0.1802,"seed. Вход 47 000 ₸ от 1 плательщика, выход 5 000 ₸ 1 получателю. Пороги ролей не достигнуты, признаков роли нет.",Периферия,,0,True,1,1,47000.0,5000.0,1,1,0.1064,0,7,0,0.0,1.0,1,0,0,0,,seed,none
100000005940652100,peripheral,0.9,41,0.1802,"Вход 8 395 ₸ от 1 плательщика, выход 0 ₸ 0 получателям. Пороги ролей не достигнуты, признаков роли нет.",Периферия,,1,False,1,0,8395.0,0.0,1,0,0.0,1,10,1,0.0,,1,0,0,0,,,none
100000002689717100,peripheral,0.4,9,0.1801,4-е колено: исходящие не собирались (обрыв выборки). Вход 47 500 ₸ от 1 плательщика. Конечным получателем не считаем. Похожие узлы 1-3 колена пересылают дальше в 27% случаев.,Периферия,,4,False,1,0,47500.0,0.0,1,0,0.0,0,7,0,0.0,,1,0,0,0,0.2693,cutoff_depth4,cutoff
100000002750956100,peripheral,0.9,2,0.18,"Вход 47 416 ₸ от 1 плательщика, выход 0 ₸ 0 получателям. Пороги ролей не достигнуты, признаков роли нет.",Периферия,,1,False,1,0,47416.0,0.0,1,0,0.0,1,7,0,0.0,,1,0,0,0,,,none
100000002862113100,peripheral,0.9,14,0.18,"Вход 47 405 ₸ от 1 плательщика, выход 0 ₸ 0 получателям. Пороги ролей не достигнуты, признаков роли нет.",Периферия,,3,False,1,0,47405.0,0.0,2,0,0.0,0,7,0,0.0,,1,0,0,0,,,none
100000001160401100,peripheral,0.9,2,0.1799,"Вход 47 190 ₸ от 1 плательщика, выход 0 ₸ 0 получателям. Пороги ролей не достигнуты, признаков роли нет.",Периферия,,3,False,1,0,47190.0,0.0,2,0,0.0,0,7,0,0.0,,1,0,0,0,,,none
100000004291560100,peripheral,0.9,2,0.1799,"Вход 47 190 ₸ от 1 плательщика, выход 0 ₸ 0 получателям. Пороги ролей не достигнуты, признаков роли нет.",Периферия,,3,False,1,0,47190.0,0.0,1,0,0.0,0,7,0,0.0,,1,0,0,0,,,none
100000008748795100,peripheral,0.9,2,0.1799,"Вход 47 057 ₸ от 1 плательщика, выход 0 ₸ 0 получателям. Пороги ролей не достигнуты, признаков роли нет.",Периферия,,3,False,1,0,47057.0,0.0,1,0,0.0,0,7,0,0.0,,1,0,0,0,,,none
100000000878006100,peripheral,0.9,7,0.1798,"Вход 47 003 ₸ от 1 плательщика, выход 0 ₸ 0 получателям. Пороги ролей не достигнуты, признаков роли нет.",Периферия,,3,False,1,0,47003.0,0.0,1,0,0.0,0,7,0,0.0,,1,0,0,0,,,none
100000002301828100,peripheral,0.9,16,0.1798,"Вход 46 977 ₸ от 1 плательщика, выход 0 ₸ 0 получателям. Пороги ролей не достигнуты, признаков роли нет.",Периферия,,3,False,1,0,46977.0,0.0,1,0,0.0,0,7,0,0.0,,1,0,0,0,,,none
100000002838519100,peripheral,0.9,14,0.1798,"Вход 46 900 ₸ от 1 плательщика, выход 0 ₸ 0 получателям. Пороги ролей не достигнуты, признаков роли нет.",Периферия,,3,False,1,0,46900.0,0.0,1,0,0.0,0,7,0,0.0,,1,0,0,0,,,none
100000004584730100,peripheral,0.4,46,0.1798,4-е колено: исходящие не собирались (обрыв выборки). Вход 47 000 ₸ от 1 плательщика. Конечным получателем не считаем. Похожие узлы 1-3 колена пересылают дальше в 27% случаев.,Периферия,,4,False,1,0,47000.0,0.0,1,0,0.0,0,7,0,0.0,,1,0,0,0,0.2693,cutoff_depth4,cutoff
100000008071620100,peripheral,0.9,2,0.1798,"Вход 46 968 ₸ от 1 плательщика, выход 0 ₸ 0 получателям. Пороги ролей не достигнуты, признаков роли нет.",Периферия,,1,False,1,0,46968.0,0.0,1,0,0.0,1,7,0,0.0,,1,0,0,0,,,none
100000001549194100,peripheral,0.9,14,0.1796,"Вход 46 500 ₸ от 1 плательщика, выход 0 ₸ 0 получателям. Пороги ролей не достигнуты, признаков роли нет.",Периферия,,3,False,1,0,46500.0,0.0,1,0,0.0,0,7,0,0.0,,1,0,0,0,,,none
100000002703376100,peripheral,0.9,2,0.1796,"Вход 46 501 ₸ от 1 плательщика, выход 0 ₸ 0 получателям. Пороги ролей не достигнуты, признаков роли нет.",Периферия,,2,False,1,0,46501.0,0.0,1,0,0.0,0,7,0,0.0,,1,0,0,0,,,none
100000007793871100,peripheral,0.9,10,0.1796,"Вход 26 000 ₸ от 1 плательщика, выход 0 ₸ 0 получателям. Пороги ролей не достигнуты, признаков роли нет.",Периферия,,3,False,1,0,26000.0,0.0,3,0,0.0,0,8,1,0.0,,1,0,0,0,,,none
100000000790311100,peripheral,0.9,15,0.1795,"Вход 46 300 ₸ от 1 плательщика, выход 0 ₸ 0 получателям. Пороги ролей не достигнуты, признаков роли нет.",Периферия,,2,False,1,0,46300.0,0.0,1,0,0.0,0,7,0,0.0,,1,0,0,0,,,none
100000008628818100,peripheral,0.4,9,0.1795,4-е колено: исходящие не собирались (обрыв выборки). Вход 46 310 ₸ от 1 плательщика. Конечным получателем не считаем. Похожие узлы 1-3 колена пересылают дальше в 27% случаев.,Периферия,,4,False,1,0,46310.0,0.0,1,0,0.0,0,7,0,0.0,,1,0,0,0,0.2693,cutoff_depth4,cutoff
100000007539296100,peripheral,0.4,7,0.1794,4-е колено: исходящие не собирались (обрыв выборки). Вход 46 000 ₸ от 1 плательщика. Конечным получателем не считаем. Похожие узлы 1-3 колена пересылают дальше в 27% случаев.,Периферия,,4,False,1,0,46000.0,0.0,2,0,0.0,0,7,0,0.0,,1,0,0,0,0.2693,cutoff_depth4,cutoff
100000002232266100,peripheral,0.9,6,0.1788,"Вход 45 000 ₸ от 1 плательщика, выход 0 ₸ 0 получателям. Пороги ролей не достигнуты, признаков роли нет.",Периферия,,3,False,1,0,45000.0,0.0,1,0,0.0,0,7,0,0.0,,1,0,0,0,,,none
100000002896506100,peripheral,0.4,7,0.1788,4-е колено: исходящие не собирались (обрыв выборки). Вход 45 000 ₸ от 1 плательщика. Конечным получателем не считаем. Похожие узлы 1-3 колена пересылают дальше в 27% случаев.,Периферия,,4,False,1,0,45000.0,0.0,1,0,0.0,0,7,0,0.0,,1,0,0,0,0.2693,cutoff_depth4,cutoff
100000003061115100,peripheral,0.4,2,0.1788,4-е колено: исходящие не собирались (обрыв выборки). Вход 45 000 ₸ от 1 плательщика. Конечным получателем не считаем. Похожие узлы 1-3 колена пересылают дальше в 27% случаев.,Периферия,,4,False,1,0,45000.0,0.0,1,0,0.0,0,7,0,0.0,,1,0,0,0,0.2693,cutoff_depth4,cutoff
100000004991593100,peripheral,0.4,6,0.1788,4-е колено: исходящие не собирались (обрыв выборки). Вход 45 000 ₸ от 1 плательщика. Конечным получателем не считаем. Похожие узлы 1-3 колена пересылают дальше в 27% случаев.,Периферия,,4,False,1,0,45000.0,0.0,2,0,0.0,0,7,0,0.0,,1,0,0,0,0.2693,cutoff_depth4,cutoff
100000007153161100,peripheral,0.4,2,0.1788,4-е колено: исходящие не собирались (обрыв выборки). Вход 44 997 ₸ от 1 плательщика. Конечным получателем не считаем. Похожие узлы 1-3 колена пересылают дальше в 27% случаев.,Периферия,,4,False,1,0,44997.0,0.0,1,0,0.0,0,7,0,0.0,,1,0,0,0,0.2693,cutoff_depth4,cutoff
100000004192107100,peripheral,0.9,3,0.1787,"Вход 25 000 ₸ от 1 плательщика, выход 0 ₸ 0 получателям. Пороги ролей не достигнуты, признаков роли нет.",Периферия,,2,False,1,0,25000.0,0.0,1,0,0.0,0,8,0,0.0,,1,0,0,0,,,none
100000005782886100,peripheral,0.4,5,0.1787,4-е колено: исходящие не собирались (обрыв выборки). Вход 14 000 ₸ от 1 плательщика. Конечным получателем не считаем. Похожие узлы 1-3 колена пересылают дальше в 27% случаев.,Периферия,,4,False,1,0,14000.0,0.0,1,0,0.0,0,9,0,0.0,,1,0,0,0,0.2693,cutoff_depth4,cutoff
100000008432942100,peripheral,0.9,2,0.1786,"Вход 44 542 ₸ от 1 плательщика, выход 0 ₸ 0 получателям. Пороги ролей не достигнуты, признаков роли нет.",Периферия,,3,False,1,0,44542.0,0.0,2,0,0.0,0,7,0,0.0,,1,0,0,0,,,none
100000008251939100,peripheral,0.4,9,0.1785,4-е колено: исходящие не собирались (обрыв выборки). Вход 44 360 ₸ от 1 плательщика. Конечным получателем не считаем. Похожие узлы 1-3 колена пересылают дальше в 27% случаев.,Периферия,,4,False,1,0,44360.0,0.0,1,0,0.0,0,7,0,0.0,,1,0,0,0,0.2693,cutoff_depth4,cutoff
100000003232675100,peripheral,0.4,11,0.1783,4-е колено: исходящие не собирались (обрыв выборки). Вход 44 000 ₸ от 1 плательщика. Конечным получателем не считаем. Похожие узлы 1-3 колена пересылают дальше в 27% случаев.,Периферия,,4,False,1,0,44000.0,0.0,2,0,0.0,0,7,0,0.0,,1,0,0,0,0.2693,cutoff_depth4,cutoff
100000005754335100,peripheral,0.9,43,0.1783,"Вход 44 037 ₸ от 1 плательщика, выход 0 ₸ 0 получателям. Пороги ролей не достигнуты, признаков роли нет.",Периферия,,3,False,1,0,44037.0,0.0,1,0,0.0,0,7,0,0.0,,1,0,0,0,,,none
100000002371892100,peripheral,0.4,62,0.1782,4-е колено: исходящие не собирались (обрыв выборки). Вход 43 830 ₸ от 1 плательщика. Конечным получателем не считаем. Похожие узлы 1-3 колена пересылают дальше в 27% случаев.,Периферия,,4,False,1,0,43830.0,0.0,1,0,0.0,0,7,0,0.0,,1,0,0,0,0.2693,cutoff_depth4,cutoff
100000004007116100,peripheral,0.7,25,0.1779,"seed. Вход 764 704 ₸ от 3 плательщиков, выход 148 000 ₸ 4 получателям. Пороги ролей не достигнуты, признаков роли нет.",Периферия,,0,True,3,4,764704.0,148000.0,24,6,0.1935,0,0,0,0.0,0.9324,1,14,2,5,,seed;cycle;mutual_transfers;recurring_route,none
100000003581109100,peripheral,0.9,2,0.1777,"Вход 42 750 ₸ от 1 плательщика, выход 0 ₸ 0 получателям. Пороги ролей не достигнуты, признаков роли нет.",Периферия,,3,False,1,0,42750.0,0.0,1,0,0.0,0,7,0,0.0,,1,0,0,0,,,none
100000005008589100,peripheral,0.9,2,0.1777,"Вход 42 807 ₸ от 1 плательщика, выход 0 ₸ 0 получателям. Пороги ролей не достигнуты, признаков роли нет.",Периферия,,3,False,1,0,42806.68,0.0,1,0,0.0,0,7,0,0.0,,1,0,0,0,,,none
100000002182176100,peripheral,0.9,2,0.1775,"Вход 42 465 ₸ от 1 плательщика, выход 0 ₸ 0 получателям. Пороги ролей не достигнуты, признаков роли нет.",Периферия,,1,False,1,0,42465.0,0.0,1,0,0.0,1,7,0,0.0,,1,0,0,0,,,none
100000001818442100,peripheral,0.9,9,0.1774,"Вход 42 215 ₸ от 1 плательщика, выход 0 ₸ 0 получателям. Пороги ролей не достигнуты, признаков роли нет.",Периферия,,3,False,1,0,42215.0,0.0,1,0,0.0,0,7,0,0.0,,1,0,0,0,,,none
100000008297199100,peripheral,0.9,2,0.1774,"Вход 42 268 ₸ от 1 плательщика, выход 0 ₸ 0 получателям. Пороги ролей не достигнуты, признаков роли нет.",Периферия,,3,False,1,0,42268.0,0.0,1,0,0.0,0,7,0,0.0,,1,0,0,0,,,none
100000007867364100,peripheral,0.4,17,0.1772,4-е колено: исходящие не собирались (обрыв выборки). Вход 41 852 ₸ от 1 плательщика. Конечным получателем не считаем. Похожие узлы 1-3 колена пересылают дальше в 27% случаев.,Периферия,,4,False,1,0,41852.0,0.0,1,0,0.0,0,7,0,0.0,,1,0,0,0,0.2693,cutoff_depth4,cutoff
100000006048193100,peripheral,0.9,2,0.177,"Вход 41 559 ₸ от 1 плательщика, выход 0 ₸ 0 получателям. Пороги ролей не достигнуты, признаков роли нет.",Периферия,,3,False,1,0,41559.0,0.0,1,0,0.0,0,7,0,0.0,,1,0,0,0,,,none
100000006490615100,peripheral,0.4,11,0.177,4-е колено: исходящие не собирались (обрыв выборки). Вход 41 600 ₸ от 1 плательщика. Конечным получателем не считаем. Похожие узлы 1-3 колена пересылают дальше в 27% случаев.,Периферия,,4,False,1,0,41600.0,0.0,6,0,0.0,0,7,0,0.0,,1,0,0,0,0.2693,cutoff_depth4,cutoff
100000007997939100,peripheral,0.4,5,0.177,4-е колено: исходящие не собирались (обрыв выборки). Вход 13 000 ₸ от 1 плательщика. Конечным получателем не считаем. Похожие узлы 1-3 колена пересылают дальше в 27% случаев.,Периферия,,4,False,1,0,13000.0,0.0,1,0,0.0,0,9,0,0.0,,1,0,0,0,0.2693,cutoff_depth4,cutoff
100000008680061100,peripheral,0.4,7,0.1769,4-е колено: исходящие не собирались (обрыв выборки). Вход 41 300 ₸ от 1 плательщика. Конечным получателем не считаем. Похожие узлы 1-3 колена пересылают дальше в 27% случаев.,Периферия,,4,False,1,0,41300.0,0.0,2,0,0.0,0,7,0,0.0,,1,0,0,0,0.2693,cutoff_depth4,cutoff
100000002748581100,peripheral,0.9,14,0.1768,"Вход 41 180 ₸ от 1 плательщика, выход 0 ₸ 0 получателям. Пороги ролей не достигнуты, признаков роли нет.",Периферия,,3,False,1,0,41180.0,0.0,1,0,0.0,0,7,0,0.0,,1,0,0,0,,,none
100000008331280100,peripheral,0.4,27,0.1767,4-е колено: исходящие не собирались (обрыв выборки). Вход 41 000 ₸ от 1 плательщика. Конечным получателем не считаем. Похожие узлы 1-3 колена пересылают дальше в 27% случаев.,Периферия,,4,False,1,0,41000.0,0.0,2,0,0.0,0,7,0,0.0,,1,0,0,0,0.2693,cutoff_depth4,cutoff
100000000408846100,peripheral,0.9,27,0.1764,"Вход 40 500 ₸ от 1 плательщика, выход 0 ₸ 0 получателям. Пороги ролей не достигнуты, признаков роли нет.",Периферия,,3,False,1,0,40500.0,0.0,1,0,0.0,0,7,0,0.0,,1,0,0,0,,,none
100000003831201100,peripheral,0.9,2,0.1764,"Вход 40 500 ₸ от 1 плательщика, выход 0 ₸ 0 получателям. Пороги ролей не достигнуты, признаков роли нет.",Периферия,,2,False,1,0,40500.0,0.0,3,0,0.0,0,7,0,0.0,,1,0,0,0,,,none
100000004890713100,peripheral,0.4,9,0.1764,4-е колено: исходящие не собирались (обрыв выборки). Вход 40 485 ₸ от 1 плательщика. Конечным получателем не считаем. Похожие узлы 1-3 колена пересылают дальше в 27% случаев.,Периферия,,4,False,1,0,40485.0,0.0,1,0,0.0,0,7,0,0.0,,1,0,0,0,0.2693,cutoff_depth4,cutoff
100000008571433100,peripheral,0.8,53,0.1763,"seed. Вход 350 000 ₸ от 2 плательщиков, выход 1,43 млн ₸ 2 получателям. Пороги ролей не достигнуты, признаков роли нет.",Периферия,,0,True,2,2,350000.0,1434000.0,2,3,4.0971,0,0,0,0.0,0.742,1,1,1,0,,seed;cycle;mutual_transfers,none
100000004979283100,peripheral,0.9,9,0.1762,"Вход 40 132 ₸ от 1 плательщика, выход 0 ₸ 0 получателям. Пороги ролей не достигнуты, признаков роли нет.",Периферия,,3,False,1,0,40132.0,0.0,1,0,0.0,0,7,0,0.0,,1,0,0,0,,,none
100000001220124100,peripheral,0.4,6,0.1761,4-е колено: исходящие не собирались (обрыв выборки). Вход 40 000 ₸ от 1 плательщика. Конечным получателем не считаем. Похожие узлы 1-3 колена пересылают дальше в 27% случаев.,Периферия,,4,False,1,0,40000.0,0.0,1,0,0.0,0,7,0,0.0,,1,0,0,0,0.2693,cutoff_depth4,cutoff
100000002951898100,peripheral,0.9,14,0.1761,"Вход 39 990 ₸ от 1 плательщика, выход 0 ₸ 0 получателям. Пороги ролей не достигнуты, признаков роли нет.",Периферия,,3,False,1,0,39990.0,0.0,1,0,0.0,0,7,0,0.0,,1,0,0,0,,,none
100000003091142100,peripheral,0.4,2,0.1761,4-е колено: исходящие не собирались (обрыв выборки). Вход 40 000 ₸ от 1 плательщика. Конечным получателем не считаем. Похожие узлы 1-3 колена пересылают дальше в 27% случаев.,Периферия,,4,False,1,0,40000.0,0.0,1,0,0.0,0,7,0,0.0,,1,0,0,0,0.2693,cutoff_depth4,cutoff
100000003289281100,peripheral,0.4,2,0.1761,4-е колено: исходящие не собирались (обрыв выборки). Вход 40 000 ₸ от 1 плательщика. Конечным получателем не считаем. Похожие узлы 1-3 колена пересылают дальше в 27% случаев.,Периферия,,4,False,1,0,40000.0,0.0,1,0,0.0,0,7,0,0.0,,1,0,0,0,0.2693,cutoff_depth4,cutoff
100000003943247100,peripheral,0.9,2,0.1761,"Вход 40 000 ₸ от 1 плательщика, выход 0 ₸ 0 получателям. Пороги ролей не достигнуты, признаков роли нет.",Периферия,,3,False,1,0,40000.0,0.0,1,0,0.0,0,7,0,0.0,,1,0,0,0,,,none
100000004386286100,peripheral,0.4,12,0.1761,4-е колено: исходящие не собирались (обрыв выборки). Вход 12 500 ₸ от 1 плательщика. Конечным получателем не считаем. Похожие узлы 1-3 колена пересылают дальше в 27% случаев.,Периферия,,4,False,1,0,12500.0,0.0,1,0,0.0,0,9,0,0.0,,1,0,0,0,0.2693,cutoff_depth4,cutoff
100000006351075100,peripheral,0.4,42,0.1761,4-е колено: исходящие не собирались (обрыв выборки). Вход 40 000 ₸ от 1 плательщика. Конечным получателем не считаем. Похожие узлы 1-3 колена пересылают дальше в 27% случаев.,Периферия,,4,False,1,0,40000.0,0.0,2,0,0.0,0,7,0,0.0,,1,0,0,0,0.2693,cutoff_depth4,cutoff
100000008686234100,peripheral,0.9,2,0.176,"Вход 39 778 ₸ от 1 плательщика, выход 0 ₸ 0 получателям. Пороги ролей не достигнуты, признаков роли нет.",Периферия,,1,False,1,0,39778.0,0.0,1,0,0.0,1,7,0,0.0,,1,0,0,0,,,none
100000007618425100,peripheral,0.9,16,0.1758,"Вход 39 348 ₸ от 1 плательщика, выход 0 ₸ 0 получателям. Пороги ролей не достигнуты, признаков роли нет.",Периферия,,3,False,1,0,39348.0,0.0,1,0,0.0,0,7,0,0.0,,1,0,0,0,,,none
100000005079473100,peripheral,0.4,6,0.1757,4-е колено: исходящие не собирались (обрыв выборки). Вход 39 312 ₸ от 1 плательщика. Конечным получателем не считаем. Похожие узлы 1-3 колена пересылают дальше в 27% случаев.,Периферия,,4,False,1,0,39312.0,0.0,1,0,0.0,0,7,0,0.0,,1,0,0,0,0.2693,cutoff_depth4,cutoff
100000004488265100,peripheral,0.9,6,0.1754,"Вход 38 740 ₸ от 1 плательщика, выход 0 ₸ 0 получателям. Пороги ролей не достигнуты, признаков роли нет.",Периферия,,3,False,1,0,38740.0,0.0,1,0,0.0,0,7,0,0.0,,1,0,0,0,,,none
100000000580561100,peripheral,0.8,45,0.1752,"seed. Вход 27 980 ₸ от 2 плательщиков, выход 1,49 млн ₸ 3 получателям. Пороги ролей не достигнуты, признаков роли нет.",Периферия,,0,True,2,3,27980.0,1488077.0,3,13,53.1836,0,0,0,0.0,0.5712,1,0,2,4,,seed;mutual_transfers;recurring_route,none
100000002188586100,peripheral,0.4,9,0.1751,4-е колено: исходящие не собирались (обрыв выборки). Вход 38 310 ₸ от 1 плательщика. Конечным получателем не считаем. Похожие узлы 1-3 колена пересылают дальше в 27% случаев.,Периферия,,4,False,1,0,38310.0,0.0,1,0,0.0,0,7,0,0.0,,1,0,0,0,0.2693,cutoff_depth4,cutoff
100000008713270100,peripheral,0.85,8,0.1751,"Вход 30 000 ₸ от 1 плательщика, выход 190 000 ₸ 3 получателям. Пороги ролей не достигнуты, признаков роли нет. Отдаёт больше, чем получил в выборке: есть источники вне данных.",Периферия,,2,False,1,3,30000.0,190000.0,1,3,6.3333,0,1,0,0.0,0.7895,1,0,0,0,,fast_transit,none
100000002809896100,peripheral,0.9,9,0.175,"Вход 38 000 ₸ от 1 плательщика, выход 0 ₸ 0 получателям. Пороги ролей не достигнуты, признаков роли нет.",Периферия,,3,False,1,0,38000.0,0.0,1,0,0.0,0,7,0,0.0,,1,0,0,0,,,none
100000008672603100,peripheral,0.9,3,0.1749,"Вход 21 200 ₸ от 1 плательщика, выход 0 ₸ 0 получателям. Пороги ролей не достигнуты, признаков роли нет.",Периферия,,2,False,1,0,21200.0,0.0,1,0,0.0,0,8,0,0.0,,1,0,0,0,,,none
100000004664515100,peripheral,0.9,2,0.1748,"Вход 37 691 ₸ от 1 плательщика, выход 0 ₸ 0 получателям. Пороги ролей не достигнуты, признаков роли нет.",Периферия,,1,False,1,0,37691.0,0.0,1,0,0.0,1,7,0,0.0,,1,0,0,0,,,none
100000004713684100,peripheral,0.9,2,0.1747,"Вход 37 500 ₸ от 1 плательщика, выход 0 ₸ 0 получателям. Пороги ролей не достигнуты, признаков роли нет.",Периферия,,3,False,1,0,37500.0,0.0,1,0,0.0,0,7,0,0.0,,1,0,0,0,,,none
100000004908173100,peripheral,0.4,5,0.1747,4-е колено: исходящие не собирались (обрыв выборки). Вход 21 000 ₸ от 1 плательщика. Конечным получателем не считаем. Похожие узлы 1-3 колена пересылают дальше в 27% случаев.,Периферия,,4,False,1,0,21000.0,0.0,1,0,0.0,0,8,0,0.0,,1,0,0,0,0.2693,cutoff_depth4,cutoff
100000003109805100,peripheral,0.9,16,0.1743,"Вход 36 929 ₸ от 1 плательщика, выход 0 ₸ 0 получателям. Пороги ролей не достигнуты, признаков роли нет.",Периферия,,3,False,1,0,36929.0,0.0,1,0,0.0,0,7,0,0.0,,1,0,0,0,,,none
100000006706519100,peripheral,0.4,2,0.1737,4-е колено: исходящие не собирались (обрыв выборки). Вход 36 000 ₸ от 1 плательщика. Конечным получателем не считаем. Похожие узлы 1-3 колена пересылают дальше в 27% случаев.,Периферия,,4,False,1,0,36000.0,0.0,3,0,0.0,0,7,0,0.0,,1,0,0,0,0.2693,cutoff_depth4,cutoff
100000008491390100,peripheral,0.9,2,0.1737,"Вход 36 000 ₸ от 1 плательщика, выход 0 ₸ 0 получателям. Пороги ролей не достигнуты, признаков роли нет.",Периферия,,3,False,1,0,36000.0,0.0,1,0,0.0,0,7,0,0.0,,1,0,0,0,,,none
100000001784279100,peripheral,0.9,2,0.1735,"Вход 35 674 ₸ от 1 плательщика, выход 0 ₸ 0 получателям. Пороги ролей не достигнуты, признаков роли нет.",Периферия,,3,False,1,0,35674.0,0.0,1,0,0.0,0,7,0,0.0,,1,0,0,0,,,none
100000004571634100,peripheral,0.4,10,0.1735,4-е колено: исходящие не собирались (обрыв выборки). Вход 20 000 ₸ от 1 плательщика. Конечным получателем не считаем. Похожие узлы 1-3 колена пересылают дальше в 27% случаев.,Периферия,,4,False,1,0,20000.0,0.0,1,0,0.0,0,8,0,0.0,,1,0,0,0,0.2693,cutoff_depth4,cutoff
100000007960337100,peripheral,0.4,6,0.1734,4-е колено: исходящие не собирались (обрыв выборки). Вход 35 500 ₸ от 1 плательщика. Конечным получателем не считаем. Похожие узлы 1-3 колена пересылают дальше в 27% случаев.,Периферия,,4,False,1,0,35500.0,0.0,1,0,0.0,0,7,0,0.0,,1,0,0,0,0.2693,cutoff_depth4,cutoff
100000000287768100,peripheral,0.9,2,0.1732,"Вход 35 168 ₸ от 1 плательщика, выход 0 ₸ 0 получателям. Пороги ролей не достигнуты, признаков роли нет.",Периферия,,3,False,1,0,35168.0,0.0,1,0,0.0,0,7,0,0.0,,1,0,0,0,,,none
100000000737152100,peripheral,0.4,2,0.1731,4-е колено: исходящие не собирались (обрыв выборки). Вход 35 000 ₸ от 1 плательщика. Конечным получателем не считаем. Похожие узлы 1-3 колена пересылают дальше в 27% случаев.,Периферия,,4,False,1,0,35000.0,0.0,1,0,0.0,0,7,0,0.0,,1,0,0,0,0.2693,cutoff_depth4,cutoff
100000004911971100,peripheral,0.4,37,0.1731,4-е колено: исходящие не собирались (обрыв выборки). Вход 35 000 ₸ от 1 плательщика. Конечным получателем не считаем. Похожие узлы 1-3 колена пересылают дальше в 27% случаев.,Периферия,,4,False,1,0,35000.0,0.0,3,0,0.0,0,7,0,0.0,,1,0,0,0,0.2693,cutoff_depth4,cutoff
100000008652094100,peripheral,0.9,2,0.1731,"Вход 35 000 ₸ от 1 плательщика, выход 0 ₸ 0 получателям. Пороги ролей не достигнуты, признаков роли нет.",Периферия,,3,False,1,0,35000.0,0.0,1,0,0.0,0,7,0,0.0,,1,0,0,0,,,none
100000002028158100,peripheral,0.9,15,0.1729,"Вход 34 800 ₸ от 1 плательщика, выход 0 ₸ 0 получателям. Пороги ролей не достигнуты, признаков роли нет.",Периферия,,2,False,1,0,34800.0,0.0,1,0,0.0,0,7,0,0.0,,1,0,0,0,,,none
100000001380107100,peripheral,0.9,55,0.1725,"Вход 6 000 ₸ от 1 плательщика, выход 0 ₸ 0 получателям. Пороги ролей не достигнуты, признаков роли нет.",Периферия,,3,False,1,0,6000.0,0.0,1,0,0.0,0,10,0,0.0,,1,0,0,0,,,none
100000000954884100,peripheral,0.9,36,0.1724,"Вход 34 000 ₸ от 1 плательщика, выход 0 ₸ 0 получателям. Пороги ролей не достигнуты, признаков роли нет.",Периферия,,3,False,1,0,34000.0,0.0,1,0,0.0,0,7,0,0.0,,1,0,0,0,,,none
100000002478829100,peripheral,0.4,22,0.1724,4-е колено: исходящие не собирались (обрыв выборки). Вход 34 000 ₸ от 1 плательщика. Конечным получателем не считаем. Похожие узлы 1-3 колена пересылают дальше в 27% случаев.,Периферия,,4,False,1,0,34000.0,0.0,1,0,0.0,0,7,0,0.0,,1,0,0,0,0.2693,cutoff_depth4,cutoff
100000008503177100,peripheral,0.9,6,0.1724,"Вход 33 951 ₸ от 1 плательщика, выход 0 ₸ 0 получателям. Пороги ролей не достигнуты, признаков роли нет.",Периферия,,3,False,1,0,33951.0,0.0,1,0,0.0,0,7,0,0.0,,1,0,0,0,,,none
100000005041905100,peripheral,0.9,1,0.172,"Вход 5 000 ₸ от 1 плательщика, выход 1,08 млн ₸ 1 получателю. Пороги ролей не достигнуты, признаков роли нет. Отдаёт больше, чем получил в выборке: есть источники вне данных.",Периферия,,3,False,1,1,5000.0,1080351.0,1,5,216.0702,0,1,0,0.0,,1,0,1,0,,mutual_transfers,none
100000002737980100,peripheral,0.9,4,0.1716,"Вход 32 900 ₸ от 1 плательщика, выход 0 ₸ 0 получателям. Пороги ролей не достигнуты, признаков роли нет.",Периферия,,3,False,1,0,32900.0,0.0,1,0,0.0,0,7,0,0.0,,1,0,0,0,,,none
100000000470237100,peripheral,0.4,29,0.1714,4-е колено: исходящие не собирались (обрыв выборки). Вход 32 500 ₸ от 1 плательщика. Конечным получателем не считаем. Похожие узлы 1-3 колена пересылают дальше в 27% случаев.,Периферия,,4,False,1,0,32500.0,0.0,1,0,0.0,0,7,0,0.0,,1,0,0,0,0.2693,cutoff_depth4,cutoff
100000002459093100,peripheral,0.9,28,0.1714,"Вход 500 000 ₸ от 1 плательщика, выход 55 000 ₸ 1 получателю. Пороги ролей не достигнуты, признаков роли нет.",Периферия,,2,False,1,1,500000.0,55000.0,2,3,0.11,0,1,0,0.0,,1,0,0,0,,,none
100000002394199100,peripheral,0.9,8,0.1713,"Вход 277 398 ₸ от 1 плательщика, выход 76 777 ₸ 1 получателю. Пороги ролей не достигнуты, признаков роли нет.",Периферия,,3,False,1,1,277398.0,76777.0,3,1,0.2768,0,1,0,0.0,1.0,1,0,1,0,,fast_transit;mutual_transfers,none
100000002723439100,peripheral,0.4,34,0.1711,4-е колено: исходящие не собирались (обрыв выборки). Вход 18 000 ₸ от 1 плательщика. Конечным получателем не считаем. Похожие узлы 1-3 колена пересылают дальше в 27% случаев.,Периферия,,4,False,1,0,18000.0,0.0,2,0,0.0,0,8,0,0.0,,1,0,0,0,0.2693,cutoff_depth4,cutoff
100000000611474100,peripheral,0.9,23,0.171,"Вход 32 000 ₸ от 1 плательщика, выход 0 ₸ 0 получателям. Пороги ролей не достигнуты, признаков роли нет.",Периферия,,3,False,1,0,32000.0,0.0,1,0,0.0,0,7,0,0.0,,1,0,0,0,,,none
100000003219438100,peripheral,0.9,35,0.171,"Вход 32 000 ₸ от 1 плательщика, выход 0 ₸ 0 получателям. Пороги ролей не достигнуты, признаков роли нет.",Периферия,,2,False,1,0,32000.0,0.0,1,0,0.0,0,7,0,0.0,,1,0,0,0,,,none
100000000912487100,peripheral,0.9,3,0.1709,"Вход 10 000 ₸ от 1 плательщика, выход 0 ₸ 0 получателям. Пороги ролей не достигнуты, признаков роли нет.",Периферия,,2,False,1,0,10000.0,0.0,1,0,0.0,0,9,0,0.0,,1,0,0,0,,,none
100000001202637100,peripheral,0.4,9,0.1709,4-е колено: исходящие не собирались (обрыв выборки). Вход 10 000 ₸ от 1 плательщика. Конечным получателем не считаем. Похожие узлы 1-3 колена пересылают дальше в 27% случаев.,Периферия,,4,False,1,0,10000.0,0.0,1,0,0.0,0,9,0,0.0,,1,0,0,0,0.2693,cutoff_depth4,cutoff
100000002540033100,peripheral,0.4,21,0.1709,4-е колено: исходящие не собирались (обрыв выборки). Вход 10 000 ₸ от 1 плательщика. Конечным получателем не считаем. Похожие узлы 1-3 колена пересылают дальше в 27% случаев.,Периферия,,4,False,1,0,10000.0,0.0,1,0,0.0,0,9,0,0.0,,1,0,0,0,0.2693,cutoff_depth4,cutoff
100000003904497100,peripheral,0.4,5,0.1709,4-е колено: исходящие не собирались (обрыв выборки). Вход 10 000 ₸ от 1 плательщика. Конечным получателем не считаем. Похожие узлы 1-3 колена пересылают дальше в 27% случаев.,Периферия,,4,False,1,0,10000.0,0.0,1,0,0.0,0,9,0,0.0,,1,0,0,0,0.2693,cutoff_depth4,cutoff
100000008767065100,peripheral,0.9,21,0.1709,"Вход 10 000 ₸ от 1 плательщика, выход 0 ₸ 0 получателям. Пороги ролей не достигнуты, признаков роли нет.",Периферия,,3,False,1,0,10000.0,0.0,1,0,0.0,0,9,0,0.0,,1,0,0,0,,,none
100000008734279100,peripheral,0.4,6,0.1708,4-е колено: исходящие не собирались (обрыв выборки). Вход 31 650 ₸ от 1 плательщика. Конечным получателем не считаем. Похожие узлы 1-3 колена пересылают дальше в 27% случаев.,Периферия,,4,False,1,0,31650.0,0.0,1,0,0.0,0,7,0,0.0,,1,0,0,0,0.2693,cutoff_depth4,cutoff
100000002702968100,peripheral,0.4,9,0.1707,4-е колено: исходящие не собирались (обрыв выборки). Вход 31 600 ₸ от 1 плательщика. Конечным получателем не считаем. Похожие узлы 1-3 колена пересылают дальше в 27% случаев.,Периферия,,4,False,1,0,31600.0,0.0,1,0,0.0,0,7,0,0.0,,1,0,0,0,0.2693,cutoff_depth4,cutoff
100000003072676100,peripheral,0.9,16,0.1707,"Вход 31 545 ₸ от 1 плательщика, выход 0 ₸ 0 получателям. Пороги ролей не достигнуты, признаков роли нет.",Периферия,,3,False,1,0,31545.0,0.0,1,0,0.0,0,7,0,0.0,,1,0,0,0,,,none
100000008116374100,peripheral,0.9,4,0.1705,"Вход 31 284 ₸ от 1 плательщика, выход 0 ₸ 0 получателям. Пороги ролей не достигнуты, признаков роли нет.",Периферия,,1,False,1,0,31284.0,0.0,1,0,0.0,1,7,0,0.0,,1,0,0,0,,,none
100000005326681100,peripheral,0.9,15,0.1704,"Вход 31 228 ₸ от 1 плательщика, выход 0 ₸ 0 получателям. Пороги ролей не достигнуты, признаков роли нет.",Периферия,,2,False,1,0,31228.0,0.0,1,0,0.0,0,7,0,0.0,,1,0,0,0,,,none
100000004099450100,peripheral,0.9,6,0.1703,"Вход 31 000 ₸ от 1 плательщика, выход 0 ₸ 0 получателям. Пороги ролей не достигнуты, признаков роли нет.",Периферия,,3,False,1,0,31000.0,0.0,1,0,0.0,0,7,0,0.0,,1,0,0,0,,,none
100000002660298100,peripheral,0.4,9,0.1702,4-е колено: исходящие не собирались (обрыв выборки). Вход 30 900 ₸ от 1 плательщика. Конечным получателем не считаем. Похожие узлы 1-3 колена пересылают дальше в 27% случаев.,Периферия,,4,False,1,0,30900.0,0.0,1,0,0.0,0,7,0,0.0,,1,0,0,0,0.2693,cutoff_depth4,cutoff
100000006288612100,peripheral,0.4,12,0.1701,4-е колено: исходящие не собирались (обрыв выборки). Вход 30 805 ₸ от 1 плательщика. Конечным получателем не считаем. Похожие узлы 1-3 колена пересылают дальше в 27% случаев.,Периферия,,4,False,1,0,30805.0,0.0,3,0,0.0,0,7,0,0.0,,1,0,0,0,0.2693,cutoff_depth4,cutoff
100000001684867100,peripheral,0.9,4,0.1699,"Вход 30 550 ₸ от 1 плательщика, выход 0 ₸ 0 получателям. Пороги ролей не достигнуты, признаков роли нет.",Периферия,,1,False,1,0,30550.0,0.0,1,0,0.0,1,7,0,0.0,,1,0,0,0,,,none
100000000608031100,peripheral,0.4,16,0.1695,4-е колено: исходящие не собирались (обрыв выборки). Вход 30 000 ₸ от 1 плательщика. Конечным получателем не считаем. Похожие узлы 1-3 колена пересылают дальше в 27% случаев.,Периферия,,4,False,1,0,30000.0,0.0,1,0,0.0,0,7,0,0.0,,1,0,0,0,0.2693,cutoff_depth4,cutoff
100000001578517100,peripheral,0.9,4,0.1695,"Вход 30 000 ₸ от 1 плательщика, выход 0 ₸ 0 получателям. Пороги ролей не достигнуты, признаков роли нет.",Периферия,,2,False,1,0,30000.0,0.0,1,0,0.0,0,7,0,0.0,,1,0,0,0,,,none
100000002173070100,peripheral,0.9,4,0.1695,"Вход 30 000 ₸ от 1 плательщика, выход 0 ₸ 0 получателям. Пороги ролей не достигнуты, признаков роли нет.",Периферия,,2,False,1,0,30000.0,0.0,1,0,0.0,0,7,0,0.0,,1,0,0,0,,,none
100000002613776100,peripheral,0.9,3,0.1695,"Вход 30 000 ₸ от 1 плательщика, выход 0 ₸ 0 получателям. Пороги ролей не достигнуты, признаков роли нет.",Периферия,,2,False,1,0,30000.0,0.0,2,0,0.0,0,7,0,0.0,,1,0,0,0,,,none
100000002723674100,peripheral,0.4,22,0.1695,4-е колено: исходящие не собирались (обрыв выборки). Вход 30 000 ₸ от 1 плательщика. Конечным получателем не считаем. Похожие узлы 1-3 колена пересылают дальше в 27% случаев.,Периферия,,4,False,1,0,30000.0,0.0,1,0,0.0,0,7,0,0.0,,1,0,0,0,0.2693,cutoff_depth4,cutoff
100000003001138100,peripheral,0.4,29,0.1695,4-е колено: исходящие не собирались (обрыв выборки). Вход 30 000 ₸ от 1 плательщика. Конечным получателем не считаем. Похожие узлы 1-3 колена пересылают дальше в 27% случаев.,Периферия,,4,False,1,0,30000.0,0.0,1,0,0.0,0,7,0,0.0,,1,0,0,0,0.2693,cutoff_depth4,cutoff
100000003814002100,peripheral,0.9,7,0.1695,"Вход 30 000 ₸ от 1 плательщика, выход 0 ₸ 0 получателям. Пороги ролей не достигнуты, признаков роли нет.",Периферия,,3,False,1,0,30000.0,0.0,1,0,0.0,0,7,0,0.0,,1,0,0,0,,,none
100000003888527100,peripheral,0.9,43,0.1695,"Вход 30 000 ₸ от 1 плательщика, выход 0 ₸ 0 получателям. Пороги ролей не достигнуты, признаков роли нет.",Периферия,,3,False,1,0,30000.0,0.0,1,0,0.0,0,7,0,0.0,,1,0,0,0,,,none
100000004047887100,peripheral,0.4,40,0.1695,4-е колено: исходящие не собирались (обрыв выборки). Вход 30 000 ₸ от 1 плательщика. Конечным получателем не считаем. Похожие узлы 1-3 колена пересылают дальше в 27% случаев.,Периферия,,4,False,1,0,30000.0,0.0,1,0,0.0,0,7,0,0.0,,1,0,0,0,0.2693,cutoff_depth4,cutoff
100000004596284100,peripheral,0.4,4,0.1695,4-е колено: исходящие не собирались (обрыв выборки). Вход 30 000 ₸ от 1 плательщика. Конечным получателем не считаем. Похожие узлы 1-3 колена пересылают дальше в 27% случаев.,Периферия,,4,False,1,0,30000.0,0.0,1,0,0.0,0,7,0,0.0,,1,0,0,0,0.2693,cutoff_depth4,cutoff
100000005105153100,peripheral,0.9,2,0.1695,"Вход 30 000 ₸ от 1 плательщика, выход 0 ₸ 0 получателям. Пороги ролей не достигнуты, признаков роли нет.",Периферия,,2,False,1,0,30000.0,0.0,1,0,0.0,0,7,1,0.0,,1,0,0,0,,,none
100000005621418100,peripheral,0.4,27,0.1695,4-е колено: исходящие не собирались (обрыв выборки). Вход 30 000 ₸ от 1 плательщика. Конечным получателем не считаем. Похожие узлы 1-3 колена пересылают дальше в 27% случаев.,Периферия,,4,False,1,0,30000.0,0.0,1,0,0.0,0,7,0,0.0,,1,0,0,0,0.2693,cutoff_depth4,cutoff
100000006416061100,peripheral,0.4,6,0.1695,4-е колено: исходящие не собирались (обрыв выборки). Вход 30 000 ₸ от 1 плательщика. Конечным получателем не считаем. Похожие узлы 1-3 колена пересылают дальше в 27% случаев.,Периферия,,4,False,1,0,30000.0,0.0,1,0,0.0,0,7,0,0.0,,1,0,0,0,0.2693,cutoff_depth4,cutoff
100000008151098100,peripheral,0.4,27,0.1695,4-е колено: исходящие не собирались (обрыв выборки). Вход 30 000 ₸ от 1 плательщика. Конечным получателем не считаем. Похожие узлы 1-3 колена пересылают дальше в 27% случаев.,Периферия,,4,False,1,0,30000.0,0.0,1,0,0.0,0,7,0,0.0,,1,0,0,0,0.2693,cutoff_depth4,cutoff
100000008473765100,peripheral,0.9,6,0.1695,"Вход 30 000 ₸ от 1 плательщика, выход 0 ₸ 0 получателям. Пороги ролей не достигнуты, признаков роли нет.",Периферия,,3,False,1,0,30000.0,0.0,1,0,0.0,0,7,0,0.0,,1,0,0,0,,,none
100000001114385100,peripheral,0.9,3,0.1691,"Вход 29 500 ₸ от 1 плательщика, выход 0 ₸ 0 получателям. Пороги ролей не достигнуты, признаков роли нет.",Периферия,,2,False,1,0,29500.0,0.0,1,0,0.0,0,7,0,0.0,,1,0,0,0,,,none
100000002861485100,peripheral,0.9,4,0.169,"Вход 29 323 ₸ от 1 плательщика, выход 0 ₸ 0 получателям. Пороги ролей не достигнуты, признаков роли нет.",Периферия,,1,False,1,0,29323.0,0.0,1,0,0.0,1,7,0,0.0,,1,0,0,0,,,none
100000003040087100,peripheral,0.4,9,0.1687,4-е колено: исходящие не собирались (обрыв выборки). Вход 29 000 ₸ от 1 плательщика. Конечным получателем не считаем. Похожие узлы 1-3 колена пересылают дальше в 27% случаев.,Периферия,,4,False,1,0,29000.0,0.0,1,0,0.0,0,7,0,0.0,,1,0,0,0,0.2693,cutoff_depth4,cutoff
100000005362848100,peripheral,0.9,9,0.1687,"Вход 29 000 ₸ от 1 плательщика, выход 0 ₸ 0 получателям. Пороги ролей не достигнуты, признаков роли нет.",Периферия,,3,False,1,0,29000.0,0.0,1,0,0.0,0,7,0,0.0,,1,0,0,0,,,none
100000006523053100,peripheral,0.9,3,0.1683,"Вход 5 000 ₸ от 1 плательщика, выход 0 ₸ 0 получателям. Пороги ролей не достигнуты, признаков роли нет.",Периферия,,2,False,1,0,5000.0,0.0,1,0,0.0,0,10,0,0.0,,1,0,0,0,,,none
100000001270470100,peripheral,0.4,2,0.1682,4-е колено: исходящие не собирались (обрыв выборки). Вход 28 300 ₸ от 1 плательщика. Конечным получателем не считаем. Похожие узлы 1-3 колена пересылают дальше в 27% случаев.,Периферия,,4,False,1,0,28300.0,0.0,2,0,0.0,0,7,0,0.0,,1,0,0,0,0.2693,cutoff_depth4,cutoff
100000002506987100,peripheral,0.4,9,0.1681,4-е колено: исходящие не собирались (обрыв выборки). Вход 28 200 ₸ от 1 плательщика. Конечным получателем не считаем. Похожие узлы 1-3 колена пересылают дальше в 27% случаев.,Периферия,,4,False,1,0,28200.0,0.0,1,0,0.0,0,7,0,0.0,,1,0,0,0,0.2693,cutoff_depth4,cutoff
100000001782980100,peripheral,0.9,30,0.168,"Вход 50 000 ₸ от 1 плательщика, выход 596 200 ₸ 1 получателю. Пороги ролей не достигнуты, признаков роли нет. Отдаёт больше, чем получил в выборке: есть источники вне данных.",Периферия,,2,False,1,1,50000.0,596200.0,1,3,11.924,0,1,0,0.0,,1,0,0,0,,,none
100000007641183100,peripheral,0.9,4,0.1679,"Вход 28 000 ₸ от 1 плательщика, выход 0 ₸ 0 получателям. Пороги ролей не достигнуты, признаков роли нет.",Периферия,,1,False,1,0,28000.0,0.0,1,0,0.0,1,7,0,0.0,,1,0,0,0,,,none
100000008576528100,peripheral,0.9,7,0.1679,"Вход 28 000 ₸ от 1 плательщика, выход 0 ₸ 0 получателям. Пороги ролей не достигнуты, признаков роли нет.",Периферия,,3,False,1,0,28000.0,0.0,1,0,0.0,0,7,0,0.0,,1,0,0,0,,,none
100000004241142100,peripheral,0.4,2,0.1672,4-е колено: исходящие не собирались (обрыв выборки). Вход 27 102 ₸ от 1 плательщика. Конечным получателем не считаем. Похожие узлы 1-3 колена пересылают дальше в 27% случаев.,Периферия,,4,False,1,0,27102.0,0.0,1,0,0.0,0,7,0,0.0,,1,0,0,0,0.2693,cutoff_depth4,cutoff
100000003486846100,peripheral,0.4,4,0.1671,4-е колено: исходящие не собирались (обрыв выборки). Вход 27 000 ₸ от 1 плательщика. Конечным получателем не считаем. Похожие узлы 1-3 колена пересылают дальше в 27% случаев.,Периферия,,4,False,1,0,27000.0,0.0,2,0,0.0,0,7,0,0.0,,1,0,0,0,0.2693,cutoff_depth4,cutoff
100000004467157100,peripheral,0.9,35,0.1671,"Вход 20 000 ₸ от 1 плательщика, выход 7 000 ₸ 1 получателю. Пороги ролей не достигнуты, признаков роли нет.",Периферия,,2,False,1,1,20000.0,7000.0,3,1,0.35,0,7,0,0.0,,1,0,1,0,,mutual_transfers,none
100000004788983100,peripheral,0.4,2,0.1671,4-е колено: исходящие не собирались (обрыв выборки). Вход 27 000 ₸ от 1 плательщика. Конечным получателем не считаем. Похожие узлы 1-3 колена пересылают дальше в 27% случаев.,Периферия,,4,False,1,0,27000.0,0.0,1,0,0.0,0,7,0,0.0,,1,0,0,0,0.2693,cutoff_depth4,cutoff
100000002653187100,peripheral,0.4,12,0.1669,4-е колено: исходящие не собирались (обрыв выборки). Вход 15 000 ₸ от 1 плательщика. Конечным получателем не считаем. Похожие узлы 1-3 колена пересылают дальше в 27% случаев.,Периферия,,4,False,1,0,15000.0,0.0,1,0,0.0,0,8,0,0.0,,1,0,0,0,0.2693,cutoff_depth4,cutoff
100000004674389100,peripheral,0.4,10,0.1669,4-е колено: исходящие не собирались (обрыв выборки). Вход 15 000 ₸ от 1 плательщика. Конечным получателем не считаем. Похожие узлы 1-3 колена пересылают дальше в 27% случаев.,Периферия,,4,False,1,0,15000.0,0.0,1,0,0.0,0,8,0,0.0,,1,0,0,0,0.2693,cutoff_depth4,cutoff
100000003230328100,peripheral,0.4,2,0.1667,4-е колено: исходящие не собирались (обрыв выборки). Вход 26 572 ₸ от 3 плательщиков. Конечным получателем не считаем. Похожие узлы 1-3 колена пересылают дальше в 67% случаев.,Периферия,,4,False,3,0,26572.0,0.0,3,0,0.0,0,7,0,0.0,,1,0,0,0,0.6667,cutoff_depth4,cutoff
100000005589319100,peripheral,0.4,3,0.1662,4-е колено: исходящие не собирались (обрыв выборки). Вход 26 000 ₸ от 1 плательщика. Конечным получателем не считаем. Похожие узлы 1-3 колена пересылают дальше в 27% случаев.,Периферия,,4,False,1,0,26000.0,0.0,1,0,0.0,0,7,0,0.0,,1,0,0,0,0.2693,cutoff_depth4,cutoff
100000004741837100,peripheral,0.9,4,0.1659,"Вход 25 596 ₸ от 1 плательщика, выход 0 ₸ 0 получателям. Пороги ролей не достигнуты, признаков роли нет.",Периферия,,1,False,1,0,25596.0,0.0,1,0,0.0,1,7,0,0.0,,1,0,0,0,,,none
100000006443391100,peripheral,0.7,9,0.1658,"Вход 86 776 ₸ от 3 плательщиков, выход 60 042 ₸ 2 получателям. Пороги ролей не достигнуты, признаков роли нет.",Периферия,,1,False,3,2,86775.93,60041.71000000001,7,6,0.6919,1,1,0,0.0,0.8945,1,0,2,0,,fast_transit;mutual_transfers,none
100000002194329100,peripheral,0.9,2,0.1655,"Вход 25 170 ₸ от 1 плательщика, выход 0 ₸ 0 получателям. Пороги ролей не достигнуты, признаков роли нет.",Периферия,,3,False,1,0,25170.0,0.0,1,0,0.0,0,7,0,0.0,,1,0,0,0,,,none
100000004644615100,peripheral,0.9,10,0.1655,"Вход 50 810 ₸ от 1 плательщика, выход 379 665 ₸ 2 получателям. Пороги ролей не достигнуты, признаков роли нет. Отдаёт больше, чем получил в выборке: есть источники вне данных.",Периферия,,3,False,1,2,50810.0,379665.0,1,14,7.4722,0,1,0,0.0,0.0458,1,0,0,0,,,none
100000005532138100,peripheral,0.9,8,0.1654,"Вход 25 046 ₸ от 1 плательщика, выход 0 ₸ 0 получателям. Пороги ролей не достигнуты, признаков роли нет.",Периферия,,3,False,1,0,25046.0,0.0,1,0,0.0,0,7,0,0.0,,1,0,0,0,,,none
100000000404740100,peripheral,0.4,26,0.1653,4-е колено: исходящие не собирались (обрыв выборки). Вход 25 000 ₸ от 1 плательщика. Конечным получателем не считаем. Похожие узлы 1-3 колена пересылают дальше в 27% случаев.,Периферия,,4,False,1,0,25000.0,0.0,1,0,0.0,0,7,0,0.0,,1,0,0,0,0.2693,cutoff_depth4,cutoff
100000000560751100,peripheral,0.9,11,0.1653,"Вход 25 000 ₸ от 1 плательщика, выход 0 ₸ 0 получателям. Пороги ролей не достигнуты, признаков роли нет.",Периферия,,3,False,1,0,25000.0,0.0,1,0,0.0,0,7,0,0.0,,1,0,0,0,,,none
100000001130176100,peripheral,0.9,2,0.1653,"Вход 25 000 ₸ от 1 плательщика, выход 0 ₸ 0 получателям. Пороги ролей не достигнуты, признаков роли нет.",Периферия,,3,False,1,0,25000.0,0.0,2,0,0.0,0,7,0,0.0,,1,0,0,0,,,none
100000001598625100,peripheral,0.4,6,0.1653,4-е колено: исходящие не собирались (обрыв выборки). Вход 25 000 ₸ от 1 плательщика. Конечным получателем не считаем. Похожие узлы 1-3 колена пересылают дальше в 27% случаев.,Периферия,,4,False,1,0,25000.0,0.0,1,0,0.0,0,7,0,0.0,,1,0,0,0,0.2693,cutoff_depth4,cutoff
100000002229615100,peripheral,0.4,22,0.1653,4-е колено: исходящие не собирались (обрыв выборки). Вход 25 000 ₸ от 1 плательщика. Конечным получателем не считаем. Похожие узлы 1-3 колена пересылают дальше в 27% случаев.,Периферия,,4,False,1,0,25000.0,0.0,1,0,0.0,0,7,0,0.0,,1,0,0,0,0.2693,cutoff_depth4,cutoff
100000002369454100,peripheral,0.4,6,0.1653,4-е колено: исходящие не собирались (обрыв выборки). Вход 25 000 ₸ от 1 плательщика. Конечным получателем не считаем. Похожие узлы 1-3 колена пересылают дальше в 27% случаев.,Периферия,,4,False,1,0,25000.0,0.0,1,0,0.0,0,7,0,0.0,,1,0,0,0,0.2693,cutoff_depth4,cutoff
100000002708624100,peripheral,0.9,26,0.1653,"Вход 25 000 ₸ от 1 плательщика, выход 0 ₸ 0 получателям. Пороги ролей не достигнуты, признаков роли нет.",Периферия,,3,False,1,0,25000.0,0.0,1,0,0.0,0,7,0,0.0,,1,0,0,0,,,none
100000004291663100,peripheral,0.4,2,0.1653,4-е колено: исходящие не собирались (обрыв выборки). Вход 25 000 ₸ от 1 плательщика. Конечным получателем не считаем. Похожие узлы 1-3 колена пересылают дальше в 27% случаев.,Периферия,,4,False,1,0,25000.0,0.0,1,0,0.0,0,7,0,0.0,,1,0,0,0,0.2693,cutoff_depth4,cutoff
100000005661528100,peripheral,0.9,6,0.1653,"Вход 25 000 ₸ от 1 плательщика, выход 0 ₸ 0 получателям. Пороги ролей не достигнуты, признаков роли нет.",Периферия,,3,False,1,0,25000.0,0.0,1,0,0.0,0,7,0,0.0,,1,0,0,0,,,none
100000005809252100,peripheral,0.9,7,0.1653,"Вход 25 000 ₸ от 1 плательщика, выход 0 ₸ 0 получателям. Пороги ролей не достигнуты, признаков роли нет.",Периферия,,2,False,1,0,25000.0,0.0,1,0,0.0,0,7,1,0.0,,1,0,0,0,,,none
100000005932987100,peripheral,0.9,35,0.1653,"Вход 25 000 ₸ от 1 плательщика, выход 0 ₸ 0 получателям. Пороги ролей не достигнуты, признаков роли нет.",Периферия,,2,False,1,0,25000.0,0.0,3,0,0.0,0,7,0,0.0,,1,0,0,0,,,none
100000006919124100,peripheral,0.9,2,0.1653,"Вход 25 000 ₸ от 1 плательщика, выход 0 ₸ 0 получателям. Пороги ролей не достигнуты, признаков роли нет.",Периферия,,3,False,1,0,25000.0,0.0,1,0,0.0,0,7,0,0.0,,1,0,0,0,,,none
100000007487729100,peripheral,0.9,6,0.1653,"Вход 25 000 ₸ от 1 плательщика, выход 0 ₸ 0 получателям. Пороги ролей не достигнуты, признаков роли нет.",Периферия,,3,False,1,0,25000.0,0.0,1,0,0.0,0,7,0,0.0,,1,0,0,0,,,none
100000007863304100,peripheral,0.9,7,0.1653,"Вход 25 000 ₸ от 1 плательщика, выход 0 ₸ 0 получателям. Пороги ролей не достигнуты, признаков роли нет.",Периферия,,3,False,1,0,25000.0,0.0,1,0,0.0,0,7,0,0.0,,1,0,0,0,,,none
100000008071749100,peripheral,0.4,9,0.1653,4-е колено: исходящие не собирались (обрыв выборки). Вход 24 943 ₸ от 1 плательщика. Конечным получателем не считаем. Похожие узлы 1-3 колена пересылают дальше в 27% случаев.,Периферия,,4,False,1,0,24943.0,0.0,1,0,0.0,0,7,0,0.0,,1,0,0,0,0.2693,cutoff_depth4,cutoff
100000008502995100,peripheral,0.9,2,0.1653,"Вход 25 000 ₸ от 1 плательщика, выход 0 ₸ 0 получателям. Пороги ролей не достигнуты, признаков роли нет.",Периферия,,3,False,1,0,25000.0,0.0,2,0,0.0,0,7,0,0.0,,1,0,0,0,,,none
100000008588665100,peripheral,0.4,2,0.1653,4-е колено: исходящие не собирались (обрыв выборки). Вход 25 000 ₸ от 1 плательщика. Конечным получателем не считаем. Похожие узлы 1-3 колена пересылают дальше в 27% случаев.,Периферия,,4,False,1,0,25000.0,0.0,1,0,0.0,0,7,0,0.0,,1,0,0,0,0.2693,cutoff_depth4,cutoff
100000008686214100,peripheral,0.9,6,0.1653,"Вход 25 000 ₸ от 1 плательщика, выход 0 ₸ 0 получателям. Пороги ролей не достигнуты, признаков роли нет.",Периферия,,3,False,1,0,25000.0,0.0,1,0,0.0,0,7,0,0.0,,1,0,0,0,,,none
100000008710913100,peripheral,0.4,5,0.1653,4-е колено: исходящие не собирались (обрыв выборки). Вход 14 000 ₸ от 1 плательщика. Конечным получателем не считаем. Похожие узлы 1-3 колена пересылают дальше в 27% случаев.,Периферия,,4,False,1,0,14000.0,0.0,1,0,0.0,0,8,0,0.0,,1,0,0,0,0.2693,cutoff_depth4,cutoff
100000002554175100,peripheral,0.9,9,0.165,"Вход 24 621 ₸ от 1 плательщика, выход 0 ₸ 0 получателям. Пороги ролей не достигнуты, признаков роли нет.",Периферия,,3,False,1,0,24621.0,0.0,1,0,0.0,0,7,0,0.0,,1,0,0,0,,,none
100000005709551100,peripheral,0.9,11,0.1649,"Вход 24 560 ₸ от 1 плательщика, выход 0 ₸ 0 получателям. Пороги ролей не достигнуты, признаков роли нет.",Периферия,,3,False,1,0,24560.0,0.0,1,0,0.0,0,7,0,0.0,,1,0,0,0,,,none
100000002646887100,peripheral,0.9,5,0.1647,"Вход 24 354 ₸ от 1 плательщика, выход 0 ₸ 0 получателям. Пороги ролей не достигнуты, признаков роли нет.",Периферия,,3,False,1,0,24354.0,0.0,1,0,0.0,0,7,0,0.0,,1,0,0,0,,,none
100000001677929100,peripheral,0.7,8,0.1646,"Вход 126 777 ₸ от 3 плательщиков, выход 286 098 ₸ 2 получателям. Пороги ролей не достигнуты, признаков роли нет. Отдаёт больше, чем получил в выборке: есть источники вне данных.",Периферия,,2,False,3,2,126777.0,286098.0,3,4,2.2567,0,1,0,0.0,0.2705,1,0,2,0,,mutual_transfers,none
100000005342513100,peripheral,0.9,1,0.1646,"Вход 235 000 ₸ от 1 плательщика, выход 30 000 ₸ 1 получателю. Пороги ролей не достигнуты, признаков роли нет.",Периферия,,3,False,1,1,235000.0,30000.0,2,1,0.1277,0,1,0,0.0,1.0,1,0,1,0,,fast_transit;mutual_transfers,none
100000008601794100,peripheral,0.8,56,0.1646,"seed. Вход 494 400 ₸ от 2 плательщиков, выход 871 400 ₸ 1 получателю. Пороги ролей не достигнуты, признаков роли нет.",Периферия,,0,True,2,1,494400.0,871400.0,8,13,1.7625,0,0,0,0.0,0.2311,1,1,1,0,,seed;cycle;mutual_transfers,none
100000000634341100,peripheral,0.4,2,0.1644,4-е колено: исходящие не собирались (обрыв выборки). Вход 24 000 ₸ от 1 плательщика. Конечным получателем не считаем. Похожие узлы 1-3 колена пересылают дальше в 27% случаев.,Периферия,,4,False,1,0,24000.0,0.0,2,0,0.0,0,7,0,0.0,,1,0,0,0,0.2693,cutoff_depth4,cutoff
100000003166755100,peripheral,0.9,3,0.1644,"Вход 24 010 ₸ от 1 плательщика, выход 0 ₸ 0 получателям. Пороги ролей не достигнуты, признаков роли нет.",Периферия,,2,False,1,0,24010.0,0.0,1,0,0.0,0,7,0,0.0,,1,0,0,0,,,none
100000005497148100,peripheral,0.4,7,0.1644,4-е колено: исходящие не собирались (обрыв выборки). Вход 24 000 ₸ от 1 плательщика. Конечным получателем не считаем. Похожие узлы 1-3 колена пересылают дальше в 27% случаев.,Периферия,,4,False,1,0,24000.0,0.0,2,0,0.0,0,7,0,0.0,,1,0,0,0,0.2693,cutoff_depth4,cutoff
100000008454065100,peripheral,0.9,14,0.1644,"Вход 24 050 ₸ от 1 плательщика, выход 0 ₸ 0 получателям. Пороги ролей не достигнуты, признаков роли нет.",Периферия,,3,False,1,0,24050.0,0.0,1,0,0.0,0,7,0,0.0,,1,0,0,0,,,none
100000008474308100,peripheral,0.9,2,0.1644,"Вход 14 000 ₸ от 1 плательщика, выход 10 000 ₸ 1 получателю. Пороги ролей не достигнуты, признаков роли нет.",Периферия,,2,False,1,1,14000.0,10000.0,2,1,0.7143,0,7,0,0.0,,1,0,1,0,,mutual_transfers,none
100000001280798100,peripheral,0.9,9,0.1642,"Вход 23 785 ₸ от 1 плательщика, выход 0 ₸ 0 получателям. Пороги ролей не достигнуты, признаков роли нет.",Периферия,,3,False,1,0,23785.0,0.0,1,0,0.0,0,7,0,0.0,,1,0,0,0,,,none
100000001262647100,peripheral,0.9,15,0.1641,"Вход 23 650 ₸ от 1 плательщика, выход 0 ₸ 0 получателям. Пороги ролей не достигнуты, признаков роли нет.",Периферия,,2,False,1,0,23650.0,0.0,1,0,0.0,0,7,0,0.0,,1,0,0,0,,,none
100000002948492100,peripheral,0.9,14,0.1641,"Вход 23 660 ₸ от 1 плательщика, выход 0 ₸ 0 получателям. Пороги ролей не достигнуты, признаков роли нет.",Периферия,,3,False,1,0,23660.0,0.0,1,0,0.0,0,7,0,0.0,,1,0,0,0,,,none
100000003095610100,peripheral,0.9,9,0.1641,"Вход 23 665 ₸ от 1 плательщика, выход 0 ₸ 0 получателям. Пороги ролей не достигнуты, признаков роли нет.",Периферия,,3,False,1,0,23665.0,0.0,1,0,0.0,0,7,0,0.0,,1,0,0,0,,,none
100000003900547100,peripheral,0.9,4,0.1641,"Вход 23 700 ₸ от 1 плательщика, выход 0 ₸ 0 получателям. Пороги ролей не достигнуты, признаков роли нет.",Периферия,,1,False,1,0,23700.0,0.0,1,0,0.0,1,7,0,0.0,,1,0,0,0,,,none
100000003173783100,peripheral,0.4,31,0.1639,4-е колено: исходящие не собирались (обрыв выборки). Вход 23 500 ₸ от 1 плательщика. Конечным получателем не считаем. Похожие узлы 1-3 колена пересылают дальше в 27% случаев.,Периферия,,4,False,1,0,23500.0,0.0,2,0,0.0,0,7,0,0.0,,1,0,0,0,0.2693,cutoff_depth4,cutoff
100000001248999100,peripheral,0.9,16,0.1638,"Вход 23 425 ₸ от 1 плательщика, выход 0 ₸ 0 получателям. Пороги ролей не достигнуты, признаков роли нет.",Периферия,,3,False,1,0,23425.0,0.0,1,0,0.0,0,7,0,0.0,,1,0,0,0,,,none
100000007999728100,peripheral,0.9,14,0.1637,"Вход 23 250 ₸ от 1 плательщика, выход 0 ₸ 0 получателям. Пороги ролей не достигнуты, признаков роли нет.",Периферия,,3,False,1,0,23250.0,0.0,1,0,0.0,0,7,0,0.0,,1,0,0,0,,,none
100000002871199100,peripheral,0.9,14,0.1636,"Вход 23 186 ₸ от 1 плательщика, выход 0 ₸ 0 получателям. Пороги ролей не достигнуты, признаков роли нет.",Периферия,,3,False,1,0,23186.0,0.0,1,0,0.0,0,7,0,0.0,,1,0,0,0,,,none
100000001550419100,peripheral,0.9,14,0.1634,"Вход 23 000 ₸ от 1 плательщика, выход 0 ₸ 0 получателям. Пороги ролей не достигнуты, признаков роли нет.",Периферия,,3,False,1,0,23000.0,0.0,1,0,0.0,0,7,0,0.0,,1,0,0,0,,,none
100000003039473100,peripheral,0.9,4,0.1634,"Вход 23 000 ₸ от 1 плательщика, выход 0 ₸ 0 получателям. Пороги ролей не достигнуты, признаков роли нет.",Периферия,,2,False,1,0,23000.0,0.0,1,0,0.0,0,7,0,0.0,,1,0,0,0,,,none
100000004635886100,peripheral,0.9,4,0.1634,"Вход 23 000 ₸ от 1 плательщика, выход 0 ₸ 0 получателям. Пороги ролей не достигнуты, признаков роли нет.",Периферия,,3,False,1,0,23000.0,0.0,1,0,0.0,0,7,0,0.0,,1,0,0,0,,,none
100000001969496100,peripheral,0.9,14,0.1632,"Вход 22 740 ₸ от 1 плательщика, выход 0 ₸ 0 получателям. Пороги ролей не достигнуты, признаков роли нет.",Периферия,,3,False,1,0,22740.0,0.0,1,0,0.0,0,7,0,0.0,,1,0,0,0,,,none
100000004611571100,peripheral,0.9,2,0.163,"Вход 22 550 ₸ от 1 плательщика, выход 0 ₸ 0 получателям. Пороги ролей не достигнуты, признаков роли нет.",Периферия,,3,False,1,0,22550.0,0.0,1,0,0.0,0,7,0,0.0,,1,0,0,0,,,none
100000002481735100,peripheral,0.9,4,0.1628,"Вход 22 436 ₸ от 1 плательщика, выход 0 ₸ 0 получателям. Пороги ролей не достигнуты, признаков роли нет.",Периферия,,2,False,1,0,22436.0,0.0,2,0,0.0,0,7,0,0.0,,1,0,0,0,,,none
100000002796853100,peripheral,0.9,63,0.1628,"Вход 199 000 ₸ от 1 плательщика, выход 46 168 ₸ 1 получателю. Пороги ролей не достигнуты, признаков роли нет.",Периферия,,2,False,1,1,199000.0,46167.62,8,5,0.232,0,1,0,0.0,0.8917,1,0,1,0,,fast_transit;mutual_transfers,none
100000007536804100,peripheral,0.9,8,0.1627,"Вход 100 000 ₸ от 1 плательщика, выход 55 000 ₸ 2 получателям. Пороги ролей не достигнуты, признаков роли нет.",Периферия,,1,False,1,2,100000.0,55000.0,1,2,0.55,1,1,0,0.0,0.8182,1,0,0,0,,fast_transit,none
100000002534091100,peripheral,0.9,6,0.1626,"Вход 22 200 ₸ от 1 плательщика, выход 0 ₸ 0 получателям. Пороги ролей не достигнуты, признаков роли нет.",Периферия,,3,False,1,0,22200.0,0.0,1,0,0.0,0,7,0,0.0,,1,0,0,0,,,none
100000006989232100,peripheral,0.9,2,0.1626,"Вход 22 194 ₸ от 1 плательщика, выход 0 ₸ 0 получателям. Пороги ролей не достигнуты, признаков роли нет.",Периферия,,3,False,1,0,22194.0,0.0,1,0,0.0,0,7,0,0.0,,1,0,0,0,,,none
100000005939154100,peripheral,0.9,4,0.1624,"Вход 22 000 ₸ от 1 плательщика, выход 0 ₸ 0 получателям. Пороги ролей не достигнуты, признаков роли нет.",Периферия,,2,False,1,0,22000.0,0.0,2,0,0.0,0,7,0,0.0,,1,0,0,0,,,none
100000000967918100,peripheral,0.9,2,0.1615,"Вход 21 200 ₸ от 1 плательщика, выход 0 ₸ 0 получателям. Пороги ролей не достигнуты, признаков роли нет.",Периферия,,2,False,1,0,21200.0,0.0,3,0,0.0,0,7,0,0.0,,1,0,0,0,,,none
100000003500764100,peripheral,0.4,16,0.1613,4-е колено: исходящие не собирались (обрыв выборки). Вход 21 000 ₸ от 1 плательщика. Конечным получателем не считаем. Похожие узлы 1-3 колена пересылают дальше в 27% случаев.,Периферия,,4,False,1,0,21000.0,0.0,1,0,0.0,0,7,0,0.0,,1,0,0,0,0.2693,cutoff_depth4,cutoff
100000006844004100,peripheral,0.9,3,0.1609,"Вход 20 600 ₸ от 1 плательщика, выход 0 ₸ 0 получателям. Пороги ролей не достигнуты, признаков роли нет.",Периферия,,3,False,1,0,20600.0,0.0,1,0,0.0,0,7,0,0.0,,1,0,0,0,,,none
100000001286703100,peripheral,0.4,40,0.1608,4-е колено: исходящие не собирались (обрыв выборки). Вход 20 500 ₸ от 1 плательщика. Конечным получателем не считаем. Похожие узлы 1-3 колена пересылают дальше в 27% случаев.,Периферия,,4,False,1,0,20500.0,0.0,1,0,0.0,0,7,0,0.0,,1,0,0,0,0.2693,cutoff_depth4,cutoff
100000005316708100,peripheral,0.9,8,0.1606,"Вход 90 000 ₸ от 1 плательщика, выход 257 500 ₸ 2 получателям. Пороги ролей не достигнуты, признаков роли нет. Отдаёт больше, чем получил в выборке: есть источники вне данных.",Периферия,,1,False,1,2,90000.0,257500.0,1,4,2.8611,1,1,0,0.0,,1,0,0,0,,,none
100000000673915100,peripheral,0.4,37,0.1604,4-е колено: исходящие не собирались (обрыв выборки). Вход 20 200 ₸ от 1 плательщика. Конечным получателем не считаем. Похожие узлы 1-3 колена пересылают дальше в 27% случаев.,Периферия,,4,False,1,0,20200.0,0.0,1,0,0.0,0,7,0,0.0,,1,0,0,0,0.2693,cutoff_depth4,cutoff
100000004616845100,peripheral,0.4,57,0.1604,4-е колено: исходящие не собирались (обрыв выборки). Вход 20 200 ₸ от 1 плательщика. Конечным получателем не считаем. Похожие узлы 1-3 колена пересылают дальше в 27% случаев.,Периферия,,4,False,1,0,20200.0,0.0,2,0,0.0,0,7,0,0.0,,1,0,0,0,0.2693,cutoff_depth4,cutoff
100000000425407100,peripheral,0.9,3,0.1602,"Вход 20 000 ₸ от 1 плательщика, выход 0 ₸ 0 получателям. Пороги ролей не достигнуты, признаков роли нет.",Периферия,,2,False,1,0,20000.0,0.0,1,0,0.0,0,7,0,0.0,,1,0,0,0,,,none
100000000500040100,peripheral,0.4,2,0.1602,4-е колено: исходящие не собирались (обрыв выборки). Вход 20 000 ₸ от 1 плательщика. Конечным получателем не считаем. Похожие узлы 1-3 колена пересылают дальше в 27% случаев.,Периферия,,4,False,1,0,20000.0,0.0,1,0,0.0,0,7,0,0.0,,1,0,0,0,0.2693,cutoff_depth4,cutoff
100000000655469100,peripheral,0.4,22,0.1602,4-е колено: исходящие не собирались (обрыв выборки). Вход 20 000 ₸ от 1 плательщика. Конечным получателем не считаем. Похожие узлы 1-3 колена пересылают дальше в 27% случаев.,Периферия,,4,False,1,0,20000.0,0.0,2,0,0.0,0,7,0,0.0,,1,0,0,0,0.2693,cutoff_depth4,cutoff
100000001275557100,peripheral,0.4,23,0.1602,4-е колено: исходящие не собирались (обрыв выборки). Вход 20 000 ₸ от 1 плательщика. Конечным получателем не считаем. Похожие узлы 1-3 колена пересылают дальше в 27% случаев.,Периферия,,4,False,1,0,20000.0,0.0,1,0,0.0,0,7,0,0.0,,1,0,0,0,0.2693,cutoff_depth4,cutoff
100000001420847100,peripheral,0.9,17,0.1602,"Вход 20 000 ₸ от 1 плательщика, выход 0 ₸ 0 получателям. Пороги ролей не достигнуты, признаков роли нет.",Периферия,,2,False,1,0,20000.0,0.0,2,0,0.0,0,7,0,0.0,,1,0,0,0,,,none
100000001845505100,peripheral,0.4,6,0.1602,4-е колено: исходящие не собирались (обрыв выборки). Вход 20 000 ₸ от 1 плательщика. Конечным получателем не считаем. Похожие узлы 1-3 колена пересылают дальше в 27% случаев.,Периферия,,4,False,1,0,20000.0,0.0,1,0,0.0,0,7,0,0.0,,1,0,0,0,0.2693,cutoff_depth4,cutoff
100000002227989100,peripheral,0.4,22,0.1602,4-е колено: исходящие не собирались (обрыв выборки). Вход 20 000 ₸ от 1 плательщика. Конечным получателем не считаем. Похожие узлы 1-3 колена пересылают дальше в 27% случаев.,Периферия,,4,False,1,0,20000.0,0.0,1,0,0.0,0,7,0,0.0,,1,0,0,0,0.2693,cutoff_depth4,cutoff
100000002305477100,peripheral,0.4,22,0.1602,4-е колено: исходящие не собирались (обрыв выборки). Вход 20 000 ₸ от 1 плательщика. Конечным получателем не считаем. Похожие узлы 1-3 колена пересылают дальше в 27% случаев.,Периферия,,4,False,1,0,20000.0,0.0,1,0,0.0,0,7,0,0.0,,1,0,0,0,0.2693,cutoff_depth4,cutoff
100000002459164100,peripheral,0.9,2,0.1602,"Вход 20 000 ₸ от 1 плательщика, выход 0 ₸ 0 получателям. Пороги ролей не достигнуты, признаков роли нет.",Периферия,,3,False,1,0,20000.0,0.0,1,0,0.0,0,7,0,0.0,,1,0,0,0,,,none
100000002546921100,peripheral,0.9,14,0.1602,"Вход 20 000 ₸ от 1 плательщика, выход 0 ₸ 0 получателям. Пороги ролей не достигнуты, признаков роли нет.",Периферия,,3,False,1,0,20000.0,0.0,1,0,0.0,0,7,0,0.0,,1,0,0,0,,,none
100000002578653100,peripheral,0.9,48,0.1602,"Вход 20 000 ₸ от 1 плательщика, выход 0 ₸ 0 получателям. Пороги ролей не достигнуты, признаков роли нет.",Периферия,,3,False,1,0,20000.0,0.0,1,0,0.0,0,7,1,0.0,,1,0,0,0,,,none
100000002748511100,peripheral,0.4,4,0.1602,4-е колено: исходящие не собирались (обрыв выборки). Вход 20 000 ₸ от 1 плательщика. Конечным получателем не считаем. Похожие узлы 1-3 колена пересылают дальше в 27% случаев.,Периферия,,4,False,1,0,20000.0,0.0,1,0,0.0,0,7,0,0.0,,1,0,0,0,0.2693,cutoff_depth4,cutoff
100000003177533100,peripheral,0.4,6,0.1602,4-е колено: исходящие не собирались (обрыв выборки). Вход 20 000 ₸ от 1 плательщика. Конечным получателем не считаем. Похожие узлы 1-3 колена пересылают дальше в 27% случаев.,Периферия,,4,False,1,0,20000.0,0.0,3,0,0.0,0,7,0,0.0,,1,0,0,0,0.2693,cutoff_depth4,cutoff
100000003370425100,peripheral,0.4,11,0.1602,4-е колено: исходящие не собирались (обрыв выборки). Вход 20 000 ₸ от 1 плательщика. Конечным получателем не считаем. Похожие узлы 1-3 колена пересылают дальше в 27% случаев.,Периферия,,4,False,1,0,20000.0,0.0,1,0,0.0,0,7,0,0.0,,1,0,0,0,0.2693,cutoff_depth4,cutoff
100000003594472100,peripheral,0.9,32,0.1602,"Вход 20 000 ₸ от 1 плательщика, выход 0 ₸ 0 получателям. Пороги ролей не достигнуты, признаков роли нет.",Периферия,,3,False,1,0,20000.0,0.0,1,0,0.0,0,7,0,0.0,,1,0,0,0,,,none
100000004070530100,peripheral,0.4,40,0.1602,4-е колено: исходящие не собирались (обрыв выборки). Вход 20 000 ₸ от 1 плательщика. Конечным получателем не считаем. Похожие узлы 1-3 колена пересылают дальше в 27% случаев.,Периферия,,4,False,1,0,20000.0,0.0,1,0,0.0,0,7,0,0.0,,1,0,0,0,0.2693,cutoff_depth4,cutoff
100000004350094100,peripheral,0.4,17,0.1602,4-е колено: исходящие не собирались (обрыв выборки). Вход 20 000 ₸ от 1 плательщика. Конечным получателем не считаем. Похожие узлы 1-3 колена пересылают дальше в 27% случаев.,Периферия,,4,False,1,0,20000.0,0.0,1,0,0.0,0,7,0,0.0,,1,0,0,0,0.2693,cutoff_depth4,cutoff
100000004629688100,peripheral,0.9,15,0.1602,"Вход 5 000 ₸ от 1 плательщика, выход 15 000 ₸ 1 получателю. Пороги ролей не достигнуты, признаков роли нет. Отдаёт больше, чем получил в выборке: есть источники вне данных.",Периферия,,3,False,1,1,5000.0,15000.0,1,2,3.0,0,7,0,0.0,,1,0,1,0,,mutual_transfers,none
100000004674178100,peripheral,0.4,26,0.1602,4-е колено: исходящие не собирались (обрыв выборки). Вход 20 000 ₸ от 1 плательщика. Конечным получателем не считаем. Похожие узлы 1-3 колена пересылают дальше в 27% случаев.,Периферия,,4,False,1,0,20000.0,0.0,1,0,0.0,0,7,0,0.0,,1,0,0,0,0.2693,cutoff_depth4,cutoff
100000004687282100,peripheral,0.9,4,0.1602,"Вход 20 000 ₸ от 1 плательщика, выход 0 ₸ 0 получателям. Пороги ролей не достигнуты, признаков роли нет.",Периферия,,2,False,1,0,20000.0,0.0,1,0,0.0,0,7,0,0.0,,1,0,0,0,,,none
100000004791226100,peripheral,0.4,2,0.1602,4-е колено: исходящие не собирались (обрыв выборки). Вход 20 000 ₸ от 1 плательщика. Конечным получателем не считаем. Похожие узлы 1-3 колена пересылают дальше в 27% случаев.,Периферия,,4,False,1,0,20000.0,0.0,1,0,0.0,0,7,0,0.0,,1,0,0,0,0.2693,cutoff_depth4,cutoff
100000004856746100,peripheral,0.4,35,0.1602,4-е колено: исходящие не собирались (обрыв выборки). Вход 20 000 ₸ от 1 плательщика. Конечным получателем не считаем. Похожие узлы 1-3 колена пересылают дальше в 27% случаев.,Периферия,,4,False,1,0,20000.0,0.0,1,0,0.0,0,7,0,0.0,,1,0,0,0,0.2693,cutoff_depth4,cutoff
100000004988240100,peripheral,0.4,2,0.1602,4-е колено: исходящие не собирались (обрыв выборки). Вход 20 000 ₸ от 1 плательщика. Конечным получателем не считаем. Похожие узлы 1-3 колена пересылают дальше в 27% случаев.,Периферия,,4,False,1,0,20000.0,0.0,1,0,0.0,0,7,0,0.0,,1,0,0,0,0.2693,cutoff_depth4,cutoff
100000006512787100,peripheral,0.4,2,0.1602,4-е колено: исходящие не собирались (обрыв выборки). Вход 20 000 ₸ от 1 плательщика. Конечным получателем не считаем. Похожие узлы 1-3 колена пересылают дальше в 27% случаев.,Периферия,,4,False,1,0,20000.0,0.0,2,0,0.0,0,7,0,0.0,,1,0,0,0,0.2693,cutoff_depth4,cutoff
100000006787636100,peripheral,0.9,4,0.1602,"Вход 20 000 ₸ от 1 плательщика, выход 0 ₸ 0 получателям. Пороги ролей не достигнуты, признаков роли нет.",Периферия,,2,False,1,0,20000.0,0.0,1,0,0.0,0,7,0,0.0,,1,0,0,0,,,none
100000006918814100,peripheral,0.4,3,0.1602,4-е колено: исходящие не собирались (обрыв выборки). Вход 20 000 ₸ от 1 плательщика. Конечным получателем не считаем. Похожие узлы 1-3 колена пересылают дальше в 27% случаев.,Периферия,,4,False,1,0,20000.0,0.0,2,0,0.0,0,7,0,0.0,,1,0,0,0,0.2693,cutoff_depth4,cutoff
100000007988344100,peripheral,0.4,2,0.1602,4-е колено: исходящие не собирались (обрыв выборки). Вход 20 000 ₸ от 1 плательщика. Конечным получателем не считаем. Похожие узлы 1-3 колена пересылают дальше в 27% случаев.,Периферия,,4,False,1,0,20000.0,0.0,3,0,0.0,0,7,0,0.0,,1,0,0,0,0.2693,cutoff_depth4,cutoff
100000008416433100,peripheral,0.9,14,0.1602,"Вход 20 000 ₸ от 1 плательщика, выход 0 ₸ 0 получателям. Пороги ролей не достигнуты, признаков роли нет.",Периферия,,3,False,1,0,20000.0,0.0,1,0,0.0,0,7,0,0.0,,1,0,0,0,,,none
100000008471634100,peripheral,0.4,26,0.1602,4-е колено: исходящие не собирались (обрыв выборки). Вход 20 000 ₸ от 1 плательщика. Конечным получателем не считаем. Похожие узлы 1-3 колена пересылают дальше в 27% случаев.,Периферия,,4,False,1,0,20000.0,0.0,1,0,0.0,0,7,0,0.0,,1,0,0,0,0.2693,cutoff_depth4,cutoff
100000008474391100,peripheral,0.9,23,0.1602,"Вход 20 000 ₸ от 1 плательщика, выход 0 ₸ 0 получателям. Пороги ролей не достигнуты, признаков роли нет.",Периферия,,3,False,1,0,20000.0,0.0,1,0,0.0,0,7,0,0.0,,1,0,0,0,,,none
100000008629504100,peripheral,0.4,2,0.1602,4-е колено: исходящие не собирались (обрыв выборки). Вход 20 000 ₸ от 1 плательщика. Конечным получателем не считаем. Похожие узлы 1-3 колена пересылают дальше в 27% случаев.,Периферия,,4,False,1,0,20000.0,0.0,1,0,0.0,0,7,0,0.0,,1,0,0,0,0.2693,cutoff_depth4,cutoff
100000008682426100,peripheral,0.9,14,0.1602,"Вход 20 000 ₸ от 1 плательщика, выход 0 ₸ 0 получателям. Пороги ролей не достигнуты, признаков роли нет.",Периферия,,3,False,1,0,20000.0,0.0,1,0,0.0,0,7,0,0.0,,1,0,0,0,,,none
100000004445291100,peripheral,0.9,26,0.1596,"Вход 19 500 ₸ от 1 плательщика, выход 0 ₸ 0 получателям. Пороги ролей не достигнуты, признаков роли нет.",Периферия,,3,False,1,0,19500.0,0.0,2,0,0.0,0,7,0,0.0,,1,0,0,0,,,none
100000008066326100,peripheral,0.9,2,0.1594,"Вход 19 320 ₸ от 1 плательщика, выход 0 ₸ 0 получателям. Пороги ролей не достигнуты, признаков роли нет.",Периферия,,1,False,1,0,19320.0,0.0,1,0,0.0,1,7,0,0.0,,1,0,0,0,,,none
100000001298099100,peripheral,0.9,9,0.159,"Вход 19 000 ₸ от 1 плательщика, выход 0 ₸ 0 получателям. Пороги ролей не достигнуты, признаков роли нет.",Периферия,,3,False,1,0,19000.0,0.0,1,0,0.0,0,7,0,0.0,,1,0,0,0,,,none
100000003635660100,peripheral,0.9,2,0.159,"Вход 18 985 ₸ от 1 плательщика, выход 0 ₸ 0 получателям. Пороги ролей не достигнуты, признаков роли нет.",Периферия,,3,False,1,0,18985.0,0.0,1,0,0.0,0,7,0,0.0,,1,0,0,0,,,none
100000003977183100,peripheral,0.8,8,0.1588,"seed. Вход 123 800 ₸ от 2 плательщиков, выход 766 000 ₸ 4 получателям. Пороги ролей не достигнуты, признаков роли нет.",Периферия,,0,True,2,4,123800.0,766000.0,2,6,6.1874,1,1,0,0.0,0.2115,1,0,1,0,,seed;mutual_transfers,none
100000004698193100,peripheral,0.8,8,0.1586,"Вход 222 700 ₸ от 2 плательщиков, выход 38 000 ₸ 3 получателям. Пороги ролей не достигнуты, признаков роли нет.",Периферия,,2,False,2,3,222700.0,38000.0,15,5,0.1706,0,1,0,0.0,0.3158,1,0,1,0,,mutual_transfers,none
100000002479804100,peripheral,0.9,3,0.1585,"Вход 46 000 ₸ от 1 плательщика, выход 35 300 ₸ 2 получателям. Пороги ролей не достигнуты, признаков роли нет.",Периферия,,1,False,1,2,46000.0,35300.0,1,2,0.7674,1,1,0,0.0,0.6516,1,0,0,0,,fast_transit,none
100000002893020100,peripheral,0.9,9,0.1582,"Вход 18 340 ₸ от 1 плательщика, выход 0 ₸ 0 получателям. Пороги ролей не достигнуты, признаков роли нет.",Периферия,,3,False,1,0,18340.0,0.0,1,0,0.0,0,7,0,0.0,,1,0,0,0,,,none
100000000795033100,peripheral,0.9,2,0.158,"Вход 18 200 ₸ от 1 плательщика, выход 0 ₸ 0 получателям. Пороги ролей не достигнуты, признаков роли нет.",Периферия,,2,False,1,0,18200.0,0.0,1,0,0.0,0,7,0,0.0,,1,0,0,0,,,none
100000001130553100,peripheral,0.4,7,0.1578,4-е колено: исходящие не собирались (обрыв выборки). Вход 18 000 ₸ от 1 плательщика. Конечным получателем не считаем. Похожие узлы 1-3 колена пересылают дальше в 27% случаев.,Периферия,,4,False,1,0,18000.0,0.0,2,0,0.0,0,7,1,0.0,,1,0,0,0,0.2693,cutoff_depth4,cutoff
100000002748040100,peripheral,0.4,9,0.1578,4-е колено: исходящие не собирались (обрыв выборки). Вход 18 000 ₸ от 1 плательщика. Конечным получателем не считаем. Похожие узлы 1-3 колена пересылают дальше в 27% случаев.,Периферия,,4,False,1,0,18000.0,0.0,1,0,0.0,0,7,0,0.0,,1,0,0,0,0.2693,cutoff_depth4,cutoff
100000005059998100,peripheral,0.9,3,0.1578,"Вход 18 000 ₸ от 1 плательщика, выход 0 ₸ 0 получателям. Пороги ролей не достигнуты, признаков роли нет.",Периферия,,2,False,1,0,18000.0,0.0,1,0,0.0,0,7,0,0.0,,1,0,0,0,,,none
100000006882208100,peripheral,0.9,4,0.1578,"Вход 18 000 ₸ от 1 плательщика, выход 0 ₸ 0 получателям. Пороги ролей не достигнуты, признаков роли нет.",Периферия,,3,False,1,0,18000.0,0.0,1,0,0.0,0,7,0,0.0,,1,0,0,0,,,none
100000002514975100,peripheral,0.4,27,0.1577,4-е колено: исходящие не собирались (обрыв выборки). Вход 17 920 ₸ от 1 плательщика. Конечным получателем не считаем. Похожие узлы 1-3 колена пересылают дальше в 27% случаев.,Периферия,,4,False,1,0,17920.0,0.0,1,0,0.0,0,7,0,0.0,,1,0,0,0,0.2693,cutoff_depth4,cutoff
100000003943483100,peripheral,0.9,12,0.1576,"Вход 10 000 ₸ от 1 плательщика, выход 0 ₸ 0 получателям. Пороги ролей не достигнуты, признаков роли нет.",Периферия,,2,False,1,0,10000.0,0.0,1,0,0.0,0,8,0,0.0,,1,0,0,0,,,none
100000004456564100,peripheral,0.9,14,0.1576,"Вход 10 000 ₸ от 1 плательщика, выход 0 ₸ 0 получателям. Пороги ролей не достигнуты, признаков роли нет.",Периферия,,2,False,1,0,10000.0,0.0,2,0,0.0,0,8,0,0.0,,1,0,0,0,,,none
100000005032294100,peripheral,0.9,14,0.1576,"Вход 10 000 ₸ от 1 плательщика, выход 0 ₸ 0 получателям. Пороги ролей не достигнуты, признаков роли нет.",Периферия,,2,False,1,0,10000.0,0.0,1,0,0.0,0,8,0,0.0,,1,0,0,0,,,none
100000005941908100,peripheral,0.9,14,0.1576,"Вход 10 000 ₸ от 1 плательщика, выход 0 ₸ 0 получателям. Пороги ролей не достигнуты, признаков роли нет.",Периферия,,3,False,1,0,10000.0,0.0,1,0,0.0,0,8,0,0.0,,1,0,0,0,,,none
100000008758106100,peripheral,0.4,5,0.1576,4-е колено: исходящие не собирались (обрыв выборки). Вход 10 000 ₸ от 1 плательщика. Конечным получателем не считаем. Похожие узлы 1-3 колена пересылают дальше в 27% случаев.,Периферия,,4,False,1,0,10000.0,0.0,1,0,0.0,0,8,0,0.0,,1,0,0,0,0.2693,cutoff_depth4,cutoff
100000008761132100,peripheral,0.4,5,0.1576,4-е колено: исходящие не собирались (обрыв выборки). Вход 10 000 ₸ от 1 плательщика. Конечным получателем не считаем. Похожие узлы 1-3 колена пересылают дальше в 27% случаев.,Периферия,,4,False,1,0,10000.0,0.0,1,0,0.0,0,8,0,0.0,,1,0,0,0,0.2693,cutoff_depth4,cutoff
100000008761220100,peripheral,0.4,5,0.1576,4-е колено: исходящие не собирались (обрыв выборки). Вход 10 000 ₸ от 1 плательщика. Конечным получателем не считаем. Похожие узлы 1-3 колена пересылают дальше в 27% случаев.,Периферия,,4,False,1,0,10000.0,0.0,1,0,0.0,0,8,0,0.0,,1,0,0,0,0.2693,cutoff_depth4,cutoff
100000004041294100,peripheral,0.4,26,0.1575,4-е колено: исходящие не собирались (обрыв выборки). Вход 17 800 ₸ от 1 плательщика. Конечным получателем не считаем. Похожие узлы 1-3 колена пересылают дальше в 27% случаев.,Периферия,,4,False,1,0,17800.0,0.0,2,0,0.0,0,7,0,0.0,,1,0,0,0,0.2693,cutoff_depth4,cutoff
100000005553088100,peripheral,0.4,6,0.1571,4-е колено: исходящие не собирались (обрыв выборки). Вход 17 500 ₸ от 1 плательщика. Конечным получателем не считаем. Похожие узлы 1-3 колена пересылают дальше в 27% случаев.,Периферия,,4,False,1,0,17500.0,0.0,1,0,0.0,0,7,0,0.0,,1,0,0,0,0.2693,cutoff_depth4,cutoff
100000001249054100,peripheral,0.4,9,0.157,4-е колено: исходящие не собирались (обрыв выборки). Вход 17 375 ₸ от 1 плательщика. Конечным получателем не считаем. Похожие узлы 1-3 колена пересылают дальше в 27% случаев.,Периферия,,4,False,1,0,17375.0,0.0,1,0,0.0,0,7,0,0.0,,1,0,0,0,0.2693,cutoff_depth4,cutoff
100000003010908100,peripheral,0.4,9,0.1565,4-е колено: исходящие не собирались (обрыв выборки). Вход 17 000 ₸ от 1 плательщика. Конечным получателем не считаем. Похожие узлы 1-3 колена пересылают дальше в 27% случаев.,Периферия,,4,False,1,0,17000.0,0.0,1,0,0.0,0,7,0,0.0,,1,0,0,0,0.2693,cutoff_depth4,cutoff
100000008029279100,peripheral,0.9,6,0.1565,"Вход 17 000 ₸ от 1 плательщика, выход 0 ₸ 0 получателям. Пороги ролей не достигнуты, признаков роли нет.",Периферия,,3,False,1,0,17000.0,0.0,1,0,0.0,0,7,0,0.0,,1,0,0,0,,,none
100000008762728100,peripheral,0.9,4,0.1565,"Вход 17 026 ₸ от 1 плательщика, выход 0 ₸ 0 получателям. Пороги ролей не достигнуты, признаков роли нет.",Периферия,,2,False,1,0,17026.0,0.0,1,0,0.0,0,7,0,0.0,,1,0,0,0,,,none
100000006612238100,peripheral,0.9,1,0.1563,"Вход 160 000 ₸ от 1 плательщика, выход 25 000 ₸ 1 получателю. Пороги ролей не достигнуты, признаков роли нет.",Периферия,,2,False,1,1,160000.0,25000.0,1,1,0.1562,0,1,0,0.0,1.0,1,0,1,0,,fast_transit;mutual_transfers,none
100000007534354100,peripheral,0.85,10,0.1562,"Вход 50 000 ₸ от 1 плательщика, выход 147 810 ₸ 3 получателям. Пороги ролей не достигнуты, признаков роли нет. Отдаёт больше, чем получил в выборке: есть источники вне данных.",Периферия,,2,False,1,3,50000.0,147810.0,1,3,2.9562,0,1,0,0.0,,1,0,0,0,,,none
100000002558173100,peripheral,0.9,33,0.1559,"Вход 9 300 ₸ от 1 плательщика, выход 0 ₸ 0 получателям. Пороги ролей не достигнуты, признаков роли нет.",Периферия,,2,False,1,0,9300.0,0.0,1,0,0.0,0,8,0,0.0,,1,0,0,0,,,none
100000000981693100,peripheral,0.4,2,0.1558,4-е колено: исходящие не собирались (обрыв выборки). Вход 16 500 ₸ от 1 плательщика. Конечным получателем не считаем. Похожие узлы 1-3 колена пересылают дальше в 27% случаев.,Периферия,,4,False,1,0,16500.0,0.0,1,0,0.0,0,7,0,0.0,,1,0,0,0,0.2693,cutoff_depth4,cutoff
100000001311175100,peripheral,0.4,13,0.1558,4-е колено: исходящие не собирались (обрыв выборки). Вход 300 000 ₸ от 1 плательщика. Конечным получателем не считаем. Похожие узлы 1-3 колена пересылают дальше в 29% случаев.,Периферия,,4,False,1,0,300000.0,0.0,1,0,0.0,0,2,0,0.0,,1,0,0,0,0.2867,cutoff_depth4,cutoff
100000006866831100,peripheral,0.4,6,0.1558,4-е колено: исходящие не собирались (обрыв выборки). Вход 16 500 ₸ от 1 плательщика. Конечным получателем не считаем. Похожие узлы 1-3 колена пересылают дальше в 27% случаев.,Периферия,,4,False,1,0,16500.0,0.0,1,0,0.0,0,7,0,0.0,,1,0,0,0,0.2693,cutoff_depth4,cutoff
100000002214664100,peripheral,0.9,1,0.1557,"Вход 7 950 ₸ от 1 плательщика, выход 76 950 ₸ 1 получателю. Пороги ролей не достигнуты, признаков роли нет. Отдаёт больше, чем получил в выборке: есть источники вне данных.",Периферия,,3,False,1,1,7950.0,76950.0,1,2,9.6792,0,1,0,0.0,1.0,1,0,0,0,,fast_transit,none
100000002597623100,peripheral,0.9,2,0.1557,"Вход 16 418 ₸ от 1 плательщика, выход 0 ₸ 0 получателям. Пороги ролей не достигнуты, признаков роли нет.",Периферия,,3,False,1,0,16418.0,0.0,1,0,0.0,0,7,0,0.0,,1,0,0,0,,,none
100000003096787100,peripheral,0.4,9,0.1556,4-е колено: исходящие не собирались (обрыв выборки). Вход 16 400 ₸ от 1 плательщика. Конечным получателем не считаем. Похожие узлы 1-3 колена пересылают дальше в 27% случаев.,Периферия,,4,False,1,0,16400.0,0.0,1,0,0.0,0,7,0,0.0,,1,0,0,0,0.2693,cutoff_depth4,cutoff
100000002258492100,peripheral,0.4,19,0.1552,4-е колено: исходящие не собирались (обрыв выборки). Вход 9 000 ₸ от 1 плательщика. Конечным получателем не считаем. Похожие узлы 1-3 колена пересылают дальше в 27% случаев.,Периферия,,4,False,1,0,9000.0,0.0,1,0,0.0,0,8,0,0.0,,1,0,0,0,0.2693,cutoff_depth4,cutoff
100000001065481100,peripheral,0.4,11,0.1551,4-е колено: исходящие не собирались (обрыв выборки). Вход 16 000 ₸ от 1 плательщика. Конечным получателем не считаем. Похожие узлы 1-3 колена пересылают дальше в 27% случаев.,Периферия,,4,False,1,0,16000.0,0.0,2,0,0.0,0,7,0,0.0,,1,0,0,0,0.2693,cutoff_depth4,cutoff
100000002727288100,peripheral,0.9,15,0.1551,"Вход 16 000 ₸ от 1 плательщика, выход 0 ₸ 0 получателям. Пороги ролей не достигнуты, признаков роли нет.",Периферия,,3,False,1,0,16000.0,0.0,1,0,0.0,0,7,0,0.0,,1,0,0,0,,,none
100000003009900100,peripheral,0.9,9,0.1551,"Вход 15 998 ₸ от 1 плательщика, выход 0 ₸ 0 получателям. Пороги ролей не достигнуты, признаков роли нет.",Периферия,,3,False,1,0,15998.0,0.0,1,0,0.0,0,7,0,0.0,,1,0,0,0,,,none
100000007653094100,peripheral,0.4,11,0.1551,4-е колено: исходящие не собирались (обрыв выборки). Вход 16 000 ₸ от 1 плательщика. Конечным получателем не считаем. Похожие узлы 1-3 колена пересылают дальше в 27% случаев.,Периферия,,4,False,1,0,16000.0,0.0,1,0,0.0,0,7,0,0.0,,1,0,0,0,0.2693,cutoff_depth4,cutoff
100000003671721100,peripheral,0.9,9,0.155,"Вход 5 000 ₸ от 1 плательщика, выход 0 ₸ 0 получателям. Пороги ролей не достигнуты, признаков роли нет.",Периферия,,3,False,1,0,5000.0,0.0,1,0,0.0,0,9,0,0.0,,1,0,0,0,,,none
100000008767027100,peripheral,0.9,21,0.155,"Вход 5 000 ₸ от 1 плательщика, выход 0 ₸ 0 получателям. Пороги ролей не достигнуты, признаков роли нет.",Периферия,,3,False,1,0,5000.0,0.0,1,0,0.0,0,9,0,0.0,,1,0,0,0,,,none
100000008770483100,peripheral,0.4,49,0.155,4-е колено: исходящие не собирались (обрыв выборки). Вход 5 000 ₸ от 1 плательщика. Конечным получателем не считаем. Похожие узлы 1-3 колена пересылают дальше в 27% случаев.,Периферия,,4,False,1,0,5000.0,0.0,1,0,0.0,0,9,0,0.0,,1,0,0,0,0.2693,cutoff_depth4,cutoff
100000002528978100,peripheral,0.4,9,0.1549,4-е колено: исходящие не собирались (обрыв выборки). Вход 15 900 ₸ от 1 плательщика. Конечным получателем не считаем. Похожие узлы 1-3 колена пересылают дальше в 27% случаев.,Периферия,,4,False,1,0,15900.0,0.0,1,0,0.0,0,7,0,0.0,,1,0,0,0,0.2693,cutoff_depth4,cutoff
100000003713616100,peripheral,0.9,4,0.1549,"Вход 15 893 ₸ от 1 плательщика, выход 0 ₸ 0 получателям. Пороги ролей не достигнуты, признаков роли нет.",Периферия,,1,False,1,0,15893.0,0.0,1,0,0.0,1,7,0,0.0,,1,0,0,0,,,none
100000005507142100,peripheral,0.7,38,0.1549,"Вход 51 000 ₸ от 3 плательщиков, выход 100 000 ₸ 3 получателям. Пороги ролей не достигнуты, признаков роли нет. Отдаёт больше, чем получил в выборке: есть источники вне данных.",Периферия,,2,False,3,3,51000.0,100000.0,3,4,1.9608,0,1,0,0.0,,1,0,2,0,,mutual_transfers,none
100000007597382100,peripheral,0.9,7,0.1546,"Вход 15 700 ₸ от 1 плательщика, выход 0 ₸ 0 получателям. Пороги ролей не достигнуты, признаков роли нет.",Периферия,,3,False,1,0,15700.0,0.0,1,0,0.0,0,7,0,0.0,,1,0,0,0,,,none
100000004222274100,peripheral,0.4,2,0.1543,4-е колено: исходящие не собирались (обрыв выборки). Вход 15 500 ₸ от 1 плательщика. Конечным получателем не считаем. Похожие узлы 1-3 колена пересылают дальше в 27% случаев.,Периферия,,4,False,1,0,15500.0,0.0,1,0,0.0,0,7,0,0.0,,1,0,0,0,0.2693,cutoff_depth4,cutoff
100000001669260100,peripheral,0.4,20,0.1542,4-е колено: исходящие не собирались (обрыв выборки). Вход 500 000 ₸ от 1 плательщика. Конечным получателем не считаем. Похожие узлы 1-3 колена пересылают дальше в 41% случаев.,Периферия,,4,False,1,0,500000.0,0.0,1,0,0.0,0,1,0,0.0,,1,0,0,0,0.4112,cutoff_depth4,cutoff
100000001138376100,peripheral,0.9,15,0.154,"Вход 15 300 ₸ от 1 плательщика, выход 0 ₸ 0 получателям. Пороги ролей не достигнуты, признаков роли нет.",Периферия,,2,False,1,0,15300.0,0.0,1,0,0.0,0,7,0,0.0,,1,0,0,0,,,none
100000002095257100,peripheral,0.9,12,0.1539,"Вход 8 500 ₸ от 1 плательщика, выход 0 ₸ 0 получателям. Пороги ролей не достигнуты, признаков роли нет.",Периферия,,3,False,1,0,8500.0,0.0,1,0,0.0,0,8,0,0.0,,1,0,0,0,,,none
100000002733083100,peripheral,0.4,9,0.1539,4-е колено: исходящие не собирались (обрыв выборки). Вход 15 200 ₸ от 1 плательщика. Конечным получателем не считаем. Похожие узлы 1-3 колена пересылают дальше в 27% случаев.,Периферия,,4,False,1,0,15200.0,0.0,1,0,0.0,0,7,0,0.0,,1,0,0,0,0.2693,cutoff_depth4,cutoff
100000005172860100,peripheral,0.9,2,0.1539,"Вход 15 209 ₸ от 1 плательщика, выход 0 ₸ 0 получателям. Пороги ролей не достигнуты, признаков роли нет.",Периферия,,3,False,1,0,15209.2,0.0,1,0,0.0,0,7,0,0.0,,1,0,0,0,,,none
100000003192309100,peripheral,0.9,1,0.1537,"Вход 17 200 ₸ от 1 плательщика, выход 213 000 ₸ 1 получателю. Пороги ролей не достигнуты, признаков роли нет. Отдаёт больше, чем получил в выборке: есть источники вне данных.",Периферия,,3,False,1,1,17200.0,213000.0,1,1,12.3837,0,1,0,0.0,,1,0,0,0,,,none
100000000424935100,peripheral,0.4,29,0.1536,4-е колено: исходящие не собирались (обрыв выборки). Вход 15 000 ₸ от 1 плательщика. Конечным получателем не считаем. Похожие узлы 1-3 колена пересылают дальше в 27% случаев.,Периферия,,4,False,1,0,15000.0,0.0,1,0,0.0,0,7,0,0.0,,1,0,0,0,0.2693,cutoff_depth4,cutoff
100000001530740100,peripheral,0.9,4,0.1536,"Вход 15 000 ₸ от 1 плательщика, выход 0 ₸ 0 получателям. Пороги ролей не достигнуты, признаков роли нет.",Периферия,,2,False,1,0,15000.0,0.0,1,0,0.0,0,7,0,0.0,,1,0,0,0,,,none
100000002231144100,peripheral,0.4,22,0.1536,4-е колено: исходящие не собирались (обрыв выборки). Вход 15 000 ₸ от 1 плательщика. Конечным получателем не считаем. Похожие узлы 1-3 колена пересылают дальше в 27% случаев.,Периферия,,4,False,1,0,15000.0,0.0,1,0,0.0,0,7,0,0.0,,1,0,0,0,0.2693,cutoff_depth4,cutoff
100000002304943100,peripheral,0.4,22,0.1536,4-е колено: исходящие не собирались (обрыв выборки). Вход 15 000 ₸ от 1 плательщика. Конечным получателем не считаем. Похожие узлы 1-3 колена пересылают дальше в 27% случаев.,Периферия,,4,False,1,0,15000.0,0.0,1,0,0.0,0,7,0,0.0,,1,0,0,0,0.2693,cutoff_depth4,cutoff
100000002707106100,peripheral,0.4,14,0.1536,4-е колено: исходящие не собирались (обрыв выборки). Вход 15 000 ₸ от 1 плательщика. Конечным получателем не считаем. Похожие узлы 1-3 колена пересылают дальше в 27% случаев.,Периферия,,4,False,1,0,15000.0,0.0,2,0,0.0,0,7,0,0.0,,1,0,0,0,0.2693,cutoff_depth4,cutoff
100000002945031100,peripheral,0.9,11,0.1536,"Вход 15 000 ₸ от 1 плательщика, выход 0 ₸ 0 получателям. Пороги ролей не достигнуты, признаков роли нет.",Периферия,,3,False,1,0,15000.0,0.0,1,0,0.0,0,7,0,0.0,,1,0,0,0,,,none
100000002975287100,peripheral,0.9,16,0.1536,"Вход 15 000 ₸ от 1 плательщика, выход 0 ₸ 0 получателям. Пороги ролей не достигнуты, признаков роли нет.",Периферия,,3,False,1,0,15000.0,0.0,1,0,0.0,0,7,0,0.0,,1,0,0,0,,,none
100000003036198100,peripheral,0.9,3,0.1536,"Вход 15 000 ₸ от 1 плательщика, выход 0 ₸ 0 получателям. Пороги ролей не достигнуты, признаков роли нет.",Периферия,,2,False,1,0,15000.0,0.0,1,0,0.0,0,7,0,0.0,,1,0,0,0,,,none
100000003083865100,peripheral,0.4,9,0.1536,4-е колено: исходящие не собирались (обрыв выборки). Вход 15 000 ₸ от 1 плательщика. Конечным получателем не считаем. Похожие узлы 1-3 колена пересылают дальше в 27% случаев.,Периферия,,4,False,1,0,15000.0,0.0,1,0,0.0,0,7,0,0.0,,1,0,0,0,0.2693,cutoff_depth4,cutoff
100000003093299100,peripheral,0.9,2,0.1536,"Вход 15 000 ₸ от 1 плательщика, выход 0 ₸ 0 получателям. Пороги ролей не достигнуты, признаков роли нет.",Периферия,,3,False,1,0,15000.0,0.0,1,0,0.0,0,7,0,0.0,,1,0,0,0,,,none
100000003166017100,peripheral,0.4,9,0.1536,4-е колено: исходящие не собирались (обрыв выборки). Вход 15 000 ₸ от 1 плательщика. Конечным получателем не считаем. Похожие узлы 1-3 колена пересылают дальше в 27% случаев.,Периферия,,4,False,1,0,15000.0,0.0,1,0,0.0,0,7,0,0.0,,1,0,0,0,0.2693,cutoff_depth4,cutoff
100000003241965100,peripheral,0.9,9,0.1536,"Вход 15 000 ₸ от 1 плательщика, выход 0 ₸ 0 получателям. Пороги ролей не достигнуты, признаков роли нет.",Периферия,,3,False,1,0,15000.0,0.0,1,0,0.0,0,7,0,0.0,,1,0,0,0,,,none
100000004379306100,peripheral,0.4,6,0.1536,4-е колено: исходящие не собирались (обрыв выборки). Вход 15 000 ₸ от 1 плательщика. Конечным получателем не считаем. Похожие узлы 1-3 колена пересылают дальше в 27% случаев.,Периферия,,4,False,1,0,15000.0,0.0,1,0,0.0,0,7,0,0.0,,1,0,0,0,0.2693,cutoff_depth4,cutoff
100000004564736100,peripheral,0.9,23,0.1536,"Вход 15 000 ₸ от 1 плательщика, выход 0 ₸ 0 получателям. Пороги ролей не достигнуты, признаков роли нет.",Периферия,,3,False,1,0,15000.0,0.0,2,0,0.0,0,7,0,0.0,,1,0,0,0,,,none
100000008011573100,peripheral,0.9,16,0.1536,"Вход 15 000 ₸ от 1 плательщика, выход 0 ₸ 0 получателям. Пороги ролей не достигнуты, признаков роли нет.",Периферия,,3,False,1,0,15000.0,0.0,1,0,0.0,0,7,0,0.0,,1,0,0,0,,,none
100000008524903100,peripheral,0.4,2,0.1536,4-е колено: исходящие не собирались (обрыв выборки). Вход 15 000 ₸ от 1 плательщика. Конечным получателем не считаем. Похожие узлы 1-3 колена пересылают дальше в 27% случаев.,Периферия,,4,False,1,0,15000.0,0.0,1,0,0.0,0,7,0,0.0,,1,0,0,0,0.2693,cutoff_depth4,cutoff
100000008289539100,peripheral,0.9,15,0.1535,"Вход 14 912 ₸ от 1 плательщика, выход 0 ₸ 0 получателям. Пороги ролей не достигнуты, признаков роли нет.",Периферия,,2,False,1,0,14912.0,0.0,1,0,0.0,0,7,0,0.0,,1,0,0,0,,,none
100000001202787100,peripheral,0.4,2,0.1534,4-е колено: исходящие не собирались (обрыв выборки). Вход 14 850 ₸ от 2 плательщиков. Конечным получателем не считаем. Похожие узлы 1-3 колена пересылают дальше в 67% случаев.,Периферия,,4,False,2,0,14850.0,0.0,2,0,0.0,0,7,0,0.0,,1,0,0,0,0.6739,cutoff_depth4,cutoff
100000005495211100,peripheral,0.4,2,0.1528,4-е колено: исходящие не собирались (обрыв выборки). Вход 14 500 ₸ от 1 плательщика. Конечным получателем не считаем. Похожие узлы 1-3 колена пересылают дальше в 27% случаев.,Периферия,,4,False,1,0,14500.0,0.0,1,0,0.0,0,7,0,0.0,,1,0,0,0,0.2693,cutoff_depth4,cutoff
100000003650146100,peripheral,0.9,4,0.1527,"Вход 14 400 ₸ от 1 плательщика, выход 0 ₸ 0 получателям. Пороги ролей не достигнуты, признаков роли нет.",Периферия,,3,False,1,0,14400.0,0.0,1,0,0.0,0,7,0,0.0,,1,0,0,0,,,none
100000001690439100,peripheral,0.9,7,0.1523,"Вход 14 200 ₸ от 1 плательщика, выход 0 ₸ 0 получателям. Пороги ролей не достигнуты, признаков роли нет.",Периферия,,3,False,1,0,14200.0,0.0,1,0,0.0,0,7,1,0.0,,1,0,0,0,,,none
100000005187208100,peripheral,0.9,7,0.1523,"Вход 14 160 ₸ от 1 плательщика, выход 0 ₸ 0 получателям. Пороги ролей не достигнуты, признаков роли нет.",Периферия,,3,False,1,0,14160.0,0.0,1,0,0.0,0,7,0,0.0,,1,0,0,0,,,none
100000001330595100,peripheral,0.7,25,0.1522,"Вход 87 000 ₸ от 3 плательщиков, выход 154 000 ₸ 1 получателю. Пороги ролей не достигнуты, признаков роли нет. Отдаёт больше, чем получил в выборке: есть источники вне данных.",Периферия,,2,False,3,1,87000.0,154000.0,6,1,1.7701,0,1,0,0.0,,2,0,0,0,,,none
100000008525136100,peripheral,0.4,6,0.1522,4-е колено: исходящие не собирались (обрыв выборки). Вход 14 100 ₸ от 1 плательщика. Конечным получателем не считаем. Похожие узлы 1-3 колена пересылают дальше в 27% случаев.,Периферия,,4,False,1,0,14100.0,0.0,1,0,0.0,0,7,0,0.0,,1,0,0,0,0.2693,cutoff_depth4,cutoff
100000003078839100,peripheral,0.4,6,0.152,4-е колено: исходящие не собирались (обрыв выборки). Вход 14 000 ₸ от 1 плательщика. Конечным получателем не считаем. Похожие узлы 1-3 колена пересылают дальше в 27% случаев.,Периферия,,4,False,1,0,14000.0,0.0,2,0,0.0,0,7,0,0.0,,1,0,0,0,0.2693,cutoff_depth4,cutoff
100000006161893100,peripheral,0.9,4,0.152,"Вход 14 000 ₸ от 1 плательщика, выход 0 ₸ 0 получателям. Пороги ролей не достигнуты, признаков роли нет.",Периферия,,2,False,1,0,14000.0,0.0,1,0,0.0,0,7,0,0.0,,1,0,0,0,,,none
100000004502048100,peripheral,0.4,17,0.1518,4-е колено: исходящие не собирались (обрыв выборки). Вход 13 888 ₸ от 1 плательщика. Конечным получателем не считаем. Похожие узлы 1-3 колена пересылают дальше в 27% случаев.,Периферия,,4,False,1,0,13888.0,0.0,1,0,0.0,0,7,0,0.0,,1,0,0,0,0.2693,cutoff_depth4,cutoff
100000002320495100,peripheral,0.4,16,0.1512,4-е колено: исходящие не собирались (обрыв выборки). Вход 13 526 ₸ от 1 плательщика. Конечным получателем не считаем. Похожие узлы 1-3 колена пересылают дальше в 27% случаев.,Периферия,,4,False,1,0,13526.27,0.0,1,0,0.0,0,7,0,0.0,,1,0,0,0,0.2693,cutoff_depth4,cutoff
100000008677368100,peripheral,0.4,8,0.1512,4-е колено: исходящие не собирались (обрыв выборки). Вход 13 500 ₸ от 1 плательщика. Конечным получателем не считаем. Похожие узлы 1-3 колена пересылают дальше в 27% случаев.,Периферия,,4,False,1,0,13500.0,0.0,1,0,0.0,0,7,0,0.0,,1,0,0,0,0.2693,cutoff_depth4,cutoff
100000004167082100,peripheral,0.4,11,0.1508,4-е колено: исходящие не собирались (обрыв выборки). Вход 13 300 ₸ от 1 плательщика. Конечным получателем не считаем. Похожие узлы 1-3 колена пересылают дальше в 27% случаев.,Периферия,,4,False,1,0,13300.0,0.0,1,0,0.0,0,7,0,0.0,,1,0,0,0,0.2693,cutoff_depth4,cutoff
100000004691350100,peripheral,0.4,51,0.1508,4-е колено: исходящие не собирались (обрыв выборки). Вход 13 300 ₸ от 1 плательщика. Конечным получателем не считаем. Похожие узлы 1-3 колена пересылают дальше в 27% случаев.,Периферия,,4,False,1,0,13300.0,0.0,1,0,0.0,0,7,0,0.0,,1,0,0,0,0.2693,cutoff_depth4,cutoff
100000003927792100,peripheral,0.9,15,0.1504,"Вход 13 067 ₸ от 1 плательщика, выход 0 ₸ 0 получателям. Пороги ролей не достигнуты, признаков роли нет.",Периферия,,2,False,1,0,13067.0,0.0,1,0,0.0,0,7,0,0.0,,1,0,0,0,,,none
100000001089055100,peripheral,0.4,16,0.1503,4-е колено: исходящие не собирались (обрыв выборки). Вход 13 000 ₸ от 1 плательщика. Конечным получателем не считаем. Похожие узлы 1-3 колена пересылают дальше в 27% случаев.,Периферия,,4,False,1,0,13000.0,0.0,1,0,0.0,0,7,0,0.0,,1,0,0,0,0.2693,cutoff_depth4,cutoff
100000005849862100,peripheral,0.4,8,0.1503,4-е колено: исходящие не собирались (обрыв выборки). Вход 13 000 ₸ от 1 плательщика. Конечным получателем не считаем. Похожие узлы 1-3 колена пересылают дальше в 27% случаев.,Периферия,,4,False,1,0,13000.0,0.0,2,0,0.0,0,7,0,0.0,,1,0,0,0,0.2693,cutoff_depth4,cutoff
100000002742067100,peripheral,0.9,15,0.1498,"Вход 12 730 ₸ от 1 плательщика, выход 0 ₸ 0 получателям. Пороги ролей не достигнуты, признаков роли нет.",Периферия,,2,False,1,0,12730.0,0.0,1,0,0.0,0,7,0,0.0,,1,0,0,0,,,none
100000005496254100,peripheral,0.9,2,0.1498,"Вход 12 700 ₸ от 1 плательщика, выход 0 ₸ 0 получателям. Пороги ролей не достигнуты, признаков роли нет.",Периферия,,1,False,1,0,12700.0,0.0,1,0,0.0,1,7,0,0.0,,1,0,0,0,,,none
100000002832753100,peripheral,0.4,15,0.1494,4-е колено: исходящие не собирались (обрыв выборки). Вход 12 500 ₸ от 1 плательщика. Конечным получателем не считаем. Похожие узлы 1-3 колена пересылают дальше в 27% случаев.,Периферия,,4,False,1,0,12500.0,0.0,1,0,0.0,0,7,0,0.0,,1,0,0,0,0.2693,cutoff_depth4,cutoff
100000004232712100,peripheral,0.4,7,0.1494,4-е колено: исходящие не собирались (обрыв выборки). Вход 12 500 ₸ от 1 плательщика. Конечным получателем не считаем. Похожие узлы 1-3 колена пересылают дальше в 27% случаев.,Периферия,,4,False,1,0,12500.0,0.0,1,0,0.0,0,7,0,0.0,,1,0,0,0,0.2693,cutoff_depth4,cutoff
100000008762843100,peripheral,0.4,5,0.1494,4-е колено: исходящие не собирались (обрыв выборки). Вход 7 000 ₸ от 1 плательщика. Конечным получателем не считаем. Похожие узлы 1-3 колена пересылают дальше в 27% случаев.,Периферия,,4,False,1,0,7000.0,0.0,1,0,0.0,0,8,0,0.0,,1,0,0,0,0.2693,cutoff_depth4,cutoff
100000008762885100,peripheral,0.4,5,0.1494,4-е колено: исходящие не собирались (обрыв выборки). Вход 7 000 ₸ от 1 плательщика. Конечным получателем не считаем. Похожие узлы 1-3 колена пересылают дальше в 27% случаев.,Периферия,,4,False,1,0,7000.0,0.0,1,0,0.0,0,8,0,0.0,,1,0,0,0,0.2693,cutoff_depth4,cutoff
100000002299948100,peripheral,0.9,33,0.1486,"Вход 6 750 ₸ от 1 плательщика, выход 0 ₸ 0 получателям. Пороги ролей не достигнуты, признаков роли нет.",Периферия,,2,False,1,0,6750.0,0.0,1,0,0.0,0,8,0,0.0,,1,0,0,0,,,none
100000000870121100,peripheral,0.9,11,0.1485,"Вход 12 000 ₸ от 1 плательщика, выход 0 ₸ 0 получателям. Пороги ролей не достигнуты, признаков роли нет.",Периферия,,3,False,1,0,12000.0,0.0,1,0,0.0,0,7,0,0.0,,1,0,0,0,,,none
100000004158362100,peripheral,0.9,2,0.1485,"Вход 12 000 ₸ от 1 плательщика, выход 0 ₸ 0 получателям. Пороги ролей не достигнуты, признаков роли нет.",Периферия,,2,False,1,0,12000.0,0.0,1,0,0.0,0,7,0,0.0,,1,0,0,0,,,none
100000008724279100,peripheral,0.9,4,0.148,"Вход 11 750 ₸ от 1 плательщика, выход 0 ₸ 0 получателям. Пороги ролей не достигнуты, признаков роли нет.",Периферия,,1,False,1,0,11750.0,0.0,1,0,0.0,1,7,0,0.0,,1,0,0,0,,,none
100000008751349100,peripheral,0.9,27,0.1477,"Вход 11 630 ₸ от 1 плательщика, выход 0 ₸ 0 получателям. Пороги ролей не достигнуты, признаков роли нет.",Периферия,,3,False,1,0,11630.0,0.0,1,0,0.0,0,7,0,0.0,,1,0,0,0,,,none
100000003989033100,peripheral,0.4,10,0.1475,4-е колено: исходящие не собирались (обрыв выборки). Вход 373 400 ₸ от 1 плательщика. Конечным получателем не считаем. Похожие узлы 1-3 колена пересылают дальше в 41% случаев.,Периферия,,4,False,1,0,373400.0,0.0,13,0,0.0,0,1,0,0.0,,1,0,0,0,0.4112,cutoff_depth4,cutoff
100000002762076100,peripheral,0.8,8,0.1474,"Вход 140 350 ₸ от 2 плательщиков, выход 30 000 ₸ 1 получателю. Пороги ролей не достигнуты, признаков роли нет.",Периферия,,1,False,2,1,140350.0,30000.0,2,1,0.2138,2,2,0,0.0,,1,0,0,0,,,none
100000003218308100,peripheral,0.9,2,0.1468,"Вход 11 165 ₸ от 1 плательщика, выход 0 ₸ 0 получателям. Пороги ролей не достигнуты, признаков роли нет.",Периферия,,3,False,1,0,11165.0,0.0,1,0,0.0,0,7,0,0.0,,1,0,0,0,,,none
100000002793851100,peripheral,0.9,4,0.1466,"Вход 11 052 ₸ от 1 плательщика, выход 0 ₸ 0 получателям. Пороги ролей не достигнуты, признаков роли нет.",Периферия,,1,False,1,0,11052.0,0.0,1,0,0.0,1,7,0,0.0,,1,0,0,0,,,none
100000004206046100,peripheral,0.9,4,0.1466,"Вход 11 075 ₸ от 1 плательщика, выход 0 ₸ 0 получателям. Пороги ролей не достигнуты, признаков роли нет.",Периферия,,1,False,1,0,11075.0,0.0,1,0,0.0,1,7,0,0.0,,1,0,0,0,,,none
100000002721825100,peripheral,0.9,2,0.1465,"Вход 11 000 ₸ от 1 плательщика, выход 0 ₸ 0 получателям. Пороги ролей не достигнуты, признаков роли нет.",Периферия,,2,False,1,0,11000.0,0.0,1,0,0.0,0,7,0,0.0,,1,0,0,0,,,none
100000007381662100,peripheral,0.4,2,0.1465,4-е колено: исходящие не собирались (обрыв выборки). Вход 11 000 ₸ от 1 плательщика. Конечным получателем не считаем. Похожие узлы 1-3 колена пересылают дальше в 27% случаев.,Периферия,,4,False,1,0,11000.0,0.0,1,0,0.0,0,7,0,0.0,,1,0,0,0,0.2693,cutoff_depth4,cutoff
100000008141170100,peripheral,0.9,4,0.1465,"Вход 11 000 ₸ от 1 плательщика, выход 0 ₸ 0 получателям. Пороги ролей не достигнуты, признаков роли нет.",Периферия,,2,False,1,0,11000.0,0.0,1,0,0.0,0,7,0,0.0,,1,0,0,0,,,none
100000008327791100,peripheral,0.4,16,0.1465,4-е колено: исходящие не собирались (обрыв выборки). Вход 11 000 ₸ от 1 плательщика. Конечным получателем не считаем. Похожие узлы 1-3 колена пересылают дальше в 27% случаев.,Периферия,,4,False,1,0,11000.0,0.0,1,0,0.0,0,7,0,0.0,,1,0,0,0,0.2693,cutoff_depth4,cutoff
100000002818726100,peripheral,0.9,11,0.1462,"Вход 10 879 ₸ от 1 плательщика, выход 0 ₸ 0 получателям. Пороги ролей не достигнуты, признаков роли нет.",Периферия,,3,False,1,0,10879.0,0.0,1,0,0.0,0,7,0,0.0,,1,0,0,0,,,none
100000006693788100,peripheral,0.4,2,0.146,4-е колено: исходящие не собирались (обрыв выборки). Вход 10 764 ₸ от 1 плательщика. Конечным получателем не считаем. Похожие узлы 1-3 колена пересылают дальше в 27% случаев.,Периферия,,4,False,1,0,10764.0,0.0,1,0,0.0,0,7,0,0.0,,1,0,0,0,0.2693,cutoff_depth4,cutoff
100000007737775100,peripheral,0.9,34,0.1459,"Вход 6 000 ₸ от 1 плательщика, выход 0 ₸ 0 получателям. Пороги ролей не достигнуты, признаков роли нет.",Периферия,,3,False,1,0,6000.0,0.0,1,0,0.0,0,8,0,0.0,,1,0,0,0,,,none
100000000733373100,peripheral,0.9,4,0.1458,"Вход 10 710 ₸ от 1 плательщика, выход 0 ₸ 0 получателям. Пороги ролей не достигнуты, признаков роли нет.",Периферия,,2,False,1,0,10710.0,0.0,1,0,0.0,0,7,0,0.0,,1,0,0,0,,,none
100000003086040100,peripheral,0.9,2,0.1454,"Вход 10 500 ₸ от 1 плательщика, выход 0 ₸ 0 получателям. Пороги ролей не достигнуты, признаков роли нет.",Периферия,,2,False,1,0,10500.0,0.0,1,0,0.0,0,7,1,0.0,,1,0,0,0,,,none
100000002612809100,peripheral,0.85,38,0.145,"Вход 30 000 ₸ от 1 плательщика, выход 114 000 ₸ 3 получателям. Пороги ролей не достигнуты, признаков роли нет. Отдаёт больше, чем получил в выборке: есть источники вне данных.",Периферия,,3,False,1,3,30000.0,114000.0,2,4,3.8,0,1,0,0.0,0.1316,1,0,1,0,,mutual_transfers,none
100000003134937100,peripheral,0.9,4,0.1449,"Вход 10 286 ₸ от 1 плательщика, выход 0 ₸ 0 получателям. Пороги ролей не достигнуты, признаков роли нет.",Периферия,,1,False,1,0,10286.0,0.0,1,0,0.0,1,7,0,0.0,,1,0,0,0,,,none
100000007982728100,peripheral,0.6,8,0.1448,"seed. Вход 0 ₸ от 0 плательщиков, выход 1,80 млн ₸ 8 получателям. Пороги ролей не достигнуты, признаков роли нет.",Периферия,,0,True,0,8,0.0,1804384.0,0,12,,0,0,0,0.0,,0,0,0,0,,seed,none
100000007140834100,peripheral,0.9,8,0.1447,"Вход 10 200 ₸ от 1 плательщика, выход 0 ₸ 0 получателям. Пороги ролей не достигнуты, признаков роли нет.",Периферия,,3,False,1,0,10200.0,0.0,2,0,0.0,0,7,0,0.0,,1,0,0,0,,,none
100000000299820100,peripheral,0.4,6,0.1443,4-е колено: исходящие не собирались (обрыв выборки). Вход 10 000 ₸ от 1 плательщика. Конечным получателем не считаем. Похожие узлы 1-3 колена пересылают дальше в 27% случаев.,Периферия,,4,False,1,0,10000.0,0.0,1,0,0.0,0,7,0,0.0,,1,0,0,0,0.2693,cutoff_depth4,cutoff
100000001290243100,peripheral,0.9,4,0.1443,"Вход 10 000 ₸ от 1 плательщика, выход 0 ₸ 0 получателям. Пороги ролей не достигнуты, признаков роли нет.",Периферия,,2,False,1,0,10000.0,0.0,1,0,0.0,0,7,0,0.0,,1,0,0,0,,,none
100000002227960100,peripheral,0.4,22,0.1443,4-е колено: исходящие не собирались (обрыв выборки). Вход 10 000 ₸ от 1 плательщика. Конечным получателем не считаем. Похожие узлы 1-3 колена пересылают дальше в 27% случаев.,Периферия,,4,False,1,0,10000.0,0.0,1,0,0.0,0,7,0,0.0,,1,0,0,0,0.2693,cutoff_depth4,cutoff
100000002726055100,peripheral,0.4,22,0.1443,4-е колено: исходящие не собирались (обрыв выборки). Вход 10 000 ₸ от 1 плательщика. Конечным получателем не считаем. Похожие узлы 1-3 колена пересылают дальше в 27% случаев.,Периферия,,4,False,1,0,10000.0,0.0,1,0,0.0,0,7,0,0.0,,1,0,0,0,0.2693,cutoff_depth4,cutoff
100000002728246100,peripheral,0.4,7,0.1443,4-е колено: исходящие не собирались (обрыв выборки). Вход 10 000 ₸ от 1 плательщика. Конечным получателем не считаем. Похожие узлы 1-3 колена пересылают дальше в 27% случаев.,Периферия,,4,False,1,0,10000.0,0.0,1,0,0.0,0,7,0,0.0,,1,0,0,0,0.2693,cutoff_depth4,cutoff
100000002809568100,peripheral,0.9,2,0.1443,"Вход 10 000 ₸ от 1 плательщика, выход 0 ₸ 0 получателям. Пороги ролей не достигнуты, признаков роли нет.",Периферия,,1,False,1,0,10000.0,0.0,1,0,0.0,1,7,0,0.0,,1,0,0,0,,,none
100000002981489100,peripheral,0.4,7,0.1443,4-е колено: исходящие не собирались (обрыв выборки). Вход 10 000 ₸ от 1 плательщика. Конечным получателем не считаем. Похожие узлы 1-3 колена пересылают дальше в 27% случаев.,Периферия,,4,False,1,0,10000.0,0.0,1,0,0.0,0,7,0,0.0,,1,0,0,0,0.2693,cutoff_depth4,cutoff
100000002999140100,peripheral,0.4,12,0.1443,4-е колено: исходящие не собирались (обрыв выборки). Вход 10 000 ₸ от 1 плательщика. Конечным получателем не считаем. Похожие узлы 1-3 колена пересылают дальше в 27% случаев.,Периферия,,4,False,1,0,10000.0,0.0,2,0,0.0,0,7,0,0.0,,1,0,0,0,0.2693,cutoff_depth4,cutoff
100000003006633100,peripheral,0.9,36,0.1443,"Вход 10 000 ₸ от 1 плательщика, выход 0 ₸ 0 получателям. Пороги ролей не достигнуты, признаков роли нет.",Периферия,,3,False,1,0,10000.0,0.0,1,0,0.0,0,7,0,0.0,,1,0,0,0,,,none
100000003105089100,peripheral,0.4,22,0.1443,4-е колено: исходящие не собирались (обрыв выборки). Вход 10 000 ₸ от 1 плательщика. Конечным получателем не считаем. Похожие узлы 1-3 колена пересылают дальше в 27% случаев.,Периферия,,4,False,1,0,10000.0,0.0,1,0,0.0,0,7,0,0.0,,1,0,0,0,0.2693,cutoff_depth4,cutoff
100000003146511100,peripheral,0.4,11,0.1443,4-е колено: исходящие не собирались (обрыв выборки). Вход 10 000 ₸ от 1 плательщика. Конечным получателем не считаем. Похожие узлы 1-3 колена пересылают дальше в 27% случаев.,Периферия,,4,False,1,0,10000.0,0.0,1,0,0.0,0,7,0,0.0,,1,0,0,0,0.2693,cutoff_depth4,cutoff
100000003449074100,peripheral,0.9,2,0.1443,"Вход 10 000 ₸ от 1 плательщика, выход 0 ₸ 0 получателям. Пороги ролей не достигнуты, признаков роли нет.",Периферия,,1,False,1,0,10000.0,0.0,1,0,0.0,1,7,0,0.0,,1,0,0,0,,,none
100000003632533100,peripheral,0.4,7,0.1443,4-е колено: исходящие не собирались (обрыв выборки). Вход 10 000 ₸ от 1 плательщика. Конечным получателем не считаем. Похожие узлы 1-3 колена пересылают дальше в 27% случаев.,Периферия,,4,False,1,0,10000.0,0.0,1,0,0.0,0,7,1,0.0,,1,0,0,0,0.2693,cutoff_depth4,cutoff
100000003962994100,peripheral,0.9,39,0.1443,"Вход 10 000 ₸ от 1 плательщика, выход 0 ₸ 0 получателям. Пороги ролей не достигнуты, признаков роли нет.",Периферия,,3,False,1,0,10000.0,0.0,1,0,0.0,0,7,0,0.0,,1,0,0,0,,,none
100000004049912100,peripheral,0.4,17,0.1443,4-е колено: исходящие не собирались (обрыв выборки). Вход 10 000 ₸ от 1 плательщика. Конечным получателем не считаем. Похожие узлы 1-3 колена пересылают дальше в 27% случаев.,Периферия,,4,False,1,0,10000.0,0.0,1,0,0.0,0,7,0,0.0,,1,0,0,0,0.2693,cutoff_depth4,cutoff
100000004177936100,peripheral,0.4,6,0.1443,4-е колено: исходящие не собирались (обрыв выборки). Вход 10 000 ₸ от 1 плательщика. Конечным получателем не считаем. Похожие узлы 1-3 колена пересылают дальше в 27% случаев.,Периферия,,4,False,1,0,10000.0,0.0,1,0,0.0,0,7,0,0.0,,1,0,0,0,0.2693,cutoff_depth4,cutoff
100000004185681100,peripheral,0.9,3,0.1443,"Вход 10 000 ₸ от 1 плательщика, выход 0 ₸ 0 получателям. Пороги ролей не достигнуты, признаков роли нет.",Периферия,,3,False,1,0,10000.0,0.0,1,0,0.0,0,7,0,0.0,,1,0,0,0,,,none
100000004260869100,peripheral,0.4,4,0.1443,4-е колено: исходящие не собирались (обрыв выборки). Вход 10 000 ₸ от 1 плательщика. Конечным получателем не считаем. Похожие узлы 1-3 колена пересылают дальше в 27% случаев.,Периферия,,4,False,1,0,10000.0,0.0,1,0,0.0,0,7,0,0.0,,1,0,0,0,0.2693,cutoff_depth4,cutoff
100000004265639100,peripheral,0.4,6,0.1443,4-е колено: исходящие не собирались (обрыв выборки). Вход 10 000 ₸ от 1 плательщика. Конечным получателем не считаем. Похожие узлы 1-3 колена пересылают дальше в 27% случаев.,Периферия,,4,False,1,0,10000.0,0.0,1,0,0.0,0,7,0,0.0,,1,0,0,0,0.2693,cutoff_depth4,cutoff
100000004272302100,peripheral,0.4,48,0.1443,4-е колено: исходящие не собирались (обрыв выборки). Вход 10 000 ₸ от 1 плательщика. Конечным получателем не считаем. Похожие узлы 1-3 колена пересылают дальше в 27% случаев.,Периферия,,4,False,1,0,10000.0,0.0,1,0,0.0,0,7,0,0.0,,1,0,0,0,0.2693,cutoff_depth4,cutoff
100000004400361100,peripheral,0.9,4,0.1443,"Вход 10 000 ₸ от 1 плательщика, выход 0 ₸ 0 получателям. Пороги ролей не достигнуты, признаков роли нет.",Периферия,,2,False,1,0,10000.0,0.0,1,0,0.0,0,7,0,0.0,,1,0,0,0,,,none
100000004750897100,peripheral,0.9,15,0.1443,"Вход 10 000 ₸ от 1 плательщика, выход 0 ₸ 0 получателям. Пороги ролей не достигнуты, признаков роли нет.",Периферия,,3,False,1,0,10000.0,0.0,1,0,0.0,0,7,0,0.0,,1,0,0,0,,,none
100000004780083100,peripheral,0.4,60,0.1443,4-е колено: исходящие не собирались (обрыв выборки). Вход 9 999 ₸ от 1 плательщика. Конечным получателем не считаем. Похожие узлы 1-3 колена пересылают дальше в 27% случаев.,Периферия,,4,False,1,0,9999.0,0.0,1,0,0.0,0,7,0,0.0,,1,0,0,0,0.2693,cutoff_depth4,cutoff
100000004850609100,peripheral,0.4,2,0.1443,4-е колено: исходящие не собирались (обрыв выборки). Вход 10 000 ₸ от 1 плательщика. Конечным получателем не считаем. Похожие узлы 1-3 колена пересылают дальше в 27% случаев.,Периферия,,4,False,1,0,10000.0,0.0,1,0,0.0,0,7,0,0.0,,1,0,0,0,0.2693,cutoff_depth4,cutoff
100000004970752100,peripheral,0.9,2,0.1443,"Вход 10 000 ₸ от 1 плательщика, выход 0 ₸ 0 получателям. Пороги ролей не достигнуты, признаков роли нет.",Периферия,,3,False,1,0,10000.0,0.0,1,0,0.0,0,7,0,0.0,,1,0,0,0,,,none
100000004981068100,peripheral,0.4,6,0.1443,4-е колено: исходящие не собирались (обрыв выборки). Вход 10 000 ₸ от 1 плательщика. Конечным получателем не считаем. Похожие узлы 1-3 колена пересылают дальше в 27% случаев.,Периферия,,4,False,1,0,10000.0,0.0,1,0,0.0,0,7,0,0.0,,1,0,0,0,0.2693,cutoff_depth4,cutoff
100000004991812100,peripheral,0.9,23,0.1443,"Вход 10 000 ₸ от 1 плательщика, выход 0 ₸ 0 получателям. Пороги ролей не достигнуты, признаков роли нет.",Периферия,,3,False,1,0,10000.0,0.0,1,0,0.0,0,7,0,0.0,,1,0,0,0,,,none
100000005030592100,peripheral,0.9,15,0.1443,"Вход 10 000 ₸ от 1 плательщика, выход 0 ₸ 0 получателям. Пороги ролей не достигнуты, признаков роли нет.",Периферия,,2,False,1,0,10000.0,0.0,1,0,0.0,0,7,0,0.0,,1,0,0,0,,,none
100000005041147100,peripheral,0.4,2,0.1443,4-е колено: исходящие не собирались (обрыв выборки). Вход 10 000 ₸ от 1 плательщика. Конечным получателем не считаем. Похожие узлы 1-3 колена пересылают дальше в 27% случаев.,Периферия,,4,False,1,0,10000.0,0.0,1,0,0.0,0,7,0,0.0,,1,0,0,0,0.2693,cutoff_depth4,cutoff
100000006171671100,peripheral,0.4,2,0.1443,4-е колено: исходящие не собирались (обрыв выборки). Вход 10 000 ₸ от 1 плательщика. Конечным получателем не считаем. Похожие узлы 1-3 колена пересылают дальше в 27% случаев.,Периферия,,4,False,1,0,10000.0,0.0,1,0,0.0,0,7,0,0.0,,1,0,0,0,0.2693,cutoff_depth4,cutoff
100000006965162100,peripheral,0.9,29,0.1443,"Вход 10 000 ₸ от 1 плательщика, выход 0 ₸ 0 получателям. Пороги ролей не достигнуты, признаков роли нет.",Периферия,,3,False,1,0,10000.0,0.0,1,0,0.0,0,7,0,0.0,,1,0,0,0,,,none
100000007173936100,peripheral,0.9,31,0.1443,"Вход 10 000 ₸ от 1 плательщика, выход 0 ₸ 0 получателям. Пороги ролей не достигнуты, признаков роли нет.",Периферия,,2,False,1,0,10000.0,0.0,1,0,0.0,0,7,0,0.0,,1,0,0,0,,,none
100000008708025100,peripheral,0.9,29,0.1443,"Вход 10 000 ₸ от 1 плательщика, выход 0 ₸ 0 получателям. Пороги ролей не достигнуты, признаков роли нет.",Периферия,,3,False,1,0,10000.0,0.0,1,0,0.0,0,7,0,0.0,,1,0,0,0,,,none
100000008733049100,peripheral,0.9,15,0.1443,"Вход 10 000 ₸ от 1 плательщика, выход 0 ₸ 0 получателям. Пороги ролей не достигнуты, признаков роли нет.",Периферия,,2,False,1,0,10000.0,0.0,1,0,0.0,0,7,0,0.0,,1,0,0,0,,,none
100000008778753100,peripheral,0.4,26,0.1443,4-е колено: исходящие не собирались (обрыв выборки). Вход 10 000 ₸ от 1 плательщика. Конечным получателем не считаем. Похожие узлы 1-3 колена пересылают дальше в 27% случаев.,Периферия,,4,False,1,0,10000.0,0.0,1,0,0.0,0,7,0,0.0,,1,0,0,0,0.2693,cutoff_depth4,cutoff
100000005357034100,peripheral,0.9,2,0.1437,"Вход 9 754 ₸ от 1 плательщика, выход 0 ₸ 0 получателям. Пороги ролей не достигнуты, признаков роли нет.",Периферия,,3,False,1,0,9754.0,0.0,1,0,0.0,0,7,0,0.0,,1,0,0,0,,,none
100000005546031100,peripheral,0.7,50,0.1434,"Вход 66 800 ₸ от 3 плательщиков, выход 8 000 ₸ 1 получателю. Пороги ролей не достигнуты, признаков роли нет.",Периферия,,1,False,3,1,66800.0,8000.0,6,1,0.1198,1,1,0,0.0,1.0,2,0,1,0,,fast_transit;mutual_transfers,none
100000006522972100,peripheral,0.9,7,0.1431,"Вход 9 515 ₸ от 1 плательщика, выход 0 ₸ 0 получателям. Пороги ролей не достигнуты, признаков роли нет.",Периферия,,3,False,1,0,9515.0,0.0,1,0,0.0,0,7,0,0.0,,1,0,0,0,,,none
100000008612257100,peripheral,0.9,16,0.1431,"Вход 9 500 ₸ от 1 плательщика, выход 0 ₸ 0 получателям. Пороги ролей не достигнуты, признаков роли нет.",Периферия,,3,False,1,0,9500.0,0.0,1,0,0.0,0,7,0,0.0,,1,0,0,0,,,none
100000007005380100,peripheral,0.9,7,0.1428,"Вход 9 400 ₸ от 1 плательщика, выход 0 ₸ 0 получателям. Пороги ролей не достигнуты, признаков роли нет.",Периферия,,3,False,1,0,9400.0,0.0,1,0,0.0,0,7,0,0.0,,1,0,0,0,,,none
100000002603371100,peripheral,0.9,2,0.1426,"Вход 9 300 ₸ от 1 плательщика, выход 0 ₸ 0 получателям. Пороги ролей не достигнуты, признаков роли нет.",Периферия,,3,False,1,0,9300.0,0.0,1,0,0.0,0,7,0,0.0,,1,0,0,0,,,none
100000006476758100,peripheral,0.9,10,0.1426,"Вход 5 200 ₸ от 1 плательщика, выход 0 ₸ 0 получателям. Пороги ролей не достигнуты, признаков роли нет.",Периферия,,3,False,1,0,5200.0,0.0,1,0,0.0,0,8,0,0.0,,1,0,0,0,,,none
100000004321983100,peripheral,0.9,28,0.1421,"Вход 10 840 ₸ от 1 плательщика, выход 36 200 ₸ 2 получателям. Пороги ролей не достигнуты, признаков роли нет. Отдаёт больше, чем получил в выборке: есть источники вне данных.",Периферия,,3,False,1,2,10840.0,36200.0,1,3,3.3395,0,1,0,0.0,,1,1,0,0,,cycle,none
100000005910895100,peripheral,0.4,34,0.1421,4-е колено: исходящие не собирались (обрыв выборки). Вход 5 100 ₸ от 1 плательщика. Конечным получателем не считаем. Похожие узлы 1-3 колена пересылают дальше в 27% случаев.,Периферия,,4,False,1,0,5100.0,0.0,1,0,0.0,0,8,0,0.0,,1,0,0,0,0.2693,cutoff_depth4,cutoff
100000001415126100,peripheral,0.9,19,0.142,"seed. Вход 27 000 ₸ от 1 плательщика, выход 0 ₸ 0 получателям. Пороги ролей не достигнуты, признаков роли нет.",Периферия,,0,True,1,0,27000.0,0.0,1,0,0.0,0,7,0,0.0,,1,0,0,0,,seed,none
100000003481025100,peripheral,0.4,2,0.1418,4-е колено: исходящие не собирались (обрыв выборки). Вход 9 000 ₸ от 1 плательщика. Конечным получателем не считаем. Похожие узлы 1-3 колена пересылают дальше в 27% случаев.,Периферия,,4,False,1,0,9000.0,0.0,1,0,0.0,0,7,0,0.0,,1,0,0,0,0.2693,cutoff_depth4,cutoff
100000006658598100,peripheral,0.9,4,0.1418,"Вход 9 000 ₸ от 1 плательщика, выход 0 ₸ 0 получателям. Пороги ролей не достигнуты, признаков роли нет.",Периферия,,1,False,1,0,9000.0,0.0,1,0,0.0,1,7,0,0.0,,1,0,0,0,,,none
100000006903193100,peripheral,0.4,2,0.1418,4-е колено: исходящие не собирались (обрыв выборки). Вход 9 000 ₸ от 1 плательщика. Конечным получателем не считаем. Похожие узлы 1-3 колена пересылают дальше в 27% случаев.,Периферия,,4,False,1,0,9000.0,0.0,1,0,0.0,0,7,0,0.0,,1,0,0,0,0.2693,cutoff_depth4,cutoff
100000008677215100,peripheral,0.9,23,0.1418,"Вход 9 000 ₸ от 1 плательщика, выход 0 ₸ 0 получателям. Пороги ролей не достигнуты, признаков роли нет.",Периферия,,3,False,1,0,9000.0,0.0,1,0,0.0,0,7,0,0.0,,1,0,0,0,,,none
100000003646145100,peripheral,0.4,33,0.1417,4-е колено: исходящие не собирались (обрыв выборки). Вход 5 000 ₸ от 1 плательщика. Конечным получателем не считаем. Похожие узлы 1-3 колена пересылают дальше в 27% случаев.,Периферия,,4,False,1,0,5000.0,0.0,1,0,0.0,0,8,0,0.0,,1,0,0,0,0.2693,cutoff_depth4,cutoff
100000008758607100,peripheral,0.4,5,0.1417,4-е колено: исходящие не собирались (обрыв выборки). Вход 5 000 ₸ от 1 плательщика. Конечным получателем не считаем. Похожие узлы 1-3 колена пересылают дальше в 27% случаев.,Периферия,,4,False,1,0,5000.0,0.0,1,0,0.0,0,8,0,0.0,,1,0,0,0,0.2693,cutoff_depth4,cutoff
100000008762005100,peripheral,0.4,5,0.1417,4-е колено: исходящие не собирались (обрыв выборки). Вход 5 000 ₸ от 1 плательщика. Конечным получателем не считаем. Похожие узлы 1-3 колена пересылают дальше в 27% случаев.,Периферия,,4,False,1,0,5000.0,0.0,1,0,0.0,0,8,0,0.0,,1,0,0,0,0.2693,cutoff_depth4,cutoff
100000008766031100,peripheral,0.4,5,0.1417,4-е колено: исходящие не собирались (обрыв выборки). Вход 5 000 ₸ от 1 плательщика. Конечным получателем не считаем. Похожие узлы 1-3 колена пересылают дальше в 27% случаев.,Периферия,,4,False,1,0,5000.0,0.0,1,0,0.0,0,8,0,0.0,,1,0,0,0,0.2693,cutoff_depth4,cutoff
100000008766764100,peripheral,0.4,5,0.1417,4-е колено: исходящие не собирались (обрыв выборки). Вход 5 000 ₸ от 1 плательщика. Конечным получателем не считаем. Похожие узлы 1-3 колена пересылают дальше в 27% случаев.,Периферия,,4,False,1,0,5000.0,0.0,1,0,0.0,0,8,0,0.0,,1,0,0,0,0.2693,cutoff_depth4,cutoff
100000008775747100,peripheral,0.4,5,0.1417,4-е колено: исходящие не собирались (обрыв выборки). Вход 5 000 ₸ от 1 плательщика. Конечным получателем не считаем. Похожие узлы 1-3 колена пересылают дальше в 27% случаев.,Периферия,,4,False,1,0,5000.0,0.0,1,0,0.0,0,8,0,0.0,,1,0,0,0,0.2693,cutoff_depth4,cutoff
100000006177176100,peripheral,0.9,4,0.1416,"Вход 8 911 ₸ от 1 плательщика, выход 0 ₸ 0 получателям. Пороги ролей не достигнуты, признаков роли нет.",Периферия,,1,False,1,0,8911.0,0.0,1,0,0.0,1,7,0,0.0,,1,0,0,0,,,none
100000005394708100,peripheral,0.9,19,0.1415,"Вход 26 000 ₸ от 1 плательщика, выход 65 000 ₸ 1 получателю. Пороги ролей не достигнуты, признаков роли нет. Отдаёт больше, чем получил в выборке: есть источники вне данных.",Периферия,,1,False,1,1,26000.0,65000.0,1,1,2.5,1,1,0,0.0,1.0,1,0,0,0,,fast_transit,none
100000005547096100,peripheral,0.9,50,0.1414,"Вход 8 000 ₸ от 1 плательщика, выход 226 300 ₸ 2 получателям. Пороги ролей не достигнуты, признаков роли нет. Отдаёт больше, чем получил в выборке: есть источники вне данных.",Периферия,,2,False,1,2,8000.0,226300.0,1,3,28.2875,0,1,0,0.0,,1,0,1,0,,mutual_transfers,none
100000001429930100,peripheral,0.9,11,0.1413,"seed. Вход 26 000 ₸ от 1 плательщика, выход 0 ₸ 0 получателям. Пороги ролей не достигнуты, признаков роли нет.",Периферия,,0,True,1,0,26000.0,0.0,1,0,0.0,0,7,0,0.0,,1,0,0,0,,seed,none
100000000542087100,peripheral,0.4,37,0.1406,4-е колено: исходящие не собирались (обрыв выборки). Вход 8 507 ₸ от 1 плательщика. Конечным получателем не считаем. Похожие узлы 1-3 колена пересылают дальше в 27% случаев.,Периферия,,4,False,1,0,8506.91,0.0,1,0,0.0,0,7,0,0.0,,1,0,0,0,0.2693,cutoff_depth4,cutoff
100000005370580100,peripheral,0.9,11,0.1398,"seed. Вход 24 075 ₸ от 1 плательщика, выход 0 ₸ 0 получателям. Пороги ролей не достигнуты, признаков роли нет.",Периферия,,0,True,1,0,24075.0,0.0,1,0,0.0,0,7,0,0.0,,1,0,0,0,,seed,none
100000005402643100,peripheral,0.9,9,0.1397,"Вход 127 800 ₸ от 1 плательщика, выход 90 000 ₸ 1 получателю. Пороги ролей не достигнуты, признаков роли нет.",Периферия,,2,False,1,1,127800.0,90000.0,1,1,0.7042,0,1,0,0.0,,1,0,0,0,,,none
100000004269433100,peripheral,0.95,15,0.1395,"seed. Вход 0 ₸ от 0 плательщиков, выход 1,37 млн ₸ 1 получателю. Пороги ролей не достигнуты, признаков роли нет.",Периферия,,0,True,0,1,0.0,1372000.0,0,67,,0,0,0,0.0,,0,0,0,0,,seed,none
100000008349675100,peripheral,0.9,8,0.1395,"Вход 46 520 ₸ от 1 плательщика, выход 36 650 ₸ 1 получателю. Пороги ролей не достигнуты, признаков роли нет.",Периферия,,1,False,1,1,46520.0,36650.0,1,2,0.7878,1,1,0,0.0,0.5048,1,0,0,0,,fast_transit,none
100000000481716100,peripheral,0.9,9,0.1391,"Вход 8 000 ₸ от 1 плательщика, выход 0 ₸ 0 получателям. Пороги ролей не достигнуты, признаков роли нет.",Периферия,,3,False,1,0,8000.0,0.0,1,0,0.0,0,7,0,0.0,,1,0,0,0,,,none
100000002597074100,peripheral,0.4,2,0.1391,4-е колено: исходящие не собирались (обрыв выборки). Вход 8 000 ₸ от 1 плательщика. Конечным получателем не считаем. Похожие узлы 1-3 колена пересылают дальше в 27% случаев.,Периферия,,4,False,1,0,8000.0,0.0,1,0,0.0,0,7,0,0.0,,1,0,0,0,0.2693,cutoff_depth4,cutoff
100000003792647100,peripheral,0.4,7,0.1391,4-е колено: исходящие не собирались (обрыв выборки). Вход 8 000 ₸ от 1 плательщика. Конечным получателем не считаем. Похожие узлы 1-3 колена пересылают дальше в 27% случаев.,Периферия,,4,False,1,0,8000.0,0.0,1,0,0.0,0,7,1,0.0,,1,0,0,0,0.2693,cutoff_depth4,cutoff
100000004433250100,peripheral,0.4,2,0.1391,4-е колено: исходящие не собирались (обрыв выборки). Вход 8 000 ₸ от 1 плательщика. Конечным получателем не считаем. Похожие узлы 1-3 колена пересылают дальше в 27% случаев.,Периферия,,4,False,1,0,8000.0,0.0,1,0,0.0,0,7,0,0.0,,1,0,0,0,0.2693,cutoff_depth4,cutoff
100000005730108100,peripheral,0.9,2,0.1391,"Вход 8 000 ₸ от 1 плательщика, выход 0 ₸ 0 получателям. Пороги ролей не достигнуты, признаков роли нет.",Периферия,,2,False,1,0,8000.0,0.0,1,0,0.0,0,7,0,0.0,,1,0,0,0,,,none
100000001808684100,peripheral,0.9,8,0.1388,"Вход 48 400 ₸ от 1 плательщика, выход 37 700 ₸ 1 получателю. Пороги ролей не достигнуты, признаков роли нет.",Периферия,,3,False,1,1,48400.0,37700.0,3,2,0.7789,0,1,0,0.0,0.7958,1,0,1,0,,fast_transit;mutual_transfers,none
100000002648315100,peripheral,0.9,8,0.1387,"Вход 132 000 ₸ от 1 плательщика, выход 76 000 ₸ 2 получателям. Пороги ролей не достигнуты, признаков роли нет.",Периферия,,1,False,1,2,132000.0,76000.0,1,3,0.5758,1,1,0,0.0,,1,0,0,0,,,none
100000004553349100,peripheral,0.9,7,0.1384,"Вход 7 755 ₸ от 1 плательщика, выход 0 ₸ 0 получателям. Пороги ролей не достигнуты, признаков роли нет.",Периферия,,3,False,1,0,7755.0,0.0,1,0,0.0,0,7,0,0.0,,1,0,0,0,,,none
100000003996562100,peripheral,0.9,6,0.1383,"Вход 7 700 ₸ от 1 плательщика, выход 0 ₸ 0 получателям. Пороги ролей не достигнуты, признаков роли нет.",Периферия,,3,False,1,0,7700.0,0.0,1,0,0.0,0,7,0,0.0,,1,0,0,0,,,none
100000005367180100,peripheral,0.4,6,0.1383,4-е колено: исходящие не собирались (обрыв выборки). Вход 7 700 ₸ от 1 плательщика. Конечным получателем не считаем. Похожие узлы 1-3 колена пересылают дальше в 27% случаев.,Периферия,,4,False,1,0,7700.0,0.0,1,0,0.0,0,7,0,0.0,,1,0,0,0,0.2693,cutoff_depth4,cutoff
100000006232815100,peripheral,0.75,30,0.1383,"seed. Вход 160 000 ₸ от 1 плательщика, выход 296 500 ₸ 5 получателям. Пороги ролей не достигнуты, признаков роли нет.",Периферия,,0,True,1,5,160000.0,296500.0,2,5,1.8531,0,0,0,0.0,,1,0,1,0,,seed;mutual_transfers,none
100000002391278100,peripheral,0.9,28,0.1378,"Вход 30 000 ₸ от 1 плательщика, выход 52 700 ₸ 1 получателю. Пороги ролей не достигнуты, признаков роли нет. Отдаёт больше, чем получил в выборке: есть источники вне данных.",Периферия,,3,False,1,1,30000.0,52700.0,5,2,1.7567,0,1,0,0.0,1.0,1,0,1,0,,fast_transit;mutual_transfers,none
100000004493586100,peripheral,0.9,2,0.1377,"Вход 7 500 ₸ от 1 плательщика, выход 0 ₸ 0 получателям. Пороги ролей не достигнуты, признаков роли нет.",Периферия,,3,False,1,0,7500.0,0.0,1,0,0.0,0,7,0,0.0,,1,0,0,0,,,none
100000004848236100,peripheral,0.4,2,0.1377,4-е колено: исходящие не собирались (обрыв выборки). Вход 7 500 ₸ от 1 плательщика. Конечным получателем не считаем. Похожие узлы 1-3 колена пересылают дальше в 27% случаев.,Периферия,,4,False,1,0,7500.0,0.0,1,0,0.0,0,7,0,0.0,,1,0,0,0,0.2693,cutoff_depth4,cutoff
100000008762832100,peripheral,0.9,3,0.1368,"Вход 150 000 ₸ от 1 плательщика, выход 85 000 ₸ 1 получателю. Пороги ролей не достигнуты, признаков роли нет.",Периферия,,2,False,1,1,150000.0,85000.0,1,4,0.5667,0,1,0,0.0,,1,0,1,0,,mutual_transfers,none
100000001825934100,peripheral,0.9,38,0.1367,"Вход 40 000 ₸ от 1 плательщика, выход 97 000 ₸ 1 получателю. Пороги ролей не достигнуты, признаков роли нет. Отдаёт больше, чем получил в выборке: есть источники вне данных.",Периферия,,3,False,1,1,40000.0,97000.0,1,1,2.425,0,1,0,0.0,,1,0,0,0,,,none
100000005010159100,peripheral,0.4,6,0.1364,4-е колено: исходящие не собирались (обрыв выборки). Вход 7 092 ₸ от 1 плательщика. Конечным получателем не считаем. Похожие узлы 1-3 колена пересылают дальше в 27% случаев.,Периферия,,4,False,1,0,7092.0,0.0,1,0,0.0,0,7,0,0.0,,1,0,0,0,0.2693,cutoff_depth4,cutoff
100000000018102100,peripheral,0.4,6,0.1361,4-е колено: исходящие не собирались (обрыв выборки). Вход 7 000 ₸ от 1 плательщика. Конечным получателем не считаем. Похожие узлы 1-3 колена пересылают дальше в 27% случаев.,Периферия,,4,False,1,0,7000.0,0.0,1,0,0.0,0,7,0,0.0,,1,0,0,0,0.2693,cutoff_depth4,cutoff
100000003950749100,peripheral,0.4,4,0.1361,4-е колено: исходящие не собирались (обрыв выборки). Вход 7 000 ₸ от 1 плательщика. Конечным получателем не считаем. Похожие узлы 1-3 колена пересылают дальше в 27% случаев.,Периферия,,4,False,1,0,7000.0,0.0,1,0,0.0,0,7,0,0.0,,1,0,0,0,0.2693,cutoff_depth4,cutoff
100000005127767100,peripheral,0.9,39,0.1361,"Вход 7 000 ₸ от 1 плательщика, выход 0 ₸ 0 получателям. Пороги ролей не достигнуты, признаков роли нет.",Периферия,,3,False,1,0,7000.0,0.0,1,0,0.0,0,7,0,0.0,,1,0,0,0,,,none
100000001297206100,peripheral,0.4,2,0.1353,4-е колено: исходящие не собирались (обрыв выборки). Вход 6 758 ₸ от 1 плательщика. Конечным получателем не считаем. Похожие узлы 1-3 колена пересылают дальше в 27% случаев.,Периферия,,4,False,1,0,6758.0,0.0,1,0,0.0,0,7,0,0.0,,1,0,0,0,0.2693,cutoff_depth4,cutoff
100000000703894100,peripheral,0.9,30,0.1352,"Вход 120 000 ₸ от 1 плательщика, выход 35 000 ₸ 1 получателю. Пороги ролей не достигнуты, признаков роли нет.",Периферия,,1,False,1,1,120000.0,35000.0,1,1,0.2917,1,1,0,0.0,,1,0,0,0,,,none
100000002214383100,peripheral,0.4,1,0.1346,4-е колено: исходящие не собирались (обрыв выборки). Вход 213 000 ₸ от 1 плательщика. Конечным получателем не считаем. Похожие узлы 1-3 колена пересылают дальше в 29% случаев.,Периферия,,4,False,1,0,213000.0,0.0,1,0,0.0,0,1,0,0.0,,1,0,0,0,0.2867,cutoff_depth4,cutoff
100000004800452100,peripheral,0.4,7,0.1345,4-е колено: исходящие не собирались (обрыв выборки). Вход 6 545 ₸ от 1 плательщика. Конечным получателем не считаем. Похожие узлы 1-3 колена пересылают дальше в 27% случаев.,Периферия,,4,False,1,0,6544.53,0.0,1,0,0.0,0,7,0,0.0,,1,0,0,0,0.2693,cutoff_depth4,cutoff
100000000627521100,peripheral,0.4,40,0.1344,4-е колено: исходящие не собирались (обрыв выборки). Вход 6 500 ₸ от 1 плательщика. Конечным получателем не считаем. Похожие узлы 1-3 колена пересылают дальше в 27% случаев.,Периферия,,4,False,1,0,6500.0,0.0,1,0,0.0,0,7,0,0.0,,1,0,0,0,0.2693,cutoff_depth4,cutoff
100000008002020100,peripheral,0.9,12,0.1344,"Вход 73 860 ₸ от 1 плательщика, выход 17 000 ₸ 1 получателю. Пороги ролей не достигнуты, признаков роли нет.",Периферия,,1,False,1,1,73860.0,17000.0,1,1,0.2302,1,1,0,0.0,,1,0,0,0,,,none
100000000782285100,peripheral,0.9,6,0.1331,"Вход 6 151 ₸ от 1 плательщика, выход 0 ₸ 0 получателям. Пороги ролей не достигнуты, признаков роли нет.",Периферия,,3,False,1,0,6151.0,0.0,1,0,0.0,0,7,0,0.0,,1,0,0,0,,,none
100000005395727100,peripheral,0.9,15,0.133,"seed. Вход 17 000 ₸ от 1 плательщика, выход 0 ₸ 0 получателям. Пороги ролей не достигнуты, признаков роли нет.",Периферия,,0,True,1,0,17000.0,0.0,1,0,0.0,0,7,0,0.0,,1,0,0,0,,seed,none
100000008173359100,peripheral,0.9,4,0.1329,"Вход 6 110 ₸ от 1 плательщика, выход 0 ₸ 0 получателям. Пороги ролей не достигнуты, признаков роли нет.",Периферия,,1,False,1,0,6110.0,0.0,1,0,0.0,1,7,0,0.0,,1,0,0,0,,,none
100000000783406100,peripheral,0.9,36,0.1328,"Вход 6 066 ₸ от 1 плательщика, выход 0 ₸ 0 получателям. Пороги ролей не достигнуты, признаков роли нет.",Периферия,,3,False,1,0,6066.0,0.0,1,0,0.0,0,7,0,0.0,,1,0,0,0,,,none
100000002184107100,peripheral,0.9,36,0.1328,"Вход 6 066 ₸ от 1 плательщика, выход 0 ₸ 0 получателям. Пороги ролей не достигнуты, признаков роли нет.",Периферия,,3,False,1,0,6066.0,0.0,1,0,0.0,0,7,0,0.0,,1,0,0,0,,,none
100000006444163100,peripheral,0.9,6,0.1326,"Вход 6 026 ₸ от 1 плательщика, выход 0 ₸ 0 получателям. Пороги ролей не достигнуты, признаков роли нет.",Периферия,,3,False,1,0,6026.0,0.0,1,0,0.0,0,7,0,0.0,,1,0,0,0,,,none
100000003838587100,peripheral,0.4,14,0.1325,4-е колено: исходящие не собирались (обрыв выборки). Вход 6 000 ₸ от 1 плательщика. Конечным получателем не считаем. Похожие узлы 1-3 колена пересылают дальше в 27% случаев.,Периферия,,4,False,1,0,6000.0,0.0,1,0,0.0,0,7,0,0.0,,1,0,0,0,0.2693,cutoff_depth4,cutoff
100000005205745100,peripheral,0.9,8,0.1325,"Вход 6 000 ₸ от 1 плательщика, выход 0 ₸ 0 получателям. Пороги ролей не достигнуты, признаков роли нет.",Периферия,,2,False,1,0,6000.0,0.0,1,0,0.0,0,7,0,0.0,,1,0,0,0,,,none
100000000831684100,peripheral,0.9,12,0.1323,"Вход 15 000 ₸ от 1 плательщика, выход 50 000 ₸ 1 получателю. Пороги ролей не достигнуты, признаков роли нет. Отдаёт больше, чем получил в выборке: есть источники вне данных.",Периферия,,2,False,1,1,15000.0,50000.0,2,3,3.3333,0,1,0,0.0,0.9,1,0,1,0,,fast_transit;mutual_transfers,none
100000008321975100,peripheral,0.4,22,0.1321,4-е колено: исходящие не собирались (обрыв выборки). Вход 5 900 ₸ от 1 плательщика. Конечным получателем не считаем. Похожие узлы 1-3 колена пересылают дальше в 27% случаев.,Периферия,,4,False,1,0,5900.0,0.0,1,0,0.0,0,7,0,0.0,,1,0,0,0,0.2693,cutoff_depth4,cutoff
100000007382152100,peripheral,0.9,2,0.132,"Вход 5 860 ₸ от 1 плательщика, выход 0 ₸ 0 получателям. Пороги ролей не достигнуты, признаков роли нет.",Периферия,,2,False,1,0,5860.0,0.0,1,0,0.0,0,7,0,0.0,,1,0,0,0,,,none
100000004377043100,peripheral,0.4,29,0.1313,4-е колено: исходящие не собирались (обрыв выборки). Вход 5 700 ₸ от 1 плательщика. Конечным получателем не считаем. Похожие узлы 1-3 колена пересылают дальше в 27% случаев.,Периферия,,4,False,1,0,5700.0,0.0,1,0,0.0,0,7,0,0.0,,1,0,0,0,0.2693,cutoff_depth4,cutoff
100000004064431100,peripheral,0.9,25,0.131,"Вход 26 000 ₸ от 1 плательщика, выход 10 000 ₸ 1 получателю. Пороги ролей не достигнуты, признаков роли нет.",Периферия,,3,False,1,1,26000.0,10000.0,1,1,0.3846,0,1,0,0.0,1.0,1,0,0,0,,fast_transit,none
100000001498732100,peripheral,0.4,5,0.1305,4-е колено: исходящие не собирались (обрыв выборки). Вход 5 500 ₸ от 1 плательщика. Конечным получателем не считаем. Похожие узлы 1-3 колена пересылают дальше в 27% случаев.,Периферия,,4,False,1,0,5500.0,0.0,1,0,0.0,0,7,0,0.0,,1,0,0,0,0.2693,cutoff_depth4,cutoff
100000004013952100,peripheral,0.4,2,0.1305,4-е колено: исходящие не собирались (обрыв выборки). Вход 5 500 ₸ от 1 плательщика. Конечным получателем не считаем. Похожие узлы 1-3 колена пересылают дальше в 27% случаев.,Периферия,,4,False,1,0,5500.0,0.0,1,0,0.0,0,7,0,0.0,,1,0,0,0,0.2693,cutoff_depth4,cutoff
100000004569637100,peripheral,0.4,6,0.1305,4-е колено: исходящие не собирались (обрыв выборки). Вход 5 500 ₸ от 1 плательщика. Конечным получателем не считаем. Похожие узлы 1-3 колена пересылают дальше в 27% случаев.,Периферия,,4,False,1,0,5500.0,0.0,1,0,0.0,0,7,0,0.0,,1,0,0,0,0.2693,cutoff_depth4,cutoff
100000005146665100,peripheral,0.4,57,0.1305,4-е колено: исходящие не собирались (обрыв выборки). Вход 5 500 ₸ от 1 плательщика. Конечным получателем не считаем. Похожие узлы 1-3 колена пересылают дальше в 27% случаев.,Периферия,,4,False,1,0,5500.0,0.0,1,0,0.0,0,7,0,0.0,,1,0,0,0,0.2693,cutoff_depth4,cutoff
100000005996909100,peripheral,0.9,15,0.1305,"Вход 5 500 ₸ от 1 плательщика, выход 0 ₸ 0 получателям. Пороги ролей не достигнуты, признаков роли нет.",Периферия,,3,False,1,0,5500.0,0.0,1,0,0.0,0,7,0,0.0,,1,0,0,0,,,none
100000008074304100,peripheral,0.4,7,0.1305,4-е колено: исходящие не собирались (обрыв выборки). Вход 5 500 ₸ от 1 плательщика. Конечным получателем не считаем. Похожие узлы 1-3 колена пересылают дальше в 27% случаев.,Периферия,,4,False,1,0,5500.0,0.0,1,0,0.0,0,7,0,0.0,,1,0,0,0,0.2693,cutoff_depth4,cutoff
100000008774237100,peripheral,0.9,25,0.1305,"Вход 50 000 ₸ от 1 плательщика, выход 10 000 ₸ 1 получателю. Пороги ролей не достигнуты, признаков роли нет.",Периферия,,2,False,1,1,50000.0,10000.0,1,1,0.2,0,1,0,0.0,1.0,1,0,0,0,,fast_transit,none
100000005293969100,peripheral,0.4,2,0.1304,4-е колено: исходящие не собирались (обрыв выборки). Вход 5 467 ₸ от 1 плательщика. Конечным получателем не считаем. Похожие узлы 1-3 колена пересылают дальше в 27% случаев.,Периферия,,4,False,1,0,5466.97,0.0,1,0,0.0,0,7,0,0.0,,1,0,0,0,0.2693,cutoff_depth4,cutoff
100000008255655100,peripheral,0.4,16,0.1301,4-е колено: исходящие не собирались (обрыв выборки). Вход 5 400 ₸ от 1 плательщика. Конечным получателем не считаем. Похожие узлы 1-3 колена пересылают дальше в 27% случаев.,Периферия,,4,False,1,0,5400.0,0.0,1,0,0.0,0,7,0,0.0,,1,0,0,0,0.2693,cutoff_depth4,cutoff
100000000957746100,peripheral,0.4,16,0.1297,4-е колено: исходящие не собирались (обрыв выборки). Вход 5 300 ₸ от 1 плательщика. Конечным получателем не считаем. Похожие узлы 1-3 колена пересылают дальше в 27% случаев.,Периферия,,4,False,1,0,5300.0,0.0,1,0,0.0,0,7,0,0.0,,1,0,0,0,0.2693,cutoff_depth4,cutoff
100000003986141100,peripheral,0.9,16,0.1296,"Вход 5 286 ₸ от 1 плательщика, выход 0 ₸ 0 получателям. Пороги ролей не достигнуты, признаков роли нет.",Периферия,,3,False,1,0,5286.32,0.0,1,0,0.0,0,7,0,0.0,,1,0,0,0,,,none
100000001893287100,peripheral,0.9,8,0.1295,"Вход 18 000 ₸ от 1 плательщика, выход 152 700 ₸ 1 получателю. Пороги ролей не достигнуты, признаков роли нет. Отдаёт больше, чем получил в выборке: есть источники вне данных.",Периферия,,3,False,1,1,18000.0,152700.0,3,14,8.4833,0,1,0,0.0,0.3779,1,0,1,0,,mutual_transfers,none
100000005025629100,peripheral,0.4,7,0.1294,4-е колено: исходящие не собирались (обрыв выборки). Вход 5 227 ₸ от 1 плательщика. Конечным получателем не считаем. Похожие узлы 1-3 колена пересылают дальше в 27% случаев.,Периферия,,4,False,1,0,5227.0,0.0,1,0,0.0,0,7,0,0.0,,1,0,0,0,0.2693,cutoff_depth4,cutoff
100000005264874100,peripheral,0.9,38,0.1294,"Вход 30 000 ₸ от 1 плательщика, выход 78 000 ₸ 2 получателям. Пороги ролей не достигнуты, признаков роли нет. Отдаёт больше, чем получил в выборке: есть источники вне данных.",Периферия,,3,False,1,2,30000.0,78000.0,1,3,2.6,0,1,0,0.0,,1,0,1,0,,mutual_transfers,none
100000003216073100,peripheral,0.9,20,0.1292,"Вход 37 001 ₸ от 1 плательщика, выход 70 000 ₸ 1 получателю. Пороги ролей не достигнуты, признаков роли нет. Отдаёт больше, чем получил в выборке: есть источники вне данных.",Периферия,,3,False,1,1,37001.0,70000.0,1,1,1.8918,0,1,0,0.0,,1,0,0,0,,,none
100000000369781100,peripheral,0.4,7,0.1283,4-е колено: исходящие не собирались (обрыв выборки). Вход 5 000 ₸ от 1 плательщика. Конечным получателем не считаем. Похожие узлы 1-3 колена пересылают дальше в 27% случаев.,Периферия,,4,False,1,0,5000.0,0.0,1,0,0.0,0,7,0,0.0,,1,0,0,0,0.2693,cutoff_depth4,cutoff
100000000581682100,peripheral,0.4,29,0.1283,4-е колено: исходящие не собирались (обрыв выборки). Вход 5 000 ₸ от 1 плательщика. Конечным получателем не считаем. Похожие узлы 1-3 колена пересылают дальше в 27% случаев.,Периферия,,4,False,1,0,5000.0,0.0,1,0,0.0,0,7,0,0.0,,1,0,0,0,0.2693,cutoff_depth4,cutoff
100000000765628100,peripheral,0.9,4,0.1283,"Вход 5 000 ₸ от 1 плательщика, выход 0 ₸ 0 получателям. Пороги ролей не достигнуты, признаков роли нет.",Периферия,,2,False,1,0,5000.0,0.0,1,0,0.0,0,7,0,0.0,,1,0,0,0,,,none
100000002621915100,peripheral,0.9,4,0.1283,"Вход 5 000 ₸ от 1 плательщика, выход 0 ₸ 0 получателям. Пороги ролей не достигнуты, признаков роли нет.",Периферия,,2,False,1,0,5000.0,0.0,1,0,0.0,0,7,0,0.0,,1,0,0,0,,,none
100000002994441100,peripheral,0.4,6,0.1283,4-е колено: исходящие не собирались (обрыв выборки). Вход 5 000 ₸ от 1 плательщика. Конечным получателем не считаем. Похожие узлы 1-3 колена пересылают дальше в 27% случаев.,Периферия,,4,False,1,0,5000.0,0.0,1,0,0.0,0,7,0,0.0,,1,0,0,0,0.2693,cutoff_depth4,cutoff
100000003214786100,peripheral,0.4,2,0.1283,4-е колено: исходящие не собирались (обрыв выборки). Вход 5 000 ₸ от 1 плательщика. Конечным получателем не считаем. Похожие узлы 1-3 колена пересылают дальше в 27% случаев.,Периферия,,4,False,1,0,5000.0,0.0,1,0,0.0,0,7,0,0.0,,1,0,0,0,0.2693,cutoff_depth4,cutoff
100000003626268100,peripheral,0.4,6,0.1283,4-е колено: исходящие не собирались (обрыв выборки). Вход 5 000 ₸ от 1 плательщика. Конечным получателем не считаем. Похожие узлы 1-3 колена пересылают дальше в 27% случаев.,Периферия,,4,False,1,0,5000.0,0.0,1,0,0.0,0,7,0,0.0,,1,0,0,0,0.2693,cutoff_depth4,cutoff
100000003786516100,peripheral,0.4,2,0.1283,4-е колено: исходящие не собирались (обрыв выборки). Вход 5 000 ₸ от 1 плательщика. Конечным получателем не считаем. Похожие узлы 1-3 колена пересылают дальше в 27% случаев.,Периферия,,4,False,1,0,5000.0,0.0,1,0,0.0,0,7,0,0.0,,1,0,0,0,0.2693,cutoff_depth4,cutoff
100000004107228100,peripheral,0.4,3,0.1283,4-е колено: исходящие не собирались (обрыв выборки). Вход 5 000 ₸ от 1 плательщика. Конечным получателем не считаем. Похожие узлы 1-3 колена пересылают дальше в 27% случаев.,Периферия,,4,False,1,0,5000.0,0.0,1,0,0.0,0,7,0,0.0,,1,0,0,0,0.2693,cutoff_depth4,cutoff
100000004403548100,peripheral,0.4,6,0.1283,4-е колено: исходящие не собирались (обрыв выборки). Вход 5 000 ₸ от 1 плательщика. Конечным получателем не считаем. Похожие узлы 1-3 колена пересылают дальше в 27% случаев.,Периферия,,4,False,1,0,5000.0,0.0,1,0,0.0,0,7,0,0.0,,1,0,0,0,0.2693,cutoff_depth4,cutoff
100000004472936100,peripheral,0.4,11,0.1283,4-е колено: исходящие не собирались (обрыв выборки). Вход 5 000 ₸ от 1 плательщика. Конечным получателем не считаем. Похожие узлы 1-3 колена пересылают дальше в 27% случаев.,Периферия,,4,False,1,0,5000.0,0.0,1,0,0.0,0,7,0,0.0,,1,0,0,0,0.2693,cutoff_depth4,cutoff
100000005186109100,peripheral,0.9,15,0.1283,"Вход 5 000 ₸ от 1 плательщика, выход 0 ₸ 0 получателям. Пороги ролей не достигнуты, признаков роли нет.",Периферия,,3,False,1,0,5000.0,0.0,1,0,0.0,0,7,0,0.0,,1,0,0,0,,,none
100000005209352100,peripheral,0.4,2,0.1283,4-е колено: исходящие не собирались (обрыв выборки). Вход 5 000 ₸ от 1 плательщика. Конечным получателем не считаем. Похожие узлы 1-3 колена пересылают дальше в 27% случаев.,Периферия,,4,False,1,0,5000.0,0.0,1,0,0.0,0,7,0,0.0,,1,0,0,0,0.2693,cutoff_depth4,cutoff
100000005370558100,peripheral,0.4,2,0.1283,4-е колено: исходящие не собирались (обрыв выборки). Вход 5 000 ₸ от 1 плательщика. Конечным получателем не считаем. Похожие узлы 1-3 колена пересылают дальше в 27% случаев.,Периферия,,4,False,1,0,5000.0,0.0,1,0,0.0,0,7,0,0.0,,1,0,0,0,0.2693,cutoff_depth4,cutoff
100000006573438100,peripheral,0.9,43,0.1283,"Вход 5 000 ₸ от 1 плательщика, выход 0 ₸ 0 получателям. Пороги ролей не достигнуты, признаков роли нет.",Периферия,,3,False,1,0,5000.0,0.0,1,0,0.0,0,7,0,0.0,,1,0,0,0,,,none
100000006735545100,peripheral,0.4,6,0.1283,4-е колено: исходящие не собирались (обрыв выборки). Вход 5 000 ₸ от 1 плательщика. Конечным получателем не считаем. Похожие узлы 1-3 колена пересылают дальше в 27% случаев.,Периферия,,4,False,1,0,5000.0,0.0,1,0,0.0,0,7,0,0.0,,1,0,0,0,0.2693,cutoff_depth4,cutoff
100000008649416100,peripheral,0.4,16,0.1283,4-е колено: исходящие не собирались (обрыв выборки). Вход 5 000 ₸ от 1 плательщика. Конечным получателем не считаем. Похожие узлы 1-3 колена пересылают дальше в 27% случаев.,Периферия,,4,False,1,0,5000.0,0.0,1,0,0.0,0,7,0,0.0,,1,0,0,0,0.2693,cutoff_depth4,cutoff
100000002863356100,peripheral,0.9,1,0.1246,"Вход 45 000 ₸ от 1 плательщика, выход 20 000 ₸ 1 получателю. Пороги ролей не достигнуты, признаков роли нет.",Периферия,,2,False,1,1,45000.0,20000.0,1,1,0.4444,0,1,0,0.0,,1,0,0,0,,,none
100000008730021100,peripheral,0.9,15,0.1241,"Вход 75 555 ₸ от 1 плательщика, выход 0 ₸ 0 получателям. Пороги ролей не достигнуты, признаков роли нет.",Периферия,,1,False,1,0,75555.0,0.0,3,0,0.0,1,2,0,0.0,,1,0,0,0,,,none
100000004784224100,peripheral,0.9,24,0.1236,"Вход 23 500 ₸ от 1 плательщика, выход 100 000 ₸ 1 получателю. Пороги ролей не достигнуты, признаков роли нет. Отдаёт больше, чем получил в выборке: есть источники вне данных.",Периферия,,1,False,1,1,23500.0,100000.0,2,1,4.2553,1,1,0,0.0,,1,0,0,0,,,none
100000000607731100,peripheral,0.9,30,0.1218,"Вход 20 000 ₸ от 1 плательщика, выход 66 666 ₸ 1 получателю. Пороги ролей не достигнуты, признаков роли нет. Отдаёт больше, чем получил в выборке: есть источники вне данных.",Периферия,,1,False,1,1,20000.0,66666.0,1,1,3.3333,1,1,0,0.0,,1,0,0,0,,,none
100000007333038100,peripheral,0.9,13,0.1218,"Вход 17 500 ₸ от 1 плательщика, выход 34 994 ₸ 2 получателям. Пороги ролей не достигнуты, признаков роли нет. Отдаёт больше, чем получил в выборке: есть источники вне данных.",Периферия,,3,False,1,2,17500.0,34994.0,1,2,1.9997,0,1,0,0.0,,1,0,0,0,,,none
100000004891562100,peripheral,0.4,18,0.118,4-е колено: исходящие не собирались (обрыв выборки). Вход 103 400 ₸ от 1 плательщика. Конечным получателем не считаем. Похожие узлы 1-3 колена пересылают дальше в 29% случаев.,Периферия,,4,False,1,0,103400.0,0.0,1,0,0.0,0,1,0,0.0,,1,0,0,0,0.2867,cutoff_depth4,cutoff
100000004388983100,peripheral,0.9,65,0.1177,"seed. Вход 0 ₸ от 0 плательщиков, выход 450 816 ₸ 2 получателям. Пороги ролей не достигнуты, признаков роли нет.",Периферия,,0,True,0,2,0.0,450816.0,0,23,,0,0,0,0.0,,0,0,0,0,,seed,none
100000000572276100,peripheral,0.9,1,0.1174,"Вход 13 075 ₸ от 1 плательщика, выход 34 547 ₸ 1 получателю. Пороги ролей не достигнуты, признаков роли нет. Отдаёт больше, чем получил в выборке: есть источники вне данных.",Периферия,,3,False,1,1,13075.0,34547.0,1,1,2.6422,0,1,0,0.0,,1,0,0,0,,,none
100000002214207100,peripheral,0.4,38,0.1165,4-е колено: исходящие не собирались (обрыв выборки). Вход 97 000 ₸ от 1 плательщика. Конечным получателем не считаем. Похожие узлы 1-3 колена пересылают дальше в 29% случаев.,Периферия,,4,False,1,0,97000.0,0.0,1,0,0.0,0,1,0,0.0,,1,0,0,0,0.2867,cutoff_depth4,cutoff
100000002692044100,peripheral,0.9,12,0.1165,"Вход 97 000 ₸ от 1 плательщика, выход 0 ₸ 0 получателям. Пороги ролей не достигнуты, признаков роли нет.",Периферия,,1,False,1,0,97000.0,0.0,1,0,0.0,1,1,0,0.0,,1,0,0,0,,,none
100000001848426100,peripheral,0.9,8,0.1162,"Вход 95 530 ₸ от 1 плательщика, выход 0 ₸ 0 получателям. Пороги ролей не достигнуты, признаков роли нет.",Периферия,,2,False,1,0,95530.0,0.0,1,0,0.0,0,1,0,0.0,,1,0,0,0,,,none
100000008701944100,peripheral,0.9,15,0.1156,"Вход 52 124 ₸ от 1 плательщика, выход 0 ₸ 0 получателям. Пороги ролей не достигнуты, признаков роли нет.",Периферия,,1,False,1,0,52124.0,0.0,1,0,0.0,1,2,0,0.0,,1,0,0,0,,,none
100000001648936100,peripheral,0.9,8,0.1155,"Вход 92 740 ₸ от 1 плательщика, выход 0 ₸ 0 получателям. Пороги ролей не достигнуты, признаков роли нет.",Периферия,,2,False,1,0,92740.0,0.0,1,0,0.0,0,1,0,0.0,,1,0,0,0,,,none
100000003073398100,peripheral,0.9,8,0.1155,"Вход 92 960 ₸ от 1 плательщика, выход 0 ₸ 0 получателям. Пороги ролей не достигнуты, признаков роли нет.",Периферия,,2,False,1,0,92960.0,0.0,1,0,0.0,0,1,0,0.0,,1,0,0,0,,,none
100000003239379100,peripheral,0.9,12,0.1154,"Вход 92 500 ₸ от 1 плательщика, выход 0 ₸ 0 получателям. Пороги ролей не достигнуты, признаков роли нет.",Периферия,,1,False,1,0,92500.0,0.0,1,0,0.0,1,1,0,0.0,,1,0,0,0,,,none
100000003087877100,peripheral,0.9,20,0.1152,"Вход 91 486 ₸ от 1 плательщика, выход 0 ₸ 0 получателям. Пороги ролей не достигнуты, признаков роли нет.",Периферия,,3,False,1,0,91486.0,0.0,1,0,0.0,0,1,0,0.0,,1,0,0,0,,,none
100000006385877100,peripheral,0.9,9,0.1149,"Вход 53 707 ₸ от 1 плательщика, выход 36 603 ₸ 1 получателю. Пороги ролей не достигнуты, признаков роли нет.",Периферия,,2,False,1,1,53706.62,36602.93,5,5,0.6815,0,1,0,0.0,0.3033,1,0,1,0,,mutual_transfers,none
100000003132484100,peripheral,0.9,9,0.1148,"Вход 90 000 ₸ от 1 плательщика, выход 0 ₸ 0 получателям. Пороги ролей не достигнуты, признаков роли нет.",Периферия,,3,False,1,0,90000.0,0.0,1,0,0.0,0,1,0,0.0,,1,0,0,0,,,none
100000004225615100,peripheral,0.9,9,0.1148,"Вход 90 000 ₸ от 1 плательщика, выход 0 ₸ 0 получателям. Пороги ролей не достигнуты, признаков роли нет.",Периферия,,2,False,1,0,90000.0,0.0,2,0,0.0,0,1,0,0.0,,1,0,0,0,,,none
100000005203590100,peripheral,0.9,8,0.1148,"Вход 90 000 ₸ от 1 плательщика, выход 0 ₸ 0 получателям. Пороги ролей не достигнуты, признаков роли нет.",Периферия,,2,False,1,0,90000.0,0.0,1,0,0.0,0,1,0,0.0,,1,0,0,0,,,none
100000000600707100,peripheral,0.4,38,0.1145,4-е колено: исходящие не собирались (обрыв выборки). Вход 89 000 ₸ от 1 плательщика. Конечным получателем не считаем. Похожие узлы 1-3 колена пересылают дальше в 29% случаев.,Периферия,,4,False,1,0,89000.0,0.0,2,0,0.0,0,1,0,0.0,,1,0,0,0,0.2867,cutoff_depth4,cutoff
100000000971908100,peripheral,0.9,8,0.1145,"Вход 89 000 ₸ от 1 плательщика, выход 0 ₸ 0 получателям. Пороги ролей не достигнуты, признаков роли нет.",Периферия,,2,False,1,0,89000.0,0.0,1,0,0.0,0,1,0,0.0,,1,0,0,0,,,none
100000003123296100,peripheral,0.9,12,0.1138,"Вход 86 200 ₸ от 1 плательщика, выход 0 ₸ 0 получателям. Пороги ролей не достигнуты, признаков роли нет.",Периферия,,1,False,1,0,86200.0,0.0,2,0,0.0,1,1,0,0.0,,1,0,0,0,,,none
100000006656003100,peripheral,0.9,1,0.1137,"Вход 20 000 ₸ от 1 плательщика, выход 9 000 ₸ 1 получателю. Пороги ролей не достигнуты, признаков роли нет.",Периферия,,1,False,1,1,20000.0,9000.0,1,1,0.45,1,1,0,0.0,1.0,1,0,1,0,,fast_transit;mutual_transfers,none
100000001632325100,peripheral,0.9,1,0.1136,"Вход 85 600 ₸ от 1 плательщика, выход 0 ₸ 0 получателям. Пороги ролей не достигнуты, признаков роли нет.",Периферия,,3,False,1,0,85600.0,0.0,3,0,0.0,0,1,0,0.0,,1,0,0,0,,,none
100000003970394100,peripheral,0.9,12,0.1135,"Вход 85 000 ₸ от 1 плательщика, выход 0 ₸ 0 получателям. Пороги ролей не достигнуты, признаков роли нет.",Периферия,,1,False,1,0,85000.0,0.0,1,0,0.0,1,1,0,0.0,,1,0,0,0,,,none
100000002662768100,peripheral,0.9,3,0.1133,"Вход 84 300 ₸ от 1 плательщика, выход 0 ₸ 0 получателям. Пороги ролей не достигнуты, признаков роли нет.",Периферия,,1,False,1,0,84300.0,0.0,1,0,0.0,1,1,0,0.0,,1,0,0,0,,,none
100000002870937100,peripheral,0.9,8,0.1131,"Вход 83 700 ₸ от 1 плательщика, выход 0 ₸ 0 получателям. Пороги ролей не достигнуты, признаков роли нет.",Периферия,,1,False,1,0,83700.0,0.0,1,0,0.0,1,1,0,0.0,,1,0,0,0,,,none
100000003865939100,peripheral,0.9,69,0.1125,"Вход 81 465 ₸ от 1 плательщика, выход 0 ₸ 0 получателям. Пороги ролей не достигнуты, признаков роли нет.",Периферия,,1,False,1,0,81465.0,0.0,1,0,0.0,1,1,0,0.0,,1,0,0,0,,,none
100000002566204100,peripheral,0.9,10,0.1123,"Вход 80 805 ₸ от 1 плательщика, выход 0 ₸ 0 получателям. Пороги ролей не достигнуты, признаков роли нет.",Периферия,,2,False,1,0,80805.0,0.0,1,0,0.0,0,1,0,0.0,,1,0,0,0,,,none
100000001952325100,peripheral,0.9,1,0.1115,"Вход 77 888 ₸ от 1 плательщика, выход 0 ₸ 0 получателям. Пороги ролей не достигнуты, признаков роли нет.",Периферия,,1,False,1,0,77888.0,0.0,2,0,0.0,1,1,0,0.0,,1,0,0,0,,,none
100000008737422100,peripheral,0.9,1,0.1112,"Вход 76 903 ₸ от 1 плательщика, выход 0 ₸ 0 получателям. Пороги ролей не достигнуты, признаков роли нет.",Периферия,,1,False,1,0,76903.0,0.0,1,0,0.0,1,1,0,0.0,,1,0,0,0,,,none
100000008778010100,peripheral,0.4,1,0.1112,4-е колено: исходящие не собирались (обрыв выборки). Вход 76 950 ₸ от 1 плательщика. Конечным получателем не считаем. Похожие узлы 1-3 колена пересылают дальше в 29% случаев.,Периферия,,4,False,1,0,76950.0,0.0,2,0,0.0,0,1,0,0.0,,1,0,0,0,0.2867,cutoff_depth4,cutoff
100000005931985100,peripheral,0.9,13,0.1109,"Вход 76 000 ₸ от 1 плательщика, выход 0 ₸ 0 получателям. Пороги ролей не достигнуты, признаков роли нет.",Периферия,,2,False,1,0,76000.0,0.0,1,0,0.0,0,1,0,0.0,,1,0,0,0,,,none
100000008712827100,peripheral,0.9,1,0.1109,"Вход 76 000 ₸ от 1 плательщика, выход 0 ₸ 0 получателям. Пороги ролей не достигнуты, признаков роли нет.",Периферия,,3,False,1,0,76000.0,0.0,1,0,0.0,0,1,0,0.0,,1,0,0,0,,,none
100000004792397100,peripheral,0.9,1,0.1101,"Вход 73 520 ₸ от 1 плательщика, выход 0 ₸ 0 получателям. Пороги ролей не достигнуты, признаков роли нет.",Периферия,,1,False,1,0,73520.0,0.0,1,0,0.0,1,1,0,0.0,,1,0,0,0,,,none
100000006030946100,peripheral,0.9,1,0.1101,"Вход 73 289 ₸ от 1 плательщика, выход 0 ₸ 0 получателям. Пороги ролей не достигнуты, признаков роли нет.",Периферия,,1,False,1,0,73289.0,0.0,1,0,0.0,1,1,0,0.0,,1,0,0,0,,,none
100000008718811100,peripheral,0.9,1,0.1101,"Вход 73 300 ₸ от 1 плательщика, выход 0 ₸ 0 получателям. Пороги ролей не достигнуты, признаков роли нет.",Периферия,,3,False,1,0,73300.0,0.0,1,0,0.0,0,1,0,0.0,,1,0,0,0,,,none
100000002488629100,peripheral,0.9,8,0.11,"Вход 73 050 ₸ от 1 плательщика, выход 0 ₸ 0 получателям. Пороги ролей не достигнуты, признаков роли нет.",Периферия,,2,False,1,0,73050.0,0.0,1,0,0.0,0,1,0,0.0,,1,0,0,0,,,none
100000002757791100,peripheral,0.9,28,0.11,"Вход 73 050 ₸ от 1 плательщика, выход 0 ₸ 0 получателям. Пороги ролей не достигнуты, признаков роли нет.",Периферия,,3,False,1,0,73050.0,0.0,1,0,0.0,0,1,0,0.0,,1,0,0,0,,,none
100000004813068100,peripheral,0.85,24,0.1096,"seed. Вход 0 ₸ от 0 плательщиков, выход 297 000 ₸ 3 получателям. Пороги ролей не достигнуты, признаков роли нет.",Периферия,,0,True,0,3,0.0,297000.0,0,5,,0,0,0,0.0,,0,0,0,0,,seed,none
100000001380986100,peripheral,0.9,9,0.1091,"Вход 70 170 ₸ от 1 плательщика, выход 0 ₸ 0 получателям. Пороги ролей не достигнуты, признаков роли нет.",Периферия,,2,False,1,0,70170.0,0.0,1,0,0.0,0,1,0,0.0,,1,0,0,0,,,none
100000004030553100,peripheral,0.4,20,0.109,4-е колено: исходящие не собирались (обрыв выборки). Вход 70 000 ₸ от 1 плательщика. Конечным получателем не считаем. Похожие узлы 1-3 колена пересылают дальше в 29% случаев.,Периферия,,4,False,1,0,70000.0,0.0,1,0,0.0,0,1,0,0.0,,1,0,0,0,0.2867,cutoff_depth4,cutoff
100000005877725100,peripheral,0.9,1,0.109,"Вход 70 000 ₸ от 1 плательщика, выход 0 ₸ 0 получателям. Пороги ролей не достигнуты, признаков роли нет.",Периферия,,1,False,1,0,70000.0,0.0,1,0,0.0,1,1,0,0.0,,1,0,0,0,,,none
100000006008169100,peripheral,0.9,12,0.109,"Вход 70 000 ₸ от 1 плательщика, выход 0 ₸ 0 получателям. Пороги ролей не достигнуты, признаков роли нет.",Периферия,,1,False,1,0,70000.0,0.0,1,0,0.0,1,1,0,0.0,,1,0,0,0,,,none
100000008776420100,peripheral,0.9,1,0.1088,"Вход 69 500 ₸ от 1 плательщика, выход 0 ₸ 0 получателям. Пороги ролей не достигнуты, признаков роли нет.",Периферия,,3,False,1,0,69500.0,0.0,1,0,0.0,0,1,0,0.0,,1,0,0,0,,,none
100000005485830100,peripheral,0.75,47,0.1081,"seed. Вход 0 ₸ от 0 плательщиков, выход 275 885 ₸ 5 получателям. Пороги ролей не достигнуты, признаков роли нет.",Периферия,,0,True,0,5,0.0,275885.0,0,9,,0,0,0,0.0,,0,0,0,0,,seed,none
100000004192865100,peripheral,0.9,30,0.1079,"Вход 66 666 ₸ от 1 плательщика, выход 0 ₸ 0 получателям. Пороги ролей не достигнуты, признаков роли нет.",Периферия,,2,False,1,0,66666.0,0.0,1,0,0.0,0,1,0,0.0,,1,0,0,0,,,none
100000008712991100,peripheral,0.9,1,0.1077,"Вход 66 100 ₸ от 1 плательщика, выход 0 ₸ 0 получателям. Пороги ролей не достигнуты, признаков роли нет.",Периферия,,3,False,1,0,66100.0,0.0,1,0,0.0,0,1,0,0.0,,1,0,0,0,,,none
100000002199091100,peripheral,0.9,1,0.1073,"Вход 65 000 ₸ от 1 плательщика, выход 0 ₸ 0 получателям. Пороги ролей не достигнуты, признаков роли нет.",Периферия,,2,False,1,0,65000.0,0.0,1,0,0.0,0,1,0,0.0,,1,0,0,0,,,none
100000004066370100,peripheral,0.4,38,0.1073,4-е колено: исходящие не собирались (обрыв выборки). Вход 65 000 ₸ от 1 плательщика. Конечным получателем не считаем. Похожие узлы 1-3 колена пересылают дальше в 29% случаев.,Периферия,,4,False,1,0,65000.0,0.0,2,0,0.0,0,1,0,0.0,,1,0,0,0,0.2867,cutoff_depth4,cutoff
100000005608515100,peripheral,0.9,8,0.1069,"Вход 64 000 ₸ от 1 плательщика, выход 0 ₸ 0 получателям. Пороги ролей не достигнуты, признаков роли нет.",Периферия,,2,False,1,0,64000.0,0.0,4,0,0.0,0,1,0,0.0,,1,0,0,0,,,none
100000006989106100,peripheral,0.9,8,0.1069,"Вход 64 000 ₸ от 1 плательщика, выход 0 ₸ 0 получателям. Пороги ролей не достигнуты, признаков роли нет.",Периферия,,2,False,1,0,64000.0,0.0,2,0,0.0,0,1,0,0.0,,1,0,0,0,,,none
100000003567087100,peripheral,0.9,1,0.1063,"Вход 62 115 ₸ от 1 плательщика, выход 0 ₸ 0 получателям. Пороги ролей не достигнуты, признаков роли нет.",Периферия,,1,False,1,0,62115.0,0.0,1,0,0.0,1,1,0,0.0,,1,0,0,0,,,none
100000002844652100,peripheral,0.9,8,0.106,"Вход 61 360 ₸ от 1 плательщика, выход 0 ₸ 0 получателям. Пороги ролей не достигнуты, признаков роли нет.",Периферия,,1,False,1,0,61360.0,0.0,1,0,0.0,1,1,0,0.0,,1,0,0,0,,,none
100000003148220100,peripheral,0.9,59,0.1055,"Вход 5 650 ₸ от 1 плательщика, выход 43 400 ₸ 2 получателям. Пороги ролей не достигнуты, признаков роли нет. Отдаёт больше, чем получил в выборке: есть источники вне данных.",Периферия,,1,False,1,2,5650.0,43400.0,1,4,7.6814,1,1,0,0.0,0.2212,1,0,1,0,,mutual_transfers,none
100000008765627100,peripheral,0.9,8,0.1055,"Вход 60 000 ₸ от 1 плательщика, выход 0 ₸ 0 получателям. Пороги ролей не достигнуты, признаков роли нет.",Периферия,,2,False,1,0,60000.0,0.0,1,0,0.0,0,1,0,0.0,,1,0,0,0,,,none
100000006888238100,peripheral,0.9,59,0.105,"Вход 18 000 ₸ от 1 плательщика, выход 30 000 ₸ 1 получателю. Пороги ролей не достигнуты, признаков роли нет. Отдаёт больше, чем получил в выборке: есть источники вне данных.",Периферия,,2,False,1,1,18000.0,30000.0,1,1,1.6667,0,1,0,0.0,,1,0,0,0,,,none
100000006734554100,peripheral,0.9,30,0.1049,"Вход 16 500 ₸ от 1 плательщика, выход 25 000 ₸ 1 получателю. Пороги ролей не достигнуты, признаков роли нет. Отдаёт больше, чем получил в выборке: есть источники вне данных.",Периферия,,1,False,1,1,16500.0,25000.0,1,1,1.5152,1,1,0,0.0,,1,0,0,0,,,none
100000008028628100,peripheral,0.9,1,0.1044,"Вход 57 224 ₸ от 1 плательщика, выход 0 ₸ 0 получателям. Пороги ролей не достигнуты, признаков роли нет.",Периферия,,1,False,1,0,57224.0,0.0,1,0,0.0,1,1,0,0.0,,1,0,0,0,,,none
100000002305007100,peripheral,0.9,1,0.1039,"Вход 56 000 ₸ от 1 плательщика, выход 0 ₸ 0 получателям. Пороги ролей не достигнуты, признаков роли нет.",Периферия,,3,False,1,0,56000.0,0.0,1,0,0.0,0,1,0,0.0,,1,0,0,0,,,none
100000002864680100,peripheral,0.9,12,0.1038,"Вход 55 932 ₸ от 1 плательщика, выход 0 ₸ 0 получателям. Пороги ролей не достигнуты, признаков роли нет.",Периферия,,1,False,1,0,55932.0,0.0,1,0,0.0,1,1,0,0.0,,1,0,0,0,,,none
100000008745489100,peripheral,0.9,1,0.1037,"Вход 55 539 ₸ от 1 плательщика, выход 0 ₸ 0 получателям. Пороги ролей не достигнуты, признаков роли нет.",Периферия,,1,False,1,0,55539.0,0.0,1,0,0.0,1,1,0,0.0,,1,0,0,0,,,none
100000008736760100,peripheral,0.9,1,0.1034,"Вход 54 757 ₸ от 1 плательщика, выход 0 ₸ 0 получателям. Пороги ролей не достигнуты, признаков роли нет.",Периферия,,1,False,1,0,54757.0,0.0,1,0,0.0,1,1,0,0.0,,1,0,0,0,,,none
100000008008463100,peripheral,0.9,8,0.1031,"Вход 54 180 ₸ от 1 плательщика, выход 0 ₸ 0 получателям. Пороги ролей не достигнуты, признаков роли нет.",Периферия,,2,False,1,0,54180.0,0.0,1,0,0.0,0,1,0,0.0,,1,0,0,0,,,none
100000008655035100,peripheral,0.9,8,0.1029,"Вход 30 000 ₸ от 1 плательщика, выход 0 ₸ 0 получателям. Пороги ролей не достигнуты, признаков роли нет.",Периферия,,2,False,1,0,30000.0,0.0,1,0,0.0,0,2,0,0.0,,1,0,0,0,,,none
100000001696818100,peripheral,0.9,3,0.1028,"Вход 53 550 ₸ от 1 плательщика, выход 0 ₸ 0 получателям. Пороги ролей не достигнуты, признаков роли нет.",Периферия,,1,False,1,0,53550.0,0.0,1,0,0.0,1,1,0,0.0,,1,0,0,0,,,none
100000008219168100,peripheral,0.9,8,0.1027,"Вход 53 200 ₸ от 1 плательщика, выход 0 ₸ 0 получателям. Пороги ролей не достигнуты, признаков роли нет.",Периферия,,1,False,1,0,53200.0,0.0,2,0,0.0,1,1,0,0.0,,1,0,0,0,,,none
100000008746673100,peripheral,0.9,1,0.1026,"Вход 53 048 ₸ от 1 плательщика, выход 0 ₸ 0 получателям. Пороги ролей не достигнуты, признаков роли нет.",Периферия,,1,False,1,0,53048.0,0.0,1,0,0.0,1,1,0,0.0,,1,0,0,0,,,none
100000004257714100,peripheral,0.9,1,0.1023,"Вход 52 220 ₸ от 1 плательщика, выход 0 ₸ 0 получателям. Пороги ролей не достигнуты, признаков роли нет.",Периферия,,3,False,1,0,52220.0,0.0,1,0,0.0,0,1,0,0.0,,1,0,0,0,,,none
100000004841728100,peripheral,0.9,1,0.1023,"Вход 52 208 ₸ от 1 плательщика, выход 0 ₸ 0 получателям. Пороги ролей не достигнуты, признаков роли нет.",Периферия,,1,False,1,0,52208.0,0.0,1,0,0.0,1,1,0,0.0,,1,0,0,0,,,none
100000007303047100,peripheral,0.9,1,0.1023,"Вход 52 250 ₸ от 1 плательщика, выход 0 ₸ 0 получателям. Пороги ролей не достигнуты, признаков роли нет.",Периферия,,3,False,1,0,52250.0,0.0,1,0,0.0,0,1,0,0.0,,1,0,0,0,,,none
100000008684452100,peripheral,0.9,1,0.1021,"Вход 51 800 ₸ от 1 плательщика, выход 0 ₸ 0 получателям. Пороги ролей не достигнуты, признаков роли нет.",Периферия,,3,False,1,0,51800.0,0.0,1,0,0.0,0,1,0,0.0,,1,0,0,0,,,none
100000006912294100,peripheral,0.9,9,0.1018,"Вход 6 335 ₸ от 1 плательщика, выход 30 000 ₸ 2 получателям. Пороги ролей не достигнуты, признаков роли нет. Отдаёт больше, чем получил в выборке: есть источники вне данных.",Периферия,,2,False,1,2,6335.09,30000.0,1,2,4.7355,0,1,0,0.0,,1,0,1,0,,mutual_transfers,none
100000007018630100,peripheral,0.95,61,0.1018,"seed. Вход 0 ₸ от 0 плательщиков, выход 200 000 ₸ 1 получателю. Пороги ролей не достигнуты, признаков роли нет.",Периферия,,0,True,0,1,0.0,200000.0,0,5,,0,0,0,0.0,,0,0,0,0,,seed,none
100000008304115100,peripheral,0.9,12,0.1017,"Вход 51 000 ₸ от 1 плательщика, выход 0 ₸ 0 получателям. Пороги ролей не достигнуты, признаков роли нет.",Периферия,,1,False,1,0,51000.0,0.0,1,0,0.0,1,1,0,0.0,,1,0,0,0,,,none
100000001250022100,peripheral,0.9,8,0.1013,"Вход 50 000 ₸ от 1 плательщика, выход 0 ₸ 0 получателям. Пороги ролей не достигнуты, признаков роли нет.",Периферия,,2,False,1,0,50000.0,0.0,1,0,0.0,0,1,0,0.0,,1,0,0,0,,,none
100000002369443100,peripheral,0.9,1,0.1013,"Вход 50 000 ₸ от 1 плательщика, выход 0 ₸ 0 получателям. Пороги ролей не достигнуты, признаков роли нет.",Периферия,,3,False,1,0,50000.0,0.0,1,0,0.0,0,1,0,0.0,,1,0,0,0,,,none
100000002842337100,peripheral,0.9,8,0.1013,"Вход 50 000 ₸ от 1 плательщика, выход 0 ₸ 0 получателям. Пороги ролей не достигнуты, признаков роли нет.",Периферия,,2,False,1,0,50000.0,0.0,1,0,0.0,0,1,0,0.0,,1,0,0,0,,,none
100000003922499100,peripheral,0.9,12,0.1013,"Вход 50 000 ₸ от 1 плательщика, выход 0 ₸ 0 получателям. Пороги ролей не достигнуты, признаков роли нет.",Периферия,,2,False,1,0,50000.0,0.0,1,0,0.0,0,1,0,0.0,,1,0,0,0,,,none
100000004491749100,peripheral,0.9,8,0.1013,"Вход 50 000 ₸ от 1 плательщика, выход 0 ₸ 0 получателям. Пороги ролей не достигнуты, признаков роли нет.",Периферия,,3,False,1,0,50000.0,0.0,1,0,0.0,0,1,0,0.0,,1,0,0,0,,,none
100000008772058100,peripheral,0.9,1,0.1013,"Вход 50 000 ₸ от 1 плательщика, выход 0 ₸ 0 получателям. Пороги ролей не достигнуты, признаков роли нет.",Периферия,,2,False,1,0,50000.0,0.0,1,0,0.0,0,1,0,0.0,,1,0,0,0,,,none
100000008713685100,peripheral,0.9,1,0.1011,"Вход 49 700 ₸ от 1 плательщика, выход 0 ₸ 0 получателям. Пороги ролей не достигнуты, признаков роли нет.",Периферия,,3,False,1,0,49700.0,0.0,1,0,0.0,0,1,0,0.0,,1,0,0,0,,,none
100000008782421100,peripheral,0.9,1,0.1011,"Вход 49 680 ₸ от 1 плательщика, выход 0 ₸ 0 получателям. Пороги ролей не достигнуты, признаков роли нет.",Периферия,,1,False,1,0,49680.0,0.0,1,0,0.0,1,1,0,0.0,,1,0,0,0,,,none
100000001279875100,peripheral,0.9,13,0.1009,"Вход 49 235 ₸ от 1 плательщика, выход 0 ₸ 0 получателям. Пороги ролей не достигнуты, признаков роли нет.",Периферия,,2,False,1,0,49235.0,0.0,1,0,0.0,0,1,0,0.0,,1,0,0,0,,,none
100000008557672100,peripheral,0.9,1,0.1009,"Вход 49 125 ₸ от 1 плательщика, выход 0 ₸ 0 получателям. Пороги ролей не достигнуты, признаков роли нет.",Периферия,,2,False,1,0,49125.0,0.0,1,0,0.0,0,1,0,0.0,,1,0,0,0,,,none
100000008677518100,peripheral,0.9,1,0.1007,"Вход 48 700 ₸ от 1 плательщика, выход 0 ₸ 0 получателям. Пороги ролей не достигнуты, признаков роли нет.",Периферия,,3,False,1,0,48700.0,0.0,1,0,0.0,0,1,0,0.0,,1,0,0,0,,,none
100000005961971100,peripheral,0.9,1,0.1,"Вход 47 353 ₸ от 1 плательщика, выход 0 ₸ 0 получателям. Пороги ролей не достигнуты, признаков роли нет.",Периферия,,1,False,1,0,47353.0,0.0,1,0,0.0,1,1,0,0.0,,1,0,0,0,,,none
100000008749618100,peripheral,0.9,1,0.1,"Вход 47 280 ₸ от 1 плательщика, выход 0 ₸ 0 получателям. Пороги ролей не достигнуты, признаков роли нет.",Периферия,,1,False,1,0,47280.0,0.0,1,0,0.0,1,1,0,0.0,,1,0,0,0,,,none
100000008745725100,peripheral,0.9,1,0.0999,"Вход 47 060 ₸ от 1 плательщика, выход 0 ₸ 0 получателям. Пороги ролей не достигнуты, признаков роли нет.",Периферия,,1,False,1,0,47060.0,0.0,1,0,0.0,1,1,0,0.0,,1,0,0,0,,,none
100000008768896100,peripheral,0.9,1,0.0999,"Вход 47 060 ₸ от 1 плательщика, выход 0 ₸ 0 получателям. Пороги ролей не достигнуты, признаков роли нет.",Периферия,,1,False,1,0,47060.0,0.0,1,0,0.0,1,1,0,0.0,,1,0,0,0,,,none
100000002952756100,peripheral,0.9,10,0.0998,"Вход 47 000 ₸ от 1 плательщика, выход 0 ₸ 0 получателям. Пороги ролей не достигнуты, признаков роли нет.",Периферия,,3,False,1,0,47000.0,0.0,1,0,0.0,0,1,0,0.0,,1,0,0,0,,,none
100000003888271100,peripheral,0.9,45,0.0995,"Вход 12 177 ₸ от 1 плательщика, выход 25 590 ₸ 2 получателям. Пороги ролей не достигнуты, признаков роли нет. Отдаёт больше, чем получил в выборке: есть источники вне данных.",Периферия,,1,False,1,2,12177.0,25590.0,2,3,2.1015,1,1,0,0.0,0.27,1,0,1,0,,mutual_transfers,none
100000004096559100,peripheral,0.9,8,0.0995,"Вход 46 200 ₸ от 1 плательщика, выход 0 ₸ 0 получателям. Пороги ролей не достигнуты, признаков роли нет.",Периферия,,3,False,1,0,46200.0,0.0,1,0,0.0,0,1,0,0.0,,1,0,0,0,,,none
100000008754747100,peripheral,0.9,1,0.0991,"Вход 45 500 ₸ от 1 плательщика, выход 0 ₸ 0 получателям. Пороги ролей не достигнуты, признаков роли нет.",Периферия,,3,False,1,0,45500.0,0.0,1,0,0.0,0,1,0,0.0,,1,0,0,0,,,none
100000008738325100,peripheral,0.9,19,0.099,"seed. Вход 36 550 ₸ от 1 плательщика, выход 54 000 ₸ 1 получателю. Пороги ролей не достигнуты, признаков роли нет.",Периферия,,0,True,1,1,36550.0,54000.0,1,1,1.4774,1,1,0,0.0,,1,0,0,0,,seed,none
100000002706810100,peripheral,0.4,18,0.0988,4-е колено: исходящие не собирались (обрыв выборки). Вход 45 000 ₸ от 1 плательщика. Конечным получателем не считаем. Похожие узлы 1-3 колена пересылают дальше в 27% случаев.,Периферия,,4,False,1,0,45000.0,0.0,1,0,0.0,0,1,0,0.0,,1,0,0,0,0.2693,cutoff_depth4,cutoff
100000007861311100,peripheral,0.9,8,0.0988,"Вход 45 000 ₸ от 1 плательщика, выход 0 ₸ 0 получателям. Пороги ролей не достигнуты, признаков роли нет.",Периферия,,2,False,1,0,45000.0,0.0,1,0,0.0,0,1,0,0.0,,1,0,0,0,,,none
100000000978041100,peripheral,0.9,1,0.0986,"Вход 44 445 ₸ от 1 плательщика, выход 0 ₸ 0 получателям. Пороги ролей не достигнуты, признаков роли нет.",Периферия,,1,False,1,0,44445.0,0.0,1,0,0.0,1,1,0,0.0,,1,0,0,0,,,none
100000002908521100,peripheral,0.9,1,0.0986,"Вход 44 500 ₸ от 1 плательщика, выход 0 ₸ 0 получателям. Пороги ролей не достигнуты, признаков роли нет.",Периферия,,3,False,1,0,44500.0,0.0,1,0,0.0,0,1,0,0.0,,1,0,0,0,,,none
100000004254434100,peripheral,0.9,1,0.0986,"Вход 44 445 ₸ от 1 плательщика, выход 0 ₸ 0 получателям. Пороги ролей не достигнуты, признаков роли нет.",Периферия,,1,False,1,0,44445.0,0.0,2,0,0.0,1,1,0,0.0,,1,0,0,0,,,none
100000008744849100,peripheral,0.9,1,0.0986,"Вход 44 445 ₸ от 1 плательщика, выход 0 ₸ 0 получателям. Пороги ролей не достигнуты, признаков роли нет.",Периферия,,1,False,1,0,44445.0,0.0,1,0,0.0,1,1,0,0.0,,1,0,0,0,,,none
100000008772246100,peripheral,0.9,1,0.0986,"Вход 44 500 ₸ от 1 плательщика, выход 0 ₸ 0 получателям. Пороги ролей не достигнуты, признаков роли нет.",Периферия,,3,False,1,0,44500.0,0.0,1,0,0.0,0,1,0,0.0,,1,0,0,0,,,none
100000008688881100,peripheral,0.9,1,0.0984,"Вход 44 211 ₸ от 1 плательщика, выход 0 ₸ 0 получателям. Пороги ролей не достигнуты, признаков роли нет.",Периферия,,2,False,1,0,44211.0,0.0,1,0,0.0,0,1,0,0.0,,1,0,0,0,,,none
100000008687617100,peripheral,0.9,1,0.098,"Вход 43 350 ₸ от 1 плательщика, выход 0 ₸ 0 получателям. Пороги ролей не достигнуты, признаков роли нет.",Периферия,,3,False,1,0,43350.0,0.0,2,0,0.0,0,1,0,0.0,,1,0,0,0,,,none
100000008782800100,peripheral,0.9,1,0.098,"Вход 43 381 ₸ от 1 плательщика, выход 0 ₸ 0 получателям. Пороги ролей не достигнуты, признаков роли нет.",Периферия,,1,False,1,0,43381.0,0.0,1,0,0.0,1,1,0,0.0,,1,0,0,0,,,none
100000008661585100,peripheral,0.9,1,0.0979,"Вход 43 141 ₸ от 1 плательщика, выход 0 ₸ 0 получателям. Пороги ролей не достигнуты, признаков роли нет.",Периферия,,1,False,1,0,43141.0,0.0,1,0,0.0,1,1,0,0.0,,1,0,0,0,,,none
100000008776298100,peripheral,0.9,1,0.0977,"Вход 42 800 ₸ от 1 плательщика, выход 0 ₸ 0 получателям. Пороги ролей не достигнуты, признаков роли нет.",Периферия,,1,False,1,0,42800.0,0.0,1,0,0.0,1,1,0,0.0,,1,0,0,0,,,none
100000006471232100,peripheral,0.9,1,0.0972,"Вход 41 800 ₸ от 1 плательщика, выход 0 ₸ 0 получателям. Пороги ролей не достигнуты, признаков роли нет.",Периферия,,3,False,1,0,41800.0,0.0,1,0,0.0,0,1,0,0.0,,1,0,0,0,,,none
100000008717340100,peripheral,0.9,1,0.097,"Вход 41 500 ₸ от 1 плательщика, выход 0 ₸ 0 получателям. Пороги ролей не достигнуты, признаков роли нет.",Периферия,,1,False,1,0,41500.0,0.0,1,0,0.0,1,1,0,0.0,,1,0,0,0,,,none
100000006746688100,peripheral,0.9,1,0.0967,"Вход 41 000 ₸ от 1 плательщика, выход 0 ₸ 0 получателям. Пороги ролей не достигнуты, признаков роли нет.",Периферия,,3,False,1,0,41000.0,0.0,1,0,0.0,0,1,0,0.0,,1,0,0,0,,,none
100000001740277100,peripheral,0.9,8,0.0965,"Вход 8 700 ₸ от 1 плательщика, выход 5 000 ₸ 1 получателю. Пороги ролей не достигнуты, признаков роли нет.",Периферия,,3,False,1,1,8700.0,5000.0,1,1,0.5747,0,1,0,0.0,1.0,1,0,1,0,,fast_transit;mutual_transfers,none
100000008745474100,peripheral,0.9,1,0.0965,"Вход 40 559 ₸ от 1 плательщика, выход 0 ₸ 0 получателям. Пороги ролей не достигнуты, признаков роли нет.",Периферия,,1,False,1,0,40559.0,0.0,1,0,0.0,1,1,0,0.0,,1,0,0,0,,,none
100000001418900100,peripheral,0.9,1,0.0962,"Вход 40 140 ₸ от 1 плательщика, выход 0 ₸ 0 получателям. Пороги ролей не достигнуты, признаков роли нет.",Периферия,,2,False,1,0,40140.0,0.0,2,0,0.0,0,1,0,0.0,,1,0,0,0,,,none
100000005100475100,peripheral,0.9,8,0.0961,"Вход 40 000 ₸ от 1 плательщика, выход 0 ₸ 0 получателям. Пороги ролей не достигнуты, признаков роли нет.",Периферия,,3,False,1,0,40000.0,0.0,1,0,0.0,0,1,0,0.0,,1,0,0,0,,,none
100000005636951100,peripheral,0.4,28,0.0961,4-е колено: исходящие не собирались (обрыв выборки). Вход 40 000 ₸ от 1 плательщика. Конечным получателем не считаем. Похожие узлы 1-3 колена пересылают дальше в 27% случаев.,Периферия,,4,False,1,0,40000.0,0.0,1,0,0.0,0,1,0,0.0,,1,0,0,0,0.2693,cutoff_depth4,cutoff
100000006369769100,peripheral,0.9,1,0.0961,"Вход 40 000 ₸ от 1 плательщика, выход 0 ₸ 0 получателям. Пороги ролей не достигнуты, признаков роли нет.",Периферия,,1,False,1,0,40000.0,0.0,1,0,0.0,1,1,0,0.0,,1,0,0,0,,,none
100000007938486100,peripheral,0.9,1,0.0959,"Вход 39 500 ₸ от 1 плательщика, выход 0 ₸ 0 получателям. Пороги ролей не достигнуты, признаков роли нет.",Периферия,,1,False,1,0,39500.0,0.0,1,0,0.0,1,1,0,0.0,,1,0,0,0,,,none
100000008735384100,peripheral,0.9,1,0.0957,"Вход 39 220 ₸ от 1 плательщика, выход 0 ₸ 0 получателям. Пороги ролей не достигнуты, признаков роли нет.",Периферия,,1,False,1,0,39220.0,0.0,1,0,0.0,1,1,0,0.0,,1,0,0,0,,,none
100000008522127100,peripheral,0.95,63,0.0956,"seed. Вход 0 ₸ от 0 плательщиков, выход 145 000 ₸ 1 получателю. Пороги ролей не достигнуты, признаков роли нет.",Периферия,,0,True,0,1,0.0,145000.0,0,3,,0,0,0,0.0,,0,0,0,0,,seed,none
100000008771819100,peripheral,0.9,1,0.0955,"Вход 38 900 ₸ от 1 плательщика, выход 0 ₸ 0 получателям. Пороги ролей не достигнуты, признаков роли нет.",Периферия,,1,False,1,0,38900.0,0.0,1,0,0.0,1,1,0,0.0,,1,0,0,0,,,none
100000004400480100,peripheral,0.4,13,0.0954,4-е колено: исходящие не собирались (обрыв выборки). Вход 21 700 ₸ от 1 плательщика. Конечным получателем не считаем. Похожие узлы 1-3 колена пересылают дальше в 27% случаев.,Периферия,,4,False,1,0,21700.0,0.0,1,0,0.0,0,2,0,0.0,,1,0,0,0,0.2693,cutoff_depth4,cutoff
100000001307612100,peripheral,0.9,1,0.0953,"Вход 38 483 ₸ от 1 плательщика, выход 0 ₸ 0 получателям. Пороги ролей не достигнуты, признаков роли нет.",Периферия,,1,False,1,0,38483.0,0.0,1,0,0.0,1,1,0,0.0,,1,0,0,0,,,none
100000008673001100,peripheral,0.9,19,0.0953,"seed. Вход 80 000 ₸ от 1 плательщика, выход 0 ₸ 0 получателям. Пороги ролей не достигнуты, признаков роли нет.",Периферия,,0,True,1,0,80000.0,0.0,1,0,0.0,1,1,0,0.0,,1,0,0,0,,seed,none
100000000581662100,peripheral,0.4,13,0.0948,4-е колено: исходящие не собирались (обрыв выборки). Вход 21 160 ₸ от 1 плательщика. Конечным получателем не считаем. Похожие узлы 1-3 колена пересылают дальше в 27% случаев.,Периферия,,4,False,1,0,21160.0,0.0,1,0,0.0,0,2,0,0.0,,1,0,0,0,0.2693,cutoff_depth4,cutoff
100000008687671100,peripheral,0.9,1,0.0947,"Вход 37 500 ₸ от 1 плательщика, выход 0 ₸ 0 получателям. Пороги ролей не достигнуты, признаков роли нет.",Периферия,,1,False,1,0,37500.0,0.0,1,0,0.0,1,1,0,0.0,,1,0,0,0,,,none
100000008671081100,peripheral,0.9,1,0.0945,"Вход 37 200 ₸ от 1 плательщика, выход 0 ₸ 0 получателям. Пороги ролей не достигнуты, признаков роли нет.",Периферия,,3,False,1,0,37200.0,0.0,1,0,0.0,0,1,0,0.0,,1,0,0,0,,,none
100000002369510100,peripheral,0.9,1,0.0944,"Вход 37 150 ₸ от 1 плательщика, выход 0 ₸ 0 получателям. Пороги ролей не достигнуты, признаков роли нет.",Периферия,,3,False,1,0,37150.0,0.0,1,0,0.0,0,1,0,0.0,,1,0,0,0,,,none
100000008749405100,peripheral,0.9,1,0.0944,"Вход 37 150 ₸ от 1 плательщика, выход 0 ₸ 0 получателям. Пороги ролей не достигнуты, признаков роли нет.",Периферия,,3,False,1,0,37150.0,0.0,1,0,0.0,0,1,0,0.0,,1,0,0,0,,,none
100000002211413100,peripheral,0.9,1,0.0943,"Вход 37 000 ₸ от 1 плательщика, выход 0 ₸ 0 получателям. Пороги ролей не достигнуты, признаков роли нет.",Периферия,,1,False,1,0,37000.0,0.0,1,0,0.0,1,1,0,0.0,,1,0,0,0,,,none
100000002340562100,peripheral,0.9,8,0.0941,"Вход 36 650 ₸ от 1 плательщика, выход 0 ₸ 0 получателям. Пороги ролей не достигнуты, признаков роли нет.",Периферия,,2,False,1,0,36650.0,0.0,2,0,0.0,0,1,0,0.0,,1,0,0,0,,,none
100000008695133100,peripheral,0.9,1,0.0941,"Вход 36 610 ₸ от 1 плательщика, выход 0 ₸ 0 получателям. Пороги ролей не достигнуты, признаков роли нет.",Периферия,,3,False,1,0,36610.0,0.0,1,0,0.0,0,1,0,0.0,,1,0,0,0,,,none
100000008741372100,peripheral,0.9,1,0.0937,"Вход 35 975 ₸ от 1 плательщика, выход 0 ₸ 0 получателям. Пороги ролей не достигнуты, признаков роли нет.",Периферия,,1,False,1,0,35975.0,0.0,1,0,0.0,1,1,0,0.0,,1,0,0,0,,,none
100000005901606100,peripheral,0.9,1,0.0935,"Вход 35 660 ₸ от 1 плательщика, выход 0 ₸ 0 получателям. Пороги ролей не достигнуты, признаков роли нет.",Периферия,,1,False,1,0,35660.0,0.0,1,0,0.0,1,1,0,0.0,,1,0,0,0,,,none
100000008753193100,peripheral,0.9,1,0.0932,"Вход 35 225 ₸ от 1 плательщика, выход 0 ₸ 0 получателям. Пороги ролей не достигнуты, признаков роли нет.",Периферия,,1,False,1,0,35225.0,0.0,1,0,0.0,1,1,0,0.0,,1,0,0,0,,,none
100000004463277100,peripheral,0.9,30,0.0931,"Вход 35 000 ₸ от 1 плательщика, выход 0 ₸ 0 получателям. Пороги ролей не достигнуты, признаков роли нет.",Периферия,,2,False,1,0,35000.0,0.0,1,0,0.0,0,1,0,0.0,,1,0,0,0,,,none
100000004494983100,peripheral,0.9,1,0.0931,"Вход 35 000 ₸ от 1 плательщика, выход 0 ₸ 0 получателям. Пороги ролей не достигнуты, признаков роли нет.",Периферия,,1,False,1,0,35000.0,0.0,1,0,0.0,1,1,0,0.0,,1,0,0,0,,,none
100000002589019100,peripheral,0.9,12,0.0929,"Вход 34 710 ₸ от 1 плательщика, выход 0 ₸ 0 получателям. Пороги ролей не достигнуты, признаков роли нет.",Периферия,,1,False,1,0,34710.0,0.0,1,0,0.0,1,1,0,0.0,,1,0,0,0,,,none
100000001557930100,peripheral,0.9,8,0.0928,"Вход 34 610 ₸ от 1 плательщика, выход 0 ₸ 0 получателям. Пороги ролей не достигнуты, признаков роли нет.",Периферия,,2,False,1,0,34610.0,0.0,1,0,0.0,0,1,0,0.0,,1,0,0,0,,,none
100000008745676100,peripheral,0.4,1,0.0928,4-е колено: исходящие не собирались (обрыв выборки). Вход 34 547 ₸ от 1 плательщика. Конечным получателем не считаем. Похожие узлы 1-3 колена пересылают дальше в 27% случаев.,Периферия,,4,False,1,0,34547.0,0.0,1,0,0.0,0,1,0,0.0,,1,0,0,0,0.2693,cutoff_depth4,cutoff
100000003044518100,peripheral,0.9,8,0.0927,"Вход 34 423 ₸ от 1 плательщика, выход 0 ₸ 0 получателям. Пороги ролей не достигнуты, признаков роли нет.",Периферия,,1,False,1,0,34423.0,0.0,1,0,0.0,1,1,0,0.0,,1,0,0,0,,,none
100000005237935150,peripheral,0.9,13,0.0927,"Вход 34 508 ₸ от 1 плательщика, выход 0 ₸ 0 получателям. Пороги ролей не достигнуты, признаков роли нет.",Периферия,,2,False,1,0,34508.0,0.0,1,0,0.0,0,1,0,0.0,,1,0,0,0,,,none
100000008667795100,peripheral,0.9,1,0.0924,"Вход 34 000 ₸ от 1 плательщика, выход 0 ₸ 0 получателям. Пороги ролей не достигнуты, признаков роли нет.",Периферия,,3,False,1,0,34000.0,0.0,1,0,0.0,0,1,0,0.0,,1,0,0,0,,,none
100000008667799100,peripheral,0.9,1,0.0924,"Вход 34 000 ₸ от 1 плательщика, выход 0 ₸ 0 получателям. Пороги ролей не достигнуты, признаков роли нет.",Периферия,,3,False,1,0,34000.0,0.0,1,0,0.0,0,1,0,0.0,,1,0,0,0,,,none
100000002810870100,peripheral,0.9,1,0.0922,"Вход 33 677 ₸ от 1 плательщика, выход 0 ₸ 0 получателям. Пороги ролей не достигнуты, признаков роли нет.",Периферия,,1,False,1,0,33677.0,0.0,1,0,0.0,1,1,0,0.0,,1,0,0,0,,,none
100000008695566100,peripheral,0.9,1,0.0922,"Вход 33 700 ₸ от 1 плательщика, выход 0 ₸ 0 получателям. Пороги ролей не достигнуты, признаков роли нет.",Периферия,,3,False,1,0,33700.0,0.0,1,0,0.0,0,1,0,0.0,,1,0,0,0,,,none
100000008470470100,peripheral,0.9,1,0.0921,"Вход 33 547 ₸ от 1 плательщика, выход 0 ₸ 0 получателям. Пороги ролей не достигнуты, признаков роли нет.",Периферия,,1,False,1,0,33547.0,0.0,1,0,0.0,1,1,0,0.0,,1,0,0,0,,,none
100000008229700100,peripheral,0.9,12,0.0916,"Вход 23 500 ₸ от 1 плательщика, выход 7 200 ₸ 1 получателю. Пороги ролей не достигнуты, признаков роли нет.",Периферия,,1,False,1,1,23500.0,7200.0,1,1,0.3064,1,1,0,0.0,,1,0,0,0,,,none
100000008715513100,peripheral,0.4,18,0.0914,4-е колено: исходящие не собирались (обрыв выборки). Вход 32 500 ₸ от 1 плательщика. Конечным получателем не считаем. Похожие узлы 1-3 колена пересылают дальше в 27% случаев.,Периферия,,4,False,1,0,32500.0,0.0,1,0,0.0,0,1,0,0.0,,1,0,0,0,0.2693,cutoff_depth4,cutoff
100000003188607100,peripheral,0.9,8,0.0913,"Вход 18 000 ₸ от 1 плательщика, выход 5 000 ₸ 1 получателю. Пороги ролей не достигнуты, признаков роли нет.",Периферия,,2,False,1,1,18000.0,5000.0,1,1,0.2778,0,1,0,0.0,,1,0,0,0,,,none
100000008696919100,peripheral,0.9,1,0.091,"Вход 31 945 ₸ от 1 плательщика, выход 0 ₸ 0 получателям. Пороги ролей не достигнуты, признаков роли нет.",Периферия,,1,False,1,0,31945.0,0.0,1,0,0.0,1,1,0,0.0,,1,0,0,0,,,none
100000002158488100,peripheral,0.9,1,0.0908,"Вход 31 723 ₸ от 1 плательщика, выход 0 ₸ 0 получателям. Пороги ролей не достигнуты, признаков роли нет.",Периферия,,1,False,1,0,31723.0,0.0,1,0,0.0,1,1,0,0.0,,1,0,0,0,,,none
100000002670463100,peripheral,0.4,18,0.0906,4-е колено: исходящие не собирались (обрыв выборки). Вход 31 500 ₸ от 1 плательщика. Конечным получателем не считаем. Похожие узлы 1-3 колена пересылают дальше в 27% случаев.,Периферия,,4,False,1,0,31500.0,0.0,1,0,0.0,0,1,0,0.0,,1,0,0,0,0.2693,cutoff_depth4,cutoff
100000008779584100,peripheral,0.9,1,0.0906,"Вход 31 400 ₸ от 1 плательщика, выход 0 ₸ 0 получателям. Пороги ролей не достигнуты, признаков роли нет.",Периферия,,1,False,1,0,31400.0,0.0,1,0,0.0,1,1,0,0.0,,1,0,0,0,,,none
100000008684767100,peripheral,0.9,1,0.0904,"Вход 31 100 ₸ от 1 плательщика, выход 0 ₸ 0 получателям. Пороги ролей не достигнуты, признаков роли нет.",Периферия,,3,False,1,0,31100.0,0.0,1,0,0.0,0,1,0,0.0,,1,0,0,0,,,none
100000008769097100,peripheral,0.9,1,0.0904,"Вход 31 100 ₸ от 1 плательщика, выход 0 ₸ 0 получателям. Пороги ролей не достигнуты, признаков роли нет.",Периферия,,3,False,1,0,31100.0,0.0,1,0,0.0,0,1,0,0.0,,1,0,0,0,,,none
100000004797167100,peripheral,0.4,20,0.0903,4-е колено: исходящие не собирались (обрыв выборки). Вход 31 000 ₸ от 1 плательщика. Конечным получателем не считаем. Похожие узлы 1-3 колена пересылают дальше в 27% случаев.,Периферия,,4,False,1,0,31000.0,0.0,1,0,0.0,0,1,0,0.0,,1,0,0,0,0.2693,cutoff_depth4,cutoff
100000007982908100,peripheral,0.9,1,0.0903,"Вход 31 080 ₸ от 1 плательщика, выход 0 ₸ 0 получателям. Пороги ролей не достигнуты, признаков роли нет.",Периферия,,2,False,1,0,31080.0,0.0,1,0,0.0,0,1,0,0.0,,1,0,0,0,,,none
100000008736173100,peripheral,0.9,1,0.0903,"Вход 31 060 ₸ от 1 плательщика, выход 0 ₸ 0 получателям. Пороги ролей не достигнуты, признаков роли нет.",Периферия,,1,False,1,0,31060.0,0.0,1,0,0.0,1,1,0,0.0,,1,0,0,0,,,none
100000002324543100,peripheral,0.9,9,0.0897,"Вход 30 202 ₸ от 1 плательщика, выход 0 ₸ 0 получателям. Пороги ролей не достигнуты, признаков роли нет.",Периферия,,1,False,1,0,30202.0,0.0,1,0,0.0,1,1,0,0.0,,1,0,0,0,,,none
100000002794197100,peripheral,0.9,8,0.0896,"Вход 30 100 ₸ от 1 плательщика, выход 0 ₸ 0 получателям. Пороги ролей не достигнуты, признаков роли нет.",Периферия,,1,False,1,0,30100.0,0.0,1,0,0.0,1,1,0,0.0,,1,0,0,0,,,none
100000001852140100,peripheral,0.9,59,0.0895,"Вход 30 000 ₸ от 1 плательщика, выход 0 ₸ 0 получателям. Пороги ролей не достигнуты, признаков роли нет.",Периферия,,3,False,1,0,30000.0,0.0,1,0,0.0,0,1,0,0.0,,1,0,0,0,,,none
100000002820010100,peripheral,0.9,8,0.0895,"Вход 30 000 ₸ от 1 плательщика, выход 0 ₸ 0 получателям. Пороги ролей не достигнуты, признаков роли нет.",Периферия,,2,False,1,0,30000.0,0.0,1,0,0.0,0,1,0,0.0,,1,0,0,0,,,none
100000003157333100,peripheral,0.9,8,0.0895,"Вход 30 000 ₸ от 1 плательщика, выход 0 ₸ 0 получателям. Пороги ролей не достигнуты, признаков роли нет.",Периферия,,2,False,1,0,30000.0,0.0,1,0,0.0,0,1,0,0.0,,1,0,0,0,,,none
100000003980083100,peripheral,0.9,68,0.0895,"Вход 30 000 ₸ от 1 плательщика, выход 0 ₸ 0 получателям. Пороги ролей не достигнуты, признаков роли нет.",Периферия,,1,False,1,0,30000.0,0.0,1,0,0.0,1,1,0,0.0,,1,0,0,0,,,none
100000004058740100,peripheral,0.9,1,0.0895,"Вход 30 000 ₸ от 1 плательщика, выход 0 ₸ 0 получателям. Пороги ролей не достигнуты, признаков роли нет.",Периферия,,1,False,1,0,30000.0,0.0,1,0,0.0,1,1,0,0.0,,1,0,0,0,,,none
100000004687099100,peripheral,0.9,8,0.0895,"Вход 30 000 ₸ от 1 плательщика, выход 0 ₸ 0 получателям. Пороги ролей не достигнуты, признаков роли нет.",Периферия,,2,False,1,0,30000.0,0.0,1,0,0.0,0,1,0,0.0,,1,0,0,0,,,none
100000004825069100,peripheral,0.9,1,0.0895,"Вход 30 000 ₸ от 1 плательщика, выход 0 ₸ 0 получателям. Пороги ролей не достигнуты, признаков роли нет.",Периферия,,2,False,1,0,30000.0,0.0,4,0,0.0,0,1,0,0.0,,1,0,0,0,,,none
100000005082652100,peripheral,0.9,8,0.0895,"Вход 30 000 ₸ от 1 плательщика, выход 0 ₸ 0 получателям. Пороги ролей не достигнуты, признаков роли нет.",Периферия,,3,False,1,0,30000.0,0.0,1,0,0.0,0,1,0,0.0,,1,0,0,0,,,none
100000008727982100,peripheral,0.4,28,0.0895,4-е колено: исходящие не собирались (обрыв выборки). Вход 30 000 ₸ от 1 плательщика. Конечным получателем не считаем. Похожие узлы 1-3 колена пересылают дальше в 27% случаев.,Периферия,,4,False,1,0,30000.0,0.0,2,0,0.0,0,1,0,0.0,,1,0,0,0,0.2693,cutoff_depth4,cutoff
100000008738658100,peripheral,0.9,1,0.0895,"Вход 29 920 ₸ от 1 плательщика, выход 0 ₸ 0 получателям. Пороги ролей не достигнуты, признаков роли нет.",Периферия,,3,False,1,0,29920.0,0.0,1,0,0.0,0,1,0,0.0,,1,0,0,0,,,none
100000005417257100,peripheral,0.9,19,0.0894,"seed. Вход 0 ₸ от 0 плательщиков, выход 106 000 ₸ 2 получателям. Пороги ролей не достигнуты, признаков роли нет.",Периферия,,0,True,0,2,0.0,106000.0,0,2,,0,0,0,0.0,,0,0,0,0,,seed,none
100000008782056100,peripheral,0.9,1,0.0888,"Вход 29 082 ₸ от 1 плательщика, выход 0 ₸ 0 получателям. Пороги ролей не достигнуты, признаков роли нет.",Периферия,,1,False,1,0,29082.0,0.0,1,0,0.0,1,1,0,0.0,,1,0,0,0,,,none
100000008283183100,peripheral,0.9,1,0.0887,"Вход 29 000 ₸ от 1 плательщика, выход 0 ₸ 0 получателям. Пороги ролей не достигнуты, признаков роли нет.",Периферия,,2,False,1,0,29000.0,0.0,1,0,0.0,0,1,0,0.0,,1,0,0,0,,,none
100000005198498100,peripheral,0.9,1,0.0886,"Вход 28 800 ₸ от 1 плательщика, выход 0 ₸ 0 получателям. Пороги ролей не достигнуты, признаков роли нет.",Периферия,,3,False,1,0,28800.0,0.0,1,0,0.0,0,1,0,0.0,,1,0,0,0,,,none
100000008507703100,peripheral,0.9,1,0.0883,"Вход 28 500 ₸ от 1 плательщика, выход 0 ₸ 0 получателям. Пороги ролей не достигнуты, признаков роли нет.",Периферия,,3,False,1,0,28500.0,0.0,1,0,0.0,0,1,0,0.0,,1,0,0,0,,,none
100000008753061100,peripheral,0.9,1,0.0883,"Вход 28 400 ₸ от 1 плательщика, выход 0 ₸ 0 получателям. Пороги ролей не достигнуты, признаков роли нет.",Периферия,,3,False,1,0,28400.0,0.0,2,0,0.0,0,1,0,0.0,,1,0,0,0,,,none
100000008055972100,peripheral,0.9,1,0.0882,"Вход 28 300 ₸ от 1 плательщика, выход 0 ₸ 0 получателям. Пороги ролей не достигнуты, признаков роли нет.",Периферия,,3,False,1,0,28300.0,0.0,1,0,0.0,0,1,0,0.0,,1,0,0,0,,,none
100000008653041100,peripheral,0.9,1,0.0879,"Вход 28 000 ₸ от 1 плательщика, выход 0 ₸ 0 получателям. Пороги ролей не достигнуты, признаков роли нет.",Периферия,,3,False,1,0,28000.0,0.0,1,0,0.0,0,1,0,0.0,,1,0,0,0,,,none
100000004723755100,peripheral,0.95,3,0.0873,"seed. Вход 0 ₸ от 0 плательщиков, выход 95 000 ₸ 1 получателю. Пороги ролей не достигнуты, признаков роли нет.",Периферия,,0,True,0,1,0.0,95000.0,0,5,,0,0,0,0.0,,0,0,0,0,,seed,none
100000001954903100,peripheral,0.9,10,0.0872,"Вход 27 118 ₸ от 1 плательщика, выход 0 ₸ 0 получателям. Пороги ролей не достигнуты, признаков роли нет.",Периферия,,2,False,1,0,27118.0,0.0,1,0,0.0,0,1,0,0.0,,1,0,0,0,,,none
100000001308856100,peripheral,0.9,1,0.0871,"Вход 27 000 ₸ от 1 плательщика, выход 0 ₸ 0 получателям. Пороги ролей не достигнуты, признаков роли нет.",Периферия,,2,False,1,0,27000.0,0.0,1,0,0.0,0,1,0,0.0,,1,0,0,0,,,none
100000002103448100,peripheral,0.9,1,0.0871,"Вход 27 000 ₸ от 1 плательщика, выход 0 ₸ 0 получателям. Пороги ролей не достигнуты, признаков роли нет.",Периферия,,3,False,1,0,27000.0,0.0,1,0,0.0,0,1,0,0.0,,1,0,0,0,,,none
100000005328215100,peripheral,0.9,10,0.0871,"Вход 27 000 ₸ от 1 плательщика, выход 0 ₸ 0 получателям. Пороги ролей не достигнуты, признаков роли нет.",Периферия,,2,False,1,0,27000.0,0.0,1,0,0.0,0,1,0,0.0,,1,0,0,0,,,none
100000006701983100,peripheral,0.9,1,0.0871,"Вход 27 000 ₸ от 1 плательщика, выход 0 ₸ 0 получателям. Пороги ролей не достигнуты, признаков роли нет.",Периферия,,3,False,1,0,27000.0,0.0,1,0,0.0,0,1,0,0.0,,1,0,0,0,,,none
100000008686247100,peripheral,0.9,24,0.0871,"Вход 22 000 ₸ от 1 плательщика, выход 5 000 ₸ 1 получателю. Пороги ролей не достигнуты, признаков роли нет.",Периферия,,3,False,1,1,22000.0,5000.0,2,1,0.2273,0,1,0,0.0,,1,0,1,0,,mutual_transfers,none
100000008691495100,peripheral,0.9,1,0.0871,"Вход 27 000 ₸ от 1 плательщика, выход 0 ₸ 0 получателям. Пороги ролей не достигнуты, признаков роли нет.",Периферия,,1,False,1,0,27000.0,0.0,1,0,0.0,1,1,0,0.0,,1,0,0,0,,,none
100000006249740100,peripheral,0.85,54,0.0869,"seed. Вход 0 ₸ от 0 плательщиков, выход 93 007 ₸ 3 получателям. Пороги ролей не достигнуты, признаков роли нет.",Периферия,,0,True,0,3,0.0,93007.0,0,5,,0,0,0,0.0,,0,0,0,0,,seed,none
100000008690762100,peripheral,0.9,1,0.0869,"Вход 26 750 ₸ от 1 плательщика, выход 0 ₸ 0 получателям. Пороги ролей не достигнуты, признаков роли нет.",Периферия,,3,False,1,0,26750.0,0.0,1,0,0.0,0,1,0,0.0,,1,0,0,0,,,none
100000002214570100,peripheral,0.9,1,0.0866,"Вход 26 471 ₸ от 1 плательщика, выход 0 ₸ 0 получателям. Пороги ролей не достигнуты, признаков роли нет.",Периферия,,1,False,1,0,26471.0,0.0,1,0,0.0,1,1,0,0.0,,1,0,0,0,,,none
100000004218576100,peripheral,0.9,1,0.0864,"Вход 26 144 ₸ от 1 плательщика, выход 0 ₸ 0 получателям. Пороги ролей не достигнуты, признаков роли нет.",Периферия,,1,False,1,0,26144.0,0.0,1,0,0.0,1,1,0,0.0,,1,0,0,0,,,none
100000004435304100,peripheral,0.9,1,0.0864,"Вход 26 200 ₸ от 1 плательщика, выход 0 ₸ 0 получателям. Пороги ролей не достигнуты, признаков роли нет.",Периферия,,2,False,1,0,26200.0,0.0,1,0,0.0,0,1,0,0.0,,1,0,0,0,,,none
100000004634420100,peripheral,0.9,1,0.0864,"Вход 26 150 ₸ от 1 плательщика, выход 0 ₸ 0 получателям. Пороги ролей не достигнуты, признаков роли нет.",Периферия,,3,False,1,0,26150.0,0.0,1,0,0.0,0,1,0,0.0,,1,0,0,0,,,none
100000004783447100,peripheral,0.9,1,0.0864,"Вход 26 200 ₸ от 1 плательщика, выход 0 ₸ 0 получателям. Пороги ролей не достигнуты, признаков роли нет.",Периферия,,1,False,1,0,26200.0,0.0,1,0,0.0,1,1,0,0.0,,1,0,0,0,,,none
100000005092518100,peripheral,0.9,1,0.0864,"Вход 26 144 ₸ от 1 плательщика, выход 0 ₸ 0 получателям. Пороги ролей не достигнуты, признаков роли нет.",Периферия,,1,False,1,0,26144.0,0.0,1,0,0.0,1,1,0,0.0,,1,0,0,0,,,none
100000005674387100,peripheral,0.9,1,0.0864,"Вход 26 200 ₸ от 1 плательщика, выход 0 ₸ 0 получателям. Пороги ролей не достигнуты, признаков роли нет.",Периферия,,3,False,1,0,26200.0,0.0,1,0,0.0,0,1,0,0.0,,1,0,0,0,,,none
100000005685783100,peripheral,0.4,1,0.0864,4-е колено: исходящие не собирались (обрыв выборки). Вход 26 150 ₸ от 1 плательщика. Конечным получателем не считаем. Похожие узлы 1-3 колена пересылают дальше в 27% случаев.,Периферия,,4,False,1,0,26150.0,0.0,1,0,0.0,0,1,0,0.0,,1,0,0,0,0.2693,cutoff_depth4,cutoff
100000006491272100,peripheral,0.9,1,0.0864,"Вход 26 200 ₸ от 1 плательщика, выход 0 ₸ 0 получателям. Пороги ролей не достигнуты, признаков роли нет.",Периферия,,3,False,1,0,26200.0,0.0,1,0,0.0,0,1,0,0.0,,1,0,0,0,,,none
100000008656043100,peripheral,0.9,1,0.0864,"Вход 26 200 ₸ от 1 плательщика, выход 0 ₸ 0 получателям. Пороги ролей не достигнуты, признаков роли нет.",Периферия,,2,False,1,0,26200.0,0.0,1,0,0.0,0,1,0,0.0,,1,0,0,0,,,none
100000008662216100,peripheral,0.9,1,0.0864,"Вход 26 200 ₸ от 1 плательщика, выход 0 ₸ 0 получателям. Пороги ролей не достигнуты, признаков роли нет.",Периферия,,3,False,1,0,26200.0,0.0,1,0,0.0,0,1,0,0.0,,1,0,0,0,,,none
100000008666075100,peripheral,0.9,1,0.0864,"Вход 26 217 ₸ от 1 плательщика, выход 0 ₸ 0 получателям. Пороги ролей не достигнуты, признаков роли нет.",Периферия,,1,False,1,0,26217.0,0.0,1,0,0.0,1,1,0,0.0,,1,0,0,0,,,none
100000008671129100,peripheral,0.9,1,0.0864,"Вход 26 200 ₸ от 1 плательщика, выход 0 ₸ 0 получателям. Пороги ролей не достигнуты, признаков роли нет.",Периферия,,3,False,1,0,26200.0,0.0,1,0,0.0,0,1,0,0.0,,1,0,0,0,,,none
100000008695689100,peripheral,0.9,1,0.0864,"Вход 26 200 ₸ от 1 плательщика, выход 0 ₸ 0 получателям. Пороги ролей не достигнуты, признаков роли нет.",Периферия,,3,False,1,0,26200.0,0.0,1,0,0.0,0,1,0,0.0,,1,0,0,0,,,none
100000008707810100,peripheral,0.9,1,0.0864,"Вход 26 200 ₸ от 1 плательщика, выход 0 ₸ 0 получателям. Пороги ролей не достигнуты, признаков роли нет.",Периферия,,3,False,1,0,26200.0,0.0,1,0,0.0,0,1,0,0.0,,1,0,0,0,,,none
100000008717802100,peripheral,0.9,1,0.0864,"Вход 26 150 ₸ от 1 плательщика, выход 0 ₸ 0 получателям. Пороги ролей не достигнуты, признаков роли нет.",Периферия,,3,False,1,0,26150.0,0.0,1,0,0.0,0,1,0,0.0,,1,0,0,0,,,none
100000008734364100,peripheral,0.9,1,0.0864,"Вход 26 200 ₸ от 1 плательщика, выход 0 ₸ 0 получателям. Пороги ролей не достигнуты, признаков роли нет.",Периферия,,2,False,1,0,26200.0,0.0,1,0,0.0,0,1,0,0.0,,1,0,0,0,,,none
100000008764654100,peripheral,0.9,1,0.0864,"Вход 26 150 ₸ от 1 плательщика, выход 0 ₸ 0 получателям. Пороги ролей не достигнуты, признаков роли нет.",Периферия,,3,False,1,0,26150.0,0.0,1,0,0.0,0,1,0,0.0,,1,0,0,0,,,none
100000008776720100,peripheral,0.9,1,0.0864,"Вход 26 150 ₸ от 1 плательщика, выход 0 ₸ 0 получателям. Пороги ролей не достигнуты, признаков роли нет.",Периферия,,3,False,1,0,26150.0,0.0,1,0,0.0,0,1,0,0.0,,1,0,0,0,,,none
100000008773876100,peripheral,0.9,1,0.0863,"Вход 26 120 ₸ от 1 плательщика, выход 0 ₸ 0 получателям. Пороги ролей не достигнуты, признаков роли нет.",Периферия,,1,False,1,0,26120.0,0.0,1,0,0.0,1,1,0,0.0,,1,0,0,0,,,none
100000005228059100,peripheral,0.9,1,0.0862,"Вход 26 000 ₸ от 1 плательщика, выход 0 ₸ 0 получателям. Пороги ролей не достигнуты, признаков роли нет.",Периферия,,1,False,1,0,26000.0,0.0,1,0,0.0,1,1,0,0.0,,1,0,0,0,,,none
100000008575624100,peripheral,0.85,50,0.0861,"seed. Вход 0 ₸ от 0 плательщиков, выход 89 500 ₸ 3 получателям. Пороги ролей не достигнуты, признаков роли нет.",Периферия,,0,True,0,3,0.0,89500.0,0,5,,0,0,0,0.0,,0,0,0,0,,seed,none
100000000703902100,peripheral,0.9,1,0.0858,"Вход 25 499 ₸ от 1 плательщика, выход 0 ₸ 0 получателям. Пороги ролей не достигнуты, признаков роли нет.",Периферия,,1,False,1,0,25499.0,0.0,1,0,0.0,1,1,0,0.0,,1,0,0,0,,,none
100000004213658100,peripheral,0.9,1,0.0857,"Вход 25 347 ₸ от 1 плательщика, выход 0 ₸ 0 получателям. Пороги ролей не достигнуты, признаков роли нет.",Периферия,,1,False,1,0,25347.0,0.0,1,0,0.0,1,1,0,0.0,,1,0,0,0,,,none
100000008697670100,peripheral,0.9,1,0.0857,"Вход 25 350 ₸ от 1 плательщика, выход 0 ₸ 0 получателям. Пороги ролей не достигнуты, признаков роли нет.",Периферия,,3,False,1,0,25350.0,0.0,1,0,0.0,0,1,0,0.0,,1,0,0,0,,,none
100000006326645100,peripheral,0.9,1,0.0856,"Вход 25 264 ₸ от 1 плательщика, выход 0 ₸ 0 получателям. Пороги ролей не достигнуты, признаков роли нет.",Периферия,,1,False,1,0,25264.0,0.0,1,0,0.0,1,1,0,0.0,,1,0,0,0,,,none
100000002680477100,peripheral,0.9,13,0.0853,"Вход 25 000 ₸ от 1 плательщика, выход 0 ₸ 0 получателям. Пороги ролей не достигнуты, признаков роли нет.",Периферия,,2,False,1,0,25000.0,0.0,1,0,0.0,0,1,0,0.0,,1,0,0,0,,,none
100000003617552100,peripheral,0.9,30,0.0853,"Вход 25 000 ₸ от 1 плательщика, выход 0 ₸ 0 получателям. Пороги ролей не достигнуты, признаков роли нет.",Периферия,,2,False,1,0,25000.0,0.0,1,0,0.0,0,1,0,0.0,,1,0,0,0,,,none
100000008383405100,peripheral,0.9,24,0.0853,"Вход 25 000 ₸ от 1 плательщика, выход 0 ₸ 0 получателям. Пороги ролей не достигнуты, признаков роли нет.",Периферия,,1,False,1,0,25000.0,0.0,2,0,0.0,1,1,0,0.0,,1,0,0,0,,,none
100000002858835100,peripheral,0.9,1,0.0848,"Вход 24 400 ₸ от 1 плательщика, выход 0 ₸ 0 получателям. Пороги ролей не достигнуты, признаков роли нет.",Периферия,,1,False,1,0,24400.0,0.0,1,0,0.0,1,1,0,0.0,,1,0,0,0,,,none
100000001870116100,peripheral,0.9,1,0.0844,"Вход 24 000 ₸ от 1 плательщика, выход 0 ₸ 0 получателям. Пороги ролей не достигнуты, признаков роли нет.",Периферия,,1,False,1,0,24000.0,0.0,1,0,0.0,1,1,0,0.0,,1,0,0,0,,,none
100000002373386100,peripheral,0.9,1,0.0844,"Вход 24 000 ₸ от 1 плательщика, выход 0 ₸ 0 получателям. Пороги ролей не достигнуты, признаков роли нет.",Периферия,,3,False,1,0,24000.0,0.0,1,0,0.0,0,1,0,0.0,,1,0,0,0,,,none
100000008688476100,peripheral,0.9,1,0.0844,"Вход 24 000 ₸ от 1 плательщика, выход 0 ₸ 0 получателям. Пороги ролей не достигнуты, признаков роли нет.",Периферия,,2,False,1,0,24000.0,0.0,1,0,0.0,0,1,0,0.0,,1,0,0,0,,,none
100000008691168100,peripheral,0.9,1,0.0844,"Вход 24 000 ₸ от 1 плательщика, выход 0 ₸ 0 получателям. Пороги ролей не достигнуты, признаков роли нет.",Периферия,,2,False,1,0,24000.0,0.0,1,0,0.0,0,1,0,0.0,,1,0,0,0,,,none
100000008753897100,peripheral,0.9,1,0.0844,"Вход 24 050 ₸ от 1 плательщика, выход 0 ₸ 0 получателям. Пороги ролей не достигнуты, признаков роли нет.",Периферия,,3,False,1,0,24050.0,0.0,1,0,0.0,0,1,0,0.0,,1,0,0,0,,,none
100000008765494100,peripheral,0.9,1,0.0844,"Вход 24 000 ₸ от 1 плательщика, выход 0 ₸ 0 получателям. Пороги ролей не достигнуты, признаков роли нет.",Периферия,,2,False,1,0,24000.0,0.0,1,0,0.0,0,1,0,0.0,,1,0,0,0,,,none
100000005392290100,peripheral,0.95,69,0.0843,"seed. Вход 0 ₸ от 0 плательщиков, выход 81 465 ₸ 1 получателю. Пороги ролей не достигнуты, признаков роли нет.",Периферия,,0,True,0,1,0.0,81465.0,0,1,,0,0,0,0.0,,0,0,0,0,,seed,none
100000002216999100,peripheral,0.9,1,0.0841,"Вход 23 677 ₸ от 1 плательщика, выход 0 ₸ 0 получателям. Пороги ролей не достигнуты, признаков роли нет.",Периферия,,3,False,1,0,23677.0,0.0,1,0,0.0,0,1,0,0.0,,1,0,0,0,,,none
100000008708368100,peripheral,0.9,1,0.0841,"Вход 23 677 ₸ от 1 плательщика, выход 0 ₸ 0 получателям. Пороги ролей не достигнуты, признаков роли нет.",Периферия,,1,False,1,0,23677.0,0.0,1,0,0.0,1,1,0,0.0,,1,0,0,0,,,none
100000008722328100,peripheral,0.9,1,0.0841,"Вход 23 677 ₸ от 1 плательщика, выход 0 ₸ 0 получателям. Пороги ролей не достигнуты, признаков роли нет.",Периферия,,1,False,1,0,23677.0,0.0,1,0,0.0,1,1,0,0.0,,1,0,0,0,,,none
100000008744364100,peripheral,0.9,1,0.0841,"Вход 23 700 ₸ от 1 плательщика, выход 0 ₸ 0 получателям. Пороги ролей не достигнуты, признаков роли нет.",Периферия,,3,False,1,0,23700.0,0.0,1,0,0.0,0,1,0,0.0,,1,0,0,0,,,none
100000008771814100,peripheral,0.9,1,0.0841,"Вход 23 700 ₸ от 1 плательщика, выход 0 ₸ 0 получателям. Пороги ролей не достигнуты, признаков роли нет.",Периферия,,2,False,1,0,23700.0,0.0,1,0,0.0,0,1,0,0.0,,1,0,0,0,,,none
100000002913340100,peripheral,0.9,1,0.084,"Вход 23 600 ₸ от 1 плательщика, выход 0 ₸ 0 получателям. Пороги ролей не достигнуты, признаков роли нет.",Периферия,,3,False,1,0,23600.0,0.0,1,0,0.0,0,1,0,0.0,,1,0,0,0,,,none
100000008688155100,peripheral,0.9,1,0.084,"Вход 23 600 ₸ от 1 плательщика, выход 0 ₸ 0 получателям. Пороги ролей не достигнуты, признаков роли нет.",Периферия,,3,False,1,0,23600.0,0.0,1,0,0.0,0,1,0,0.0,,1,0,0,0,,,none
100000002603478100,peripheral,0.9,12,0.0839,"Вход 23 500 ₸ от 1 плательщика, выход 0 ₸ 0 получателям. Пороги ролей не достигнуты, признаков роли нет.",Периферия,,1,False,1,0,23500.0,0.0,1,0,0.0,1,1,0,0.0,,1,0,0,0,,,none
100000008671026100,peripheral,0.9,1,0.0839,"Вход 23 534 ₸ от 1 плательщика, выход 0 ₸ 0 получателям. Пороги ролей не достигнуты, признаков роли нет.",Периферия,,1,False,1,0,23534.0,0.0,1,0,0.0,1,1,0,0.0,,1,0,0,0,,,none
100000008680451100,peripheral,0.9,1,0.0839,"Вход 23 534 ₸ от 1 плательщика, выход 0 ₸ 0 получателям. Пороги ролей не достигнуты, признаков роли нет.",Периферия,,1,False,1,0,23534.0,0.0,1,0,0.0,1,1,0,0.0,,1,0,0,0,,,none
100000001273783100,peripheral,0.9,10,0.0836,"Вход 23 200 ₸ от 1 плательщика, выход 0 ₸ 0 получателям. Пороги ролей не достигнуты, признаков роли нет.",Периферия,,2,False,1,0,23200.0,0.0,1,0,0.0,0,1,0,0.0,,1,0,0,0,,,none
100000008769636100,peripheral,0.9,1,0.0835,"Вход 23 118 ₸ от 1 плательщика, выход 0 ₸ 0 получателям. Пороги ролей не достигнуты, признаков роли нет.",Периферия,,1,False,1,0,23118.0,0.0,1,0,0.0,1,1,0,0.0,,1,0,0,0,,,none
100000007347733100,peripheral,0.9,54,0.0834,"Вход 23 007 ₸ от 1 плательщика, выход 0 ₸ 0 получателям. Пороги ролей не достигнуты, признаков роли нет.",Периферия,,1,False,1,0,23007.0,0.0,1,0,0.0,1,1,0,0.0,,1,0,0,0,,,none
100000008690932100,peripheral,0.9,1,0.0834,"Вход 23 000 ₸ от 1 плательщика, выход 0 ₸ 0 получателям. Пороги ролей не достигнуты, признаков роли нет.",Периферия,,1,False,1,0,23000.0,0.0,1,0,0.0,1,1,0,0.0,,1,0,0,0,,,none
100000008745863100,peripheral,0.9,1,0.0833,"Вход 22 900 ₸ от 1 плательщика, выход 0 ₸ 0 получателям. Пороги ролей не достигнуты, признаков роли нет.",Периферия,,3,False,1,0,22900.0,0.0,1,0,0.0,0,1,0,0.0,,1,0,0,0,,,none
100000008130868100,peripheral,0.4,13,0.0832,4-е колено: исходящие не собирались (обрыв выборки). Вход 22 782 ₸ от 1 плательщика. Конечным получателем не считаем. Похожие узлы 1-3 колена пересылают дальше в 27% случаев.,Периферия,,4,False,1,0,22782.0,0.0,1,0,0.0,0,1,0,0.0,,1,0,0,0,0.2693,cutoff_depth4,cutoff
100000008661550100,peripheral,0.9,1,0.0832,"Вход 22 800 ₸ от 1 плательщика, выход 0 ₸ 0 получателям. Пороги ролей не достигнуты, признаков роли нет.",Периферия,,3,False,1,0,22800.0,0.0,1,0,0.0,0,1,0,0.0,,1,0,0,0,,,none
100000008746025100,peripheral,0.9,1,0.0824,"Вход 22 000 ₸ от 1 плательщика, выход 0 ₸ 0 получателям. Пороги ролей не достигнуты, признаков роли нет.",Периферия,,1,False,1,0,22000.0,0.0,1,0,0.0,1,1,0,0.0,,1,0,0,0,,,none
100000003338583100,peripheral,0.9,25,0.0821,"Вход 21 765 ₸ от 1 плательщика, выход 0 ₸ 0 получателям. Пороги ролей не достигнуты, признаков роли нет.",Периферия,,3,False,1,0,21765.0,0.0,1,0,0.0,0,1,0,0.0,,1,0,0,0,,,none
100000001155773100,peripheral,0.9,1,0.0819,"Вход 21 500 ₸ от 1 плательщика, выход 0 ₸ 0 получателям. Пороги ролей не достигнуты, признаков роли нет.",Периферия,,3,False,1,0,21500.0,0.0,1,0,0.0,0,1,0,0.0,,1,0,0,0,,,none
100000008691330100,peripheral,0.9,1,0.0818,"Вход 21 440 ₸ от 1 плательщика, выход 0 ₸ 0 получателям. Пороги ролей не достигнуты, признаков роли нет.",Периферия,,1,False,1,0,21440.0,0.0,1,0,0.0,1,1,0,0.0,,1,0,0,0,,,none
100000003119550100,peripheral,0.9,1,0.0813,"Вход 21 000 ₸ от 1 плательщика, выход 0 ₸ 0 получателям. Пороги ролей не достигнуты, признаков роли нет.",Периферия,,1,False,1,0,21000.0,0.0,1,0,0.0,1,1,0,0.0,,1,0,0,0,,,none
100000008695495100,peripheral,0.9,1,0.0813,"Вход 21 000 ₸ от 1 плательщика, выход 0 ₸ 0 получателям. Пороги ролей не достигнуты, признаков роли нет.",Периферия,,1,False,1,0,21000.0,0.0,1,0,0.0,1,1,0,0.0,,1,0,0,0,,,none
100000008712036100,peripheral,0.9,1,0.0813,"Вход 21 000 ₸ от 1 плательщика, выход 0 ₸ 0 получателям. Пороги ролей не достигнуты, признаков роли нет.",Периферия,,3,False,1,0,21000.0,0.0,1,0,0.0,0,1,0,0.0,,1,0,0,0,,,none
100000008740793100,peripheral,0.9,1,0.0813,"Вход 21 000 ₸ от 1 плательщика, выход 0 ₸ 0 получателям. Пороги ролей не достигнуты, признаков роли нет.",Периферия,,3,False,1,0,21000.0,0.0,1,0,0.0,0,1,0,0.0,,1,0,0,0,,,none
100000008742266100,peripheral,0.9,1,0.0813,"Вход 21 000 ₸ от 1 плательщика, выход 0 ₸ 0 получателям. Пороги ролей не достигнуты, признаков роли нет.",Периферия,,2,False,1,0,21000.0,0.0,1,0,0.0,0,1,0,0.0,,1,0,0,0,,,none
100000008763688100,peripheral,0.9,1,0.0813,"Вход 21 000 ₸ от 1 плательщика, выход 0 ₸ 0 получателям. Пороги ролей не достигнуты, признаков роли нет.",Периферия,,3,False,1,0,21000.0,0.0,1,0,0.0,0,1,0,0.0,,1,0,0,0,,,none
100000002243354100,peripheral,0.9,1,0.0812,"Вход 20 879 ₸ от 1 плательщика, выход 0 ₸ 0 получателям. Пороги ролей не достигнуты, признаков роли нет.",Периферия,,1,False,1,0,20879.0,0.0,1,0,0.0,1,1,0,0.0,,1,0,0,0,,,none
100000001991973100,peripheral,0.4,18,0.0811,4-е колено: исходящие не собирались (обрыв выборки). Вход 20 800 ₸ от 1 плательщика. Конечным получателем не считаем. Похожие узлы 1-3 колена пересылают дальше в 27% случаев.,Периферия,,4,False,1,0,20800.0,0.0,1,0,0.0,0,1,0,0.0,,1,0,0,0,0.2693,cutoff_depth4,cutoff
100000002982252100,peripheral,0.9,1,0.0806,"Вход 20 320 ₸ от 1 плательщика, выход 0 ₸ 0 получателям. Пороги ролей не достигнуты, признаков роли нет.",Периферия,,1,False,1,0,20320.0,0.0,1,0,0.0,1,1,0,0.0,,1,0,0,0,,,none
100000008745643100,peripheral,0.9,1,0.0806,"Вход 20 313 ₸ от 1 плательщика, выход 0 ₸ 0 получателям. Пороги ролей не достигнуты, признаков роли нет.",Периферия,,1,False,1,0,20313.0,0.0,1,0,0.0,1,1,0,0.0,,1,0,0,0,,,none
100000002459163100,peripheral,0.9,56,0.0804,"Вход 20 180 ₸ от 1 плательщика, выход 0 ₸ 0 получателям. Пороги ролей не достигнуты, признаков роли нет.",Периферия,,2,False,1,0,20180.0,0.0,1,0,0.0,0,1,0,0.0,,1,0,0,0,,,none
100000001639766100,peripheral,0.9,8,0.0802,"Вход 20 000 ₸ от 1 плательщика, выход 0 ₸ 0 получателям. Пороги ролей не достигнуты, признаков роли нет.",Периферия,,3,False,1,0,20000.0,0.0,1,0,0.0,0,1,0,0.0,,1,0,0,0,,,none
100000002289937100,peripheral,0.9,1,0.0802,"Вход 20 000 ₸ от 1 плательщика, выход 0 ₸ 0 получателям. Пороги ролей не достигнуты, признаков роли нет.",Периферия,,1,False,1,0,20000.0,0.0,1,0,0.0,1,1,0,0.0,,1,0,0,0,,,none
100000005056870100,peripheral,0.9,47,0.0802,"Вход 20 000 ₸ от 1 плательщика, выход 0 ₸ 0 получателям. Пороги ролей не достигнуты, признаков роли нет.",Периферия,,1,False,1,0,20000.0,0.0,1,0,0.0,1,1,0,0.0,,1,0,0,0,,,none
100000005087923100,peripheral,0.4,28,0.0802,4-е колено: исходящие не собирались (обрыв выборки). Вход 20 000 ₸ от 1 плательщика. Конечным получателем не считаем. Похожие узлы 1-3 колена пересылают дальше в 27% случаев.,Периферия,,4,False,1,0,20000.0,0.0,1,0,0.0,0,1,0,0.0,,1,0,0,0,0.2693,cutoff_depth4,cutoff
100000005669845100,peripheral,0.9,30,0.0802,"Вход 20 000 ₸ от 1 плательщика, выход 0 ₸ 0 получателям. Пороги ролей не достигнуты, признаков роли нет.",Периферия,,1,False,1,0,20000.0,0.0,1,0,0.0,1,1,0,0.0,,1,0,0,0,,,none
100000005756535100,peripheral,0.9,1,0.0802,"Вход 20 000 ₸ от 1 плательщика, выход 0 ₸ 0 получателям. Пороги ролей не достигнуты, признаков роли нет.",Периферия,,3,False,1,0,20000.0,0.0,1,0,0.0,0,1,0,0.0,,1,0,0,0,,,none
100000006710485100,peripheral,0.9,1,0.0802,"Вход 20 000 ₸ от 1 плательщика, выход 0 ₸ 0 получателям. Пороги ролей не достигнуты, признаков роли нет.",Периферия,,3,False,1,0,20000.0,0.0,1,0,0.0,0,1,0,0.0,,1,0,0,0,,,none
100000007175718100,peripheral,0.9,47,0.0802,"Вход 20 000 ₸ от 1 плательщика, выход 0 ₸ 0 получателям. Пороги ролей не достигнуты, признаков роли нет.",Периферия,,1,False,1,0,20000.0,0.0,1,0,0.0,1,1,0,0.0,,1,0,0,0,,,none
100000007337374100,peripheral,0.9,1,0.0802,"Вход 20 000 ₸ от 1 плательщика, выход 0 ₸ 0 получателям. Пороги ролей не достигнуты, признаков роли нет.",Периферия,,2,False,1,0,20000.0,0.0,2,0,0.0,0,1,0,0.0,,1,0,0,0,,,none
100000008693069100,peripheral,0.9,1,0.0802,"Вход 20 000 ₸ от 1 плательщика, выход 0 ₸ 0 получателям. Пороги ролей не достигнуты, признаков роли нет.",Периферия,,1,False,1,0,20000.0,0.0,1,0,0.0,1,1,0,0.0,,1,0,0,0,,,none
100000008745884100,peripheral,0.9,1,0.0802,"Вход 20 000 ₸ от 1 плательщика, выход 0 ₸ 0 получателям. Пороги ролей не достигнуты, признаков роли нет.",Периферия,,3,False,1,0,20000.0,0.0,1,0,0.0,0,1,0,0.0,,1,0,0,0,,,none
100000008776310100,peripheral,0.9,1,0.0793,"Вход 19 200 ₸ от 1 плательщика, выход 0 ₸ 0 получателям. Пороги ролей не достигнуты, признаков роли нет.",Периферия,,3,False,1,0,19200.0,0.0,1,0,0.0,0,1,0,0.0,,1,0,0,0,,,none
100000003187359100,peripheral,0.9,1,0.0791,"Вход 19 072 ₸ от 1 плательщика, выход 0 ₸ 0 получателям. Пороги ролей не достигнуты, признаков роли нет.",Периферия,,1,False,1,0,19072.0,0.0,1,0,0.0,1,1,0,0.0,,1,0,0,0,,,none
100000008679986100,peripheral,0.9,1,0.079,"Вход 19 000 ₸ от 1 плательщика, выход 0 ₸ 0 получателям. Пороги ролей не достигнуты, признаков роли нет.",Периферия,,1,False,1,0,19000.0,0.0,1,0,0.0,1,1,0,0.0,,1,0,0,0,,,none
100000008696692100,peripheral,0.9,1,0.079,"Вход 19 000 ₸ от 1 плательщика, выход 0 ₸ 0 получателям. Пороги ролей не достигнуты, признаков роли нет.",Периферия,,2,False,1,0,19000.0,0.0,1,0,0.0,0,1,0,0.0,,1,0,0,0,,,none
100000008749063100,peripheral,0.9,1,0.079,"Вход 19 000 ₸ от 1 плательщика, выход 0 ₸ 0 получателям. Пороги ролей не достигнуты, признаков роли нет.",Периферия,,1,False,1,0,19000.0,0.0,1,0,0.0,1,1,0,0.0,,1,0,0,0,,,none
100000004140994100,peripheral,0.9,1,0.0786,"Вход 18 650 ₸ от 1 плательщика, выход 0 ₸ 0 получателям. Пороги ролей не достигнуты, признаков роли нет.",Периферия,,3,False,1,0,18650.0,0.0,1,0,0.0,0,1,0,0.0,,1,0,0,0,,,none
100000002881669100,peripheral,0.9,12,0.0785,"Вход 18 600 ₸ от 1 плательщика, выход 0 ₸ 0 получателям. Пороги ролей не достигнуты, признаков роли нет.",Периферия,,1,False,1,0,18600.0,0.0,1,0,0.0,1,1,0,0.0,,1,0,0,0,,,none
100000003239859100,peripheral,0.9,12,0.0785,"Вход 18 600 ₸ от 1 плательщика, выход 0 ₸ 0 получателям. Пороги ролей не достигнуты, признаков роли нет.",Периферия,,1,False,1,0,18600.0,0.0,1,0,0.0,1,1,0,0.0,,1,0,0,0,,,none
100000001103905100,peripheral,0.9,1,0.0778,"Вход 18 000 ₸ от 1 плательщика, выход 0 ₸ 0 получателям. Пороги ролей не достигнуты, признаков роли нет.",Периферия,,1,False,1,0,18000.0,0.0,1,0,0.0,1,1,0,0.0,,1,0,0,0,,,none
100000008712184100,peripheral,0.9,1,0.0778,"Вход 18 000 ₸ от 1 плательщика, выход 0 ₸ 0 получателям. Пороги ролей не достигнуты, признаков роли нет.",Периферия,,3,False,1,0,18000.0,0.0,1,0,0.0,0,1,0,0.0,,1,0,0,0,,,none
100000008715887100,peripheral,0.9,1,0.0778,"Вход 18 000 ₸ от 1 плательщика, выход 0 ₸ 0 получателям. Пороги ролей не достигнуты, признаков роли нет.",Периферия,,3,False,1,0,18000.0,0.0,1,0,0.0,0,1,0,0.0,,1,0,0,0,,,none
100000008716222100,peripheral,0.9,1,0.0778,"Вход 18 000 ₸ от 1 плательщика, выход 0 ₸ 0 получателям. Пороги ролей не достигнуты, признаков роли нет.",Периферия,,1,False,1,0,18000.0,0.0,1,0,0.0,1,1,0,0.0,,1,0,0,0,,,none
100000008754997100,peripheral,0.9,1,0.0778,"Вход 18 000 ₸ от 1 плательщика, выход 0 ₸ 0 получателям. Пороги ролей не достигнуты, признаков роли нет.",Периферия,,3,False,1,0,18000.0,0.0,1,0,0.0,0,1,0,0.0,,1,0,0,0,,,none
100000008777088100,peripheral,0.9,1,0.0778,"Вход 18 000 ₸ от 1 плательщика, выход 0 ₸ 0 получателям. Пороги ролей не достигнуты, признаков роли нет.",Периферия,,1,False,1,0,18000.0,0.0,1,0,0.0,1,1,0,0.0,,1,0,0,0,,,none
100000004613582100,peripheral,0.9,8,0.0774,"Вход 5 000 ₸ от 1 плательщика, выход 9 500 ₸ 1 получателю. Пороги ролей не достигнуты, признаков роли нет. Отдаёт больше, чем получил в выборке: есть источники вне данных.",Периферия,,3,False,1,1,5000.0,9500.0,1,1,1.9,0,1,0,0.0,,1,0,0,0,,,none
100000002116705100,peripheral,0.9,1,0.0773,"Вход 17 600 ₸ от 1 плательщика, выход 0 ₸ 0 получателям. Пороги ролей не достигнуты, признаков роли нет.",Периферия,,3,False,1,0,17600.0,0.0,1,0,0.0,0,1,0,0.0,,1,0,0,0,,,none
100000002511581100,peripheral,0.9,1,0.0773,"Вход 17 600 ₸ от 1 плательщика, выход 0 ₸ 0 получателям. Пороги ролей не достигнуты, признаков роли нет.",Периферия,,3,False,1,0,17600.0,0.0,1,0,0.0,0,1,0,0.0,,1,0,0,0,,,none
100000008687990100,peripheral,0.9,1,0.0773,"Вход 17 600 ₸ от 1 плательщика, выход 0 ₸ 0 получателям. Пороги ролей не достигнуты, признаков роли нет.",Периферия,,3,False,1,0,17600.0,0.0,1,0,0.0,0,1,0,0.0,,1,0,0,0,,,none
100000008735832100,peripheral,0.9,1,0.0773,"Вход 17 600 ₸ от 1 плательщика, выход 0 ₸ 0 получателям. Пороги ролей не достигнуты, признаков роли нет.",Периферия,,3,False,1,0,17600.0,0.0,1,0,0.0,0,1,0,0.0,,1,0,0,0,,,none
100000008755168100,peripheral,0.9,1,0.0773,"Вход 17 600 ₸ от 1 плательщика, выход 0 ₸ 0 получателям. Пороги ролей не достигнуты, признаков роли нет.",Периферия,,3,False,1,0,17600.0,0.0,1,0,0.0,0,1,0,0.0,,1,0,0,0,,,none
100000000907277100,peripheral,0.9,1,0.0772,"Вход 17 534 ₸ от 1 плательщика, выход 0 ₸ 0 получателям. Пороги ролей не достигнуты, признаков роли нет.",Периферия,,1,False,1,0,17534.0,0.0,1,0,0.0,1,1,0,0.0,,1,0,0,0,,,none
100000008667058100,peripheral,0.9,1,0.0772,"Вход 17 534 ₸ от 1 плательщика, выход 0 ₸ 0 получателям. Пороги ролей не достигнуты, признаков роли нет.",Периферия,,1,False,1,0,17534.0,0.0,1,0,0.0,1,1,0,0.0,,1,0,0,0,,,none
100000008691027100,peripheral,0.9,1,0.0772,"Вход 17 534 ₸ от 1 плательщика, выход 0 ₸ 0 получателям. Пороги ролей не достигнуты, признаков роли нет.",Периферия,,1,False,1,0,17534.0,0.0,1,0,0.0,1,1,0,0.0,,1,0,0,0,,,none
100000008729801100,peripheral,0.9,1,0.0772,"Вход 17 534 ₸ от 1 плательщика, выход 0 ₸ 0 получателям. Пороги ролей не достигнуты, признаков роли нет.",Периферия,,1,False,1,0,17534.0,0.0,1,0,0.0,1,1,0,0.0,,1,0,0,0,,,none
100000008683818100,peripheral,0.9,1,0.077,"Вход 17 400 ₸ от 1 плательщика, выход 0 ₸ 0 получателям. Пороги ролей не достигнуты, признаков роли нет.",Периферия,,2,False,1,0,17400.0,0.0,1,0,0.0,0,1,0,0.0,,1,0,0,0,,,none
100000008767950100,peripheral,0.9,1,0.0769,"Вход 17 350 ₸ от 1 плательщика, выход 0 ₸ 0 получателям. Пороги ролей не достигнуты, признаков роли нет.",Периферия,,3,False,1,0,17350.0,0.0,1,0,0.0,0,1,0,0.0,,1,0,0,0,,,none
100000001111763100,peripheral,0.9,1,0.0767,"Вход 17 144 ₸ от 1 плательщика, выход 0 ₸ 0 получателям. Пороги ролей не достигнуты, признаков роли нет.",Периферия,,1,False,1,0,17144.0,0.0,1,0,0.0,1,1,0,0.0,,1,0,0,0,,,none
100000004491881100,peripheral,0.9,1,0.0767,"Вход 17 144 ₸ от 1 плательщика, выход 0 ₸ 0 получателям. Пороги ролей не достигнуты, признаков роли нет.",Периферия,,1,False,1,0,17144.0,0.0,1,0,0.0,1,1,0,0.0,,1,0,0,0,,,none
100000005995391100,peripheral,0.9,1,0.0767,"Вход 17 200 ₸ от 1 плательщика, выход 0 ₸ 0 получателям. Пороги ролей не достигнуты, признаков роли нет.",Периферия,,3,False,1,0,17200.0,0.0,1,0,0.0,0,1,0,0.0,,1,0,0,0,,,none
100000007022818100,peripheral,0.9,1,0.0767,"Вход 17 200 ₸ от 1 плательщика, выход 0 ₸ 0 получателям. Пороги ролей не достигнуты, признаков роли нет.",Периферия,,3,False,1,0,17200.0,0.0,1,0,0.0,0,1,0,0.0,,1,0,0,0,,,none
100000008309514100,peripheral,0.9,1,0.0767,"Вход 17 200 ₸ от 1 плательщика, выход 0 ₸ 0 получателям. Пороги ролей не достигнуты, признаков роли нет.",Периферия,,3,False,1,0,17200.0,0.0,1,0,0.0,0,1,0,0.0,,1,0,0,0,,,none
100000008684951100,peripheral,0.9,1,0.0767,"Вход 17 200 ₸ от 1 плательщика, выход 0 ₸ 0 получателям. Пороги ролей не достигнуты, признаков роли нет.",Периферия,,3,False,1,0,17200.0,0.0,1,0,0.0,0,1,0,0.0,,1,0,0,0,,,none
100000008706947100,peripheral,0.9,1,0.0767,"Вход 17 200 ₸ от 1 плательщика, выход 0 ₸ 0 получателям. Пороги ролей не достигнуты, признаков роли нет.",Периферия,,3,False,1,0,17200.0,0.0,1,0,0.0,0,1,0,0.0,,1,0,0,0,,,none
100000008708595100,peripheral,0.9,1,0.0767,"Вход 17 200 ₸ от 1 плательщика, выход 0 ₸ 0 получателям. Пороги ролей не достигнуты, признаков роли нет.",Периферия,,3,False,1,0,17200.0,0.0,1,0,0.0,0,1,0,0.0,,1,0,0,0,,,none
100000008749406100,peripheral,0.9,1,0.0767,"Вход 17 144 ₸ от 1 плательщика, выход 0 ₸ 0 получателям. Пороги ролей не достигнуты, признаков роли нет.",Периферия,,1,False,1,0,17144.0,0.0,1,0,0.0,1,1,0,0.0,,1,0,0,0,,,none
100000008749900100,peripheral,0.9,1,0.0767,"Вход 17 150 ₸ от 1 плательщика, выход 0 ₸ 0 получателям. Пороги ролей не достигнуты, признаков роли нет.",Периферия,,3,False,1,0,17150.0,0.0,1,0,0.0,0,1,0,0.0,,1,0,0,0,,,none
100000008767925100,peripheral,0.9,1,0.0767,"Вход 17 144 ₸ от 1 плательщика, выход 0 ₸ 0 получателям. Пороги ролей не достигнуты, признаков роли нет.",Периферия,,1,False,1,0,17144.0,0.0,1,0,0.0,1,1,0,0.0,,1,0,0,0,,,none
100000008759795100,peripheral,0.4,18,0.0765,4-е колено: исходящие не собирались (обрыв выборки). Вход 17 000 ₸ от 1 плательщика. Конечным получателем не считаем. Похожие узлы 1-3 колена пересылают дальше в 27% случаев.,Периферия,,4,False,1,0,17000.0,0.0,1,0,0.0,0,1,0,0.0,,1,0,0,0,0.2693,cutoff_depth4,cutoff
100000008654653100,peripheral,0.95,4,0.0762,"seed. Вход 0 ₸ от 0 плательщиков, выход 54 000 ₸ 1 получателю. Пороги ролей не достигнуты, признаков роли нет.",Периферия,,0,True,0,1,0.0,54000.0,0,1,,0,0,0,0.0,,0,0,0,0,,seed,none
100000003336565100,peripheral,0.9,1,0.0759,"Вход 16 550 ₸ от 1 плательщика, выход 0 ₸ 0 получателям. Пороги ролей не достигнуты, признаков роли нет.",Периферия,,2,False,1,0,16550.0,0.0,1,0,0.0,0,1,0,0.0,,1,0,0,0,,,none
100000004286573100,peripheral,0.9,12,0.0759,"Вход 16 590 ₸ от 1 плательщика, выход 0 ₸ 0 получателям. Пороги ролей не достигнуты, признаков роли нет.",Периферия,,1,False,1,0,16590.0,0.0,1,0,0.0,1,1,0,0.0,,1,0,0,0,,,none
100000008662805100,peripheral,0.9,1,0.0758,"Вход 16 500 ₸ от 1 плательщика, выход 0 ₸ 0 получателям. Пороги ролей не достигнуты, признаков роли нет.",Периферия,,3,False,1,0,16500.0,0.0,1,0,0.0,0,1,0,0.0,,1,0,0,0,,,none
100000008771627100,peripheral,0.9,1,0.0758,"Вход 16 500 ₸ от 1 плательщика, выход 0 ₸ 0 получателям. Пороги ролей не достигнуты, признаков роли нет.",Периферия,,2,False,1,0,16500.0,0.0,1,0,0.0,0,1,0,0.0,,1,0,0,0,,,none
100000005847078100,peripheral,0.9,1,0.0755,"Вход 16 300 ₸ от 1 плательщика, выход 0 ₸ 0 получателям. Пороги ролей не достигнуты, признаков роли нет.",Периферия,,3,False,1,0,16300.0,0.0,1,0,0.0,0,1,0,0.0,,1,0,0,0,,,none
100000008664774100,peripheral,0.9,1,0.0755,"Вход 16 300 ₸ от 1 плательщика, выход 0 ₸ 0 получателям. Пороги ролей не достигнуты, признаков роли нет.",Периферия,,3,False,1,0,16300.0,0.0,1,0,0.0,0,1,0,0.0,,1,0,0,0,,,none
100000001389255100,peripheral,0.9,1,0.0753,"Вход 16 136 ₸ от 1 плательщика, выход 0 ₸ 0 получателям. Пороги ролей не достигнуты, признаков роли нет.",Периферия,,1,False,1,0,16136.0,0.0,1,0,0.0,1,1,0,0.0,,1,0,0,0,,,none
100000006491963100,peripheral,0.4,18,0.0751,4-е колено: исходящие не собирались (обрыв выборки). Вход 16 000 ₸ от 1 плательщика. Конечным получателем не считаем. Похожие узлы 1-3 колена пересылают дальше в 27% случаев.,Периферия,,4,False,1,0,16000.0,0.0,3,0,0.0,0,1,0,0.0,,1,0,0,0,0.2693,cutoff_depth4,cutoff
100000008720668100,peripheral,0.9,1,0.0751,"Вход 16 000 ₸ от 1 плательщика, выход 0 ₸ 0 получателям. Пороги ролей не достигнуты, признаков роли нет.",Периферия,,3,False,1,0,16000.0,0.0,1,0,0.0,0,1,0,0.0,,1,0,0,0,,,none
100000008736394100,peripheral,0.9,1,0.0751,"Вход 16 000 ₸ от 1 плательщика, выход 0 ₸ 0 получателям. Пороги ролей не достигнуты, признаков роли нет.",Периферия,,2,False,1,0,16000.0,0.0,1,0,0.0,0,1,0,0.0,,1,0,0,0,,,none
100000008749989100,peripheral,0.9,1,0.0751,"Вход 16 000 ₸ от 1 плательщика, выход 0 ₸ 0 получателям. Пороги ролей не достигнуты, признаков роли нет.",Периферия,,2,False,1,0,16000.0,0.0,1,0,0.0,0,1,0,0.0,,1,0,0,0,,,none
100000008755580100,peripheral,0.9,1,0.0751,"Вход 16 000 ₸ от 1 плательщика, выход 0 ₸ 0 получателям. Пороги ролей не достигнуты, признаков роли нет.",Периферия,,3,False,1,0,16000.0,0.0,1,0,0.0,0,1,0,0.0,,1,0,0,0,,,none
100000005744674100,peripheral,0.95,19,0.0748,"seed. Вход 0 ₸ от 0 плательщиков, выход 50 066 ₸ 1 получателю. Пороги ролей не достигнуты, признаков роли нет.",Периферия,,0,True,0,1,0.0,50066.0,0,2,,0,0,0,0.0,,0,0,0,0,,seed,none
100000008668099100,peripheral,0.9,1,0.0746,"Вход 15 700 ₸ от 1 плательщика, выход 0 ₸ 0 получателям. Пороги ролей не достигнуты, признаков роли нет.",Периферия,,3,False,1,0,15700.0,0.0,1,0,0.0,0,1,0,0.0,,1,0,0,0,,,none
100000008686494100,peripheral,0.9,1,0.0746,"Вход 15 700 ₸ от 1 плательщика, выход 0 ₸ 0 получателям. Пороги ролей не достигнуты, признаков роли нет.",Периферия,,3,False,1,0,15700.0,0.0,1,0,0.0,0,1,0,0.0,,1,0,0,0,,,none
100000008716773100,peripheral,0.9,1,0.0746,"Вход 15 677 ₸ от 1 плательщика, выход 0 ₸ 0 получателям. Пороги ролей не достигнуты, признаков роли нет.",Периферия,,1,False,1,0,15677.0,0.0,1,0,0.0,1,1,0,0.0,,1,0,0,0,,,none
100000008732098100,peripheral,0.9,1,0.0746,"Вход 15 677 ₸ от 1 плательщика, выход 0 ₸ 0 получателям. Пороги ролей не достигнуты, признаков роли нет.",Периферия,,1,False,1,0,15677.0,0.0,1,0,0.0,1,1,0,0.0,,1,0,0,0,,,none
100000000661131100,peripheral,0.9,1,0.0745,"Вход 15 600 ₸ от 1 плательщика, выход 0 ₸ 0 получателям. Пороги ролей не достигнуты, признаков роли нет.",Периферия,,3,False,1,0,15600.0,0.0,1,0,0.0,0,1,0,0.0,,1,0,0,0,,,none
100000001953577100,peripheral,0.9,1,0.0745,"Вход 15 600 ₸ от 1 плательщика, выход 0 ₸ 0 получателям. Пороги ролей не достигнуты, признаков роли нет.",Периферия,,1,False,1,0,15600.0,0.0,1,0,0.0,1,1,0,0.0,,1,0,0,0,,,none
100000008663723100,peripheral,0.9,1,0.0745,"Вход 15 600 ₸ от 1 плательщика, выход 0 ₸ 0 получателям. Пороги ролей не достигнуты, признаков роли нет.",Периферия,,3,False,1,0,15600.0,0.0,1,0,0.0,0,1,0,0.0,,1,0,0,0,,,none
100000004497606100,peripheral,0.9,1,0.0744,"Вход 15 534 ₸ от 1 плательщика, выход 0 ₸ 0 получателям. Пороги ролей не достигнуты, признаков роли нет.",Периферия,,1,False,1,0,15534.0,0.0,1,0,0.0,1,1,0,0.0,,1,0,0,0,,,none
100000008670667100,peripheral,0.9,1,0.0744,"Вход 15 534 ₸ от 1 плательщика, выход 0 ₸ 0 получателям. Пороги ролей не достигнуты, признаков роли нет.",Периферия,,1,False,1,0,15534.0,0.0,1,0,0.0,1,1,0,0.0,,1,0,0,0,,,none
100000008672162100,peripheral,0.9,1,0.0744,"Вход 15 550 ₸ от 1 плательщика, выход 0 ₸ 0 получателям. Пороги ролей не достигнуты, признаков роли нет.",Периферия,,1,False,1,0,15550.0,0.0,1,0,0.0,1,1,0,0.0,,1,0,0,0,,,none
100000008708743100,peripheral,0.9,1,0.0744,"Вход 15 550 ₸ от 1 плательщика, выход 0 ₸ 0 получателям. Пороги ролей не достигнуты, признаков роли нет.",Периферия,,3,False,1,0,15550.0,0.0,1,0,0.0,0,1,0,0.0,,1,0,0,0,,,none
100000008718089100,peripheral,0.9,1,0.0744,"Вход 15 534 ₸ от 1 плательщика, выход 0 ₸ 0 получателям. Пороги ролей не достигнуты, признаков роли нет.",Периферия,,1,False,1,0,15534.0,0.0,1,0,0.0,1,1,0,0.0,,1,0,0,0,,,none
100000008720798100,peripheral,0.9,1,0.0744,"Вход 15 534 ₸ от 1 плательщика, выход 0 ₸ 0 получателям. Пороги ролей не достигнуты, признаков роли нет.",Периферия,,1,False,1,0,15534.0,0.0,1,0,0.0,1,1,0,0.0,,1,0,0,0,,,none
100000007631637100,peripheral,0.9,1,0.0741,"Вход 15 341 ₸ от 1 плательщика, выход 0 ₸ 0 получателям. Пороги ролей не достигнуты, признаков роли нет.",Периферия,,1,False,1,0,15341.0,0.0,1,0,0.0,1,1,0,0.0,,1,0,0,0,,,none
100000000968253100,peripheral,0.9,1,0.0736,"Вход 15 000 ₸ от 1 плательщика, выход 0 ₸ 0 получателям. Пороги ролей не достигнуты, признаков роли нет.",Периферия,,1,False,1,0,15000.0,0.0,1,0,0.0,1,1,0,0.0,,1,0,0,0,,,none
100000004573782100,peripheral,0.9,8,0.0736,"Вход 15 000 ₸ от 1 плательщика, выход 0 ₸ 0 получателям. Пороги ролей не достигнуты, признаков роли нет.",Периферия,,2,False,1,0,15000.0,0.0,1,0,0.0,0,1,0,0.0,,1,0,0,0,,,none
100000006412162100,peripheral,0.4,18,0.0736,4-е колено: исходящие не собирались (обрыв выборки). Вход 15 000 ₸ от 1 плательщика. Конечным получателем не считаем. Похожие узлы 1-3 колена пересылают дальше в 27% случаев.,Периферия,,4,False,1,0,15000.0,0.0,2,0,0.0,0,1,0,0.0,,1,0,0,0,0.2693,cutoff_depth4,cutoff
100000008547295100,peripheral,0.9,8,0.0736,"Вход 15 000 ₸ от 1 плательщика, выход 0 ₸ 0 получателям. Пороги ролей не достигнуты, признаков роли нет.",Периферия,,3,False,1,0,15000.0,0.0,1,0,0.0,0,1,0,0.0,,1,0,0,0,,,none
100000008687492100,peripheral,0.9,1,0.0736,"Вход 15 000 ₸ от 1 плательщика, выход 0 ₸ 0 получателям. Пороги ролей не достигнуты, признаков роли нет.",Периферия,,2,False,1,0,15000.0,0.0,1,0,0.0,0,1,0,0.0,,1,0,0,0,,,none
100000008776576100,peripheral,0.9,1,0.0732,"Вход 14 765 ₸ от 1 плательщика, выход 0 ₸ 0 получателям. Пороги ролей не достигнуты, признаков роли нет.",Периферия,,1,False,1,0,14765.0,0.0,1,0,0.0,1,1,0,0.0,,1,0,0,0,,,none
100000002992171100,peripheral,0.9,1,0.073,"Вход 14 627 ₸ от 1 плательщика, выход 0 ₸ 0 получателям. Пороги ролей не достигнуты, признаков роли нет.",Периферия,,1,False,1,0,14627.0,0.0,1,0,0.0,1,1,0,0.0,,1,0,0,0,,,none
100000008687733100,peripheral,0.9,1,0.073,"Вход 14 650 ₸ от 1 плательщика, выход 0 ₸ 0 получателям. Пороги ролей не достигнуты, признаков роли нет.",Периферия,,3,False,1,0,14650.0,0.0,1,0,0.0,0,1,0,0.0,,1,0,0,0,,,none
100000008717341100,peripheral,0.9,1,0.073,"Вход 14 627 ₸ от 1 плательщика, выход 0 ₸ 0 получателям. Пороги ролей не достигнуты, признаков роли нет.",Периферия,,1,False,1,0,14627.0,0.0,1,0,0.0,1,1,0,0.0,,1,0,0,0,,,none
100000008755361100,peripheral,0.9,1,0.073,"Вход 14 627 ₸ от 1 плательщика, выход 0 ₸ 0 получателям. Пороги ролей не достигнуты, признаков роли нет.",Периферия,,1,False,1,0,14627.0,0.0,1,0,0.0,1,1,0,0.0,,1,0,0,0,,,none
100000008706846100,peripheral,0.9,1,0.0723,"Вход 14 200 ₸ от 1 плательщика, выход 0 ₸ 0 получателям. Пороги ролей не достигнуты, признаков роли нет.",Периферия,,3,False,1,0,14200.0,0.0,1,0,0.0,0,1,0,0.0,,1,0,0,0,,,none
100000002830055100,peripheral,0.9,1,0.072,"Вход 14 000 ₸ от 1 плательщика, выход 0 ₸ 0 получателям. Пороги ролей не достигнуты, признаков роли нет.",Периферия,,1,False,1,0,14000.0,0.0,1,0,0.0,1,1,0,0.0,,1,0,0,0,,,none
100000008548853100,peripheral,0.9,1,0.072,"Вход 14 000 ₸ от 1 плательщика, выход 0 ₸ 0 получателям. Пороги ролей не достигнуты, признаков роли нет.",Периферия,,3,False,1,0,14000.0,0.0,1,0,0.0,0,1,0,0.0,,1,0,0,0,,,none
100000008554390100,peripheral,0.4,18,0.072,4-е колено: исходящие не собирались (обрыв выборки). Вход 14 000 ₸ от 1 плательщика. Конечным получателем не считаем. Похожие узлы 1-3 колена пересылают дальше в 27% случаев.,Периферия,,4,False,1,0,14000.0,0.0,1,0,0.0,0,1,0,0.0,,1,0,0,0,0.2693,cutoff_depth4,cutoff
100000008663007100,peripheral,0.9,1,0.072,"Вход 14 000 ₸ от 1 плательщика, выход 0 ₸ 0 получателям. Пороги ролей не достигнуты, признаков роли нет.",Периферия,,1,False,1,0,14000.0,0.0,1,0,0.0,1,1,0,0.0,,1,0,0,0,,,none
100000008672493100,peripheral,0.9,1,0.072,"Вход 14 000 ₸ от 1 плательщика, выход 0 ₸ 0 получателям. Пороги ролей не достигнуты, признаков роли нет.",Периферия,,3,False,1,0,14000.0,0.0,1,0,0.0,0,1,0,0.0,,1,0,0,0,,,none
100000001716579100,peripheral,0.9,1,0.0719,"Вход 13 916 ₸ от 1 плательщика, выход 0 ₸ 0 получателям. Пороги ролей не достигнуты, признаков роли нет.",Периферия,,1,False,1,0,13916.0,0.0,1,0,0.0,1,1,0,0.0,,1,0,0,0,,,none
100000008764436100,peripheral,0.9,1,0.0705,"Вход 13 100 ₸ от 1 плательщика, выход 0 ₸ 0 получателям. Пороги ролей не достигнуты, признаков роли нет.",Периферия,,2,False,1,0,13100.0,0.0,1,0,0.0,0,1,0,0.0,,1,0,0,0,,,none
100000008190442100,peripheral,0.9,1,0.0703,"Вход 13 000 ₸ от 1 плательщика, выход 0 ₸ 0 получателям. Пороги ролей не достигнуты, признаков роли нет.",Периферия,,3,False,1,0,13000.0,0.0,1,0,0.0,0,1,0,0.0,,1,0,0,0,,,none
100000008672480100,peripheral,0.9,1,0.0703,"Вход 13 000 ₸ от 1 плательщика, выход 0 ₸ 0 получателям. Пороги ролей не достигнуты, признаков роли нет.",Периферия,,2,False,1,0,13000.0,0.0,1,0,0.0,0,1,0,0.0,,1,0,0,0,,,none
100000008672762100,peripheral,0.9,1,0.0703,"Вход 13 000 ₸ от 1 плательщика, выход 0 ₸ 0 получателям. Пороги ролей не достигнуты, признаков роли нет.",Периферия,,2,False,1,0,13000.0,0.0,1,0,0.0,0,1,0,0.0,,1,0,0,0,,,none
100000008631800100,peripheral,0.4,18,0.07,4-е колено: исходящие не собирались (обрыв выборки). Вход 12 850 ₸ от 1 плательщика. Конечным получателем не считаем. Похожие узлы 1-3 колена пересылают дальше в 27% случаев.,Периферия,,4,False,1,0,12850.0,0.0,1,0,0.0,0,1,0,0.0,,1,0,0,0,0.2693,cutoff_depth4,cutoff
100000008688109100,peripheral,0.9,1,0.0699,"Вход 12 800 ₸ от 1 плательщика, выход 0 ₸ 0 получателям. Пороги ролей не достигнуты, признаков роли нет.",Периферия,,3,False,1,0,12800.0,0.0,1,0,0.0,0,1,0,0.0,,1,0,0,0,,,none
100000008744799100,peripheral,0.9,1,0.0696,"Вход 12 600 ₸ от 1 плательщика, выход 0 ₸ 0 получателям. Пороги ролей не достигнуты, признаков роли нет.",Периферия,,3,False,1,0,12600.0,0.0,1,0,0.0,0,1,0,0.0,,1,0,0,0,,,none
100000002671806100,peripheral,0.9,12,0.0693,"Вход 12 440 ₸ от 1 плательщика, выход 0 ₸ 0 получателям. Пороги ролей не достигнуты, признаков роли нет.",Периферия,,1,False,1,0,12440.0,0.0,1,0,0.0,1,1,0,0.0,,1,0,0,0,,,none
100000002646745100,peripheral,0.9,1,0.069,"Вход 12 300 ₸ от 1 плательщика, выход 0 ₸ 0 получателям. Пороги ролей не достигнуты, признаков роли нет.",Периферия,,3,False,1,0,12300.0,0.0,1,0,0.0,0,1,0,0.0,,1,0,0,0,,,none
100000005089460100,peripheral,0.9,1,0.069,"Вход 12 300 ₸ от 1 плательщика, выход 0 ₸ 0 получателям. Пороги ролей не достигнуты, признаков роли нет.",Периферия,,3,False,1,0,12300.0,0.0,1,0,0.0,0,1,0,0.0,,1,0,0,0,,,none
100000005588444100,peripheral,0.9,8,0.069,"Вход 12 300 ₸ от 1 плательщика, выход 0 ₸ 0 получателям. Пороги ролей не достигнуты, признаков роли нет.",Периферия,,1,False,1,0,12300.0,0.0,1,0,0.0,1,1,0,0.0,,1,0,0,0,,,none
100000007289427100,peripheral,0.9,3,0.069,"Вход 12 300 ₸ от 1 плательщика, выход 0 ₸ 0 получателям. Пороги ролей не достигнуты, признаков роли нет.",Периферия,,2,False,1,0,12300.0,0.0,1,0,0.0,0,1,0,0.0,,1,0,0,0,,,none
100000008716439100,peripheral,0.9,1,0.069,"Вход 12 267 ₸ от 1 плательщика, выход 0 ₸ 0 получателям. Пороги ролей не достигнуты, признаков роли нет.",Периферия,,1,False,1,0,12267.0,0.0,1,0,0.0,1,1,0,0.0,,1,0,0,0,,,none
100000008754608100,peripheral,0.9,1,0.069,"Вход 12 300 ₸ от 1 плательщика, выход 0 ₸ 0 получателям. Пороги ролей не достигнуты, признаков роли нет.",Периферия,,3,False,1,0,12300.0,0.0,1,0,0.0,0,1,0,0.0,,1,0,0,0,,,none
100000003047800100,peripheral,0.4,13,0.0689,4-е колено: исходящие не собирались (обрыв выборки). Вход 12 212 ₸ от 1 плательщика. Конечным получателем не считаем. Похожие узлы 1-3 колена пересылают дальше в 27% случаев.,Периферия,,4,False,1,0,12212.0,0.0,1,0,0.0,0,1,0,0.0,,1,0,0,0,0.2693,cutoff_depth4,cutoff
100000008716072100,peripheral,0.9,1,0.0687,"Вход 12 100 ₸ от 1 плательщика, выход 0 ₸ 0 получателям. Пороги ролей не достигнуты, признаков роли нет.",Периферия,,3,False,1,0,12100.0,0.0,1,0,0.0,0,1,0,0.0,,1,0,0,0,,,none
100000004714705100,peripheral,0.95,19,0.0686,"seed. Вход 0 ₸ от 0 плательщиков, выход 36 550 ₸ 1 получателю. Пороги ролей не достигнуты, признаков роли нет.",Периферия,,0,True,0,1,0.0,36550.0,0,1,,0,0,0,0.0,,0,0,0,0,,seed,none
100000001149815100,peripheral,0.9,1,0.0685,"Вход 12 000 ₸ от 1 плательщика, выход 0 ₸ 0 получателям. Пороги ролей не достигнуты, признаков роли нет.",Периферия,,3,False,1,0,12000.0,0.0,1,0,0.0,0,1,0,0.0,,1,0,0,0,,,none
100000002645046100,peripheral,0.4,18,0.0685,4-е колено: исходящие не собирались (обрыв выборки). Вход 12 000 ₸ от 1 плательщика. Конечным получателем не считаем. Похожие узлы 1-3 колена пересылают дальше в 27% случаев.,Периферия,,4,False,1,0,12000.0,0.0,1,0,0.0,0,1,0,0.0,,1,0,0,0,0.2693,cutoff_depth4,cutoff
100000002744581100,peripheral,0.9,8,0.0685,"Вход 12 000 ₸ от 1 плательщика, выход 0 ₸ 0 получателям. Пороги ролей не достигнуты, признаков роли нет.",Периферия,,2,False,1,0,12000.0,0.0,1,0,0.0,0,1,0,0.0,,1,0,0,0,,,none
100000002876914100,peripheral,0.4,18,0.0685,4-е колено: исходящие не собирались (обрыв выборки). Вход 12 000 ₸ от 1 плательщика. Конечным получателем не считаем. Похожие узлы 1-3 колена пересылают дальше в 27% случаев.,Периферия,,4,False,1,0,12000.0,0.0,1,0,0.0,0,1,0,0.0,,1,0,0,0,0.2693,cutoff_depth4,cutoff
100000004780327100,peripheral,0.4,18,0.0685,4-е колено: исходящие не собирались (обрыв выборки). Вход 12 000 ₸ от 1 плательщика. Конечным получателем не считаем. Похожие узлы 1-3 колена пересылают дальше в 27% случаев.,Периферия,,4,False,1,0,12000.0,0.0,1,0,0.0,0,1,0,0.0,,1,0,0,0,0.2693,cutoff_depth4,cutoff
100000008586731100,peripheral,0.9,12,0.0685,"Вход 12 000 ₸ от 1 плательщика, выход 0 ₸ 0 получателям. Пороги ролей не достигнуты, признаков роли нет.",Периферия,,1,False,1,0,12000.0,0.0,1,0,0.0,1,1,0,0.0,,1,0,0,0,,,none
100000004388209100,peripheral,0.9,1,0.0681,"Вход 11 800 ₸ от 1 плательщика, выход 0 ₸ 0 получателям. Пороги ролей не достигнуты, признаков роли нет.",Периферия,,1,False,1,0,11800.0,0.0,1,0,0.0,1,1,0,0.0,,1,0,0,0,,,none
100000003084870100,peripheral,0.4,13,0.0677,4-е колено: исходящие не собирались (обрыв выборки). Вход 6 500 ₸ от 1 плательщика. Конечным получателем не считаем. Похожие узлы 1-3 колена пересылают дальше в 27% случаев.,Периферия,,4,False,1,0,6500.0,0.0,1,0,0.0,0,2,0,0.0,,1,0,0,0,0.2693,cutoff_depth4,cutoff
100000002750332100,peripheral,0.9,9,0.0672,"Вход 11 360 ₸ от 1 плательщика, выход 0 ₸ 0 получателям. Пороги ролей не достигнуты, признаков роли нет.",Периферия,,1,False,1,0,11360.0,0.0,1,0,0.0,1,1,0,0.0,,1,0,0,0,,,none
100000008489604100,peripheral,0.9,1,0.0665,"Вход 11 000 ₸ от 1 плательщика, выход 0 ₸ 0 получателям. Пороги ролей не достигнуты, признаков роли нет.",Периферия,,3,False,1,0,11000.0,0.0,1,0,0.0,0,1,0,0.0,,1,0,0,0,,,none
100000002844897100,peripheral,0.9,9,0.066,"Вход 10 800 ₸ от 1 плательщика, выход 0 ₸ 0 получателям. Пороги ролей не достигнуты, признаков роли нет.",Периферия,,1,False,1,0,10800.0,0.0,1,0,0.0,1,1,0,0.0,,1,0,0,0,,,none
100000002916006100,peripheral,0.95,19,0.066,"seed. Вход 0 ₸ от 0 плательщиков, выход 32 000 ₸ 1 получателю. Пороги ролей не достигнуты, признаков роли нет.",Периферия,,0,True,0,1,0.0,32000.0,0,1,,0,0,0,0.0,,0,0,0,0,,seed,none
100000004971871100,peripheral,0.9,59,0.0654,"seed. Вход 25 400 ₸ от 1 плательщика, выход 5 650 ₸ 1 получателю. Пороги ролей не достигнуты, признаков роли нет.",Периферия,,0,True,1,1,25400.0,5650.0,3,1,0.2224,0,0,0,0.0,1.0,1,0,1,0,,seed;mutual_transfers,none
100000003200071100,peripheral,0.95,68,0.0648,"seed. Вход 0 ₸ от 0 плательщиков, выход 30 000 ₸ 1 получателю. Пороги ролей не достигнуты, признаков роли нет.",Периферия,,0,True,0,1,0.0,30000.0,0,1,,0,0,0,0.0,,0,0,0,0,,seed,none
100000004007197100,peripheral,0.9,25,0.0644,"Вход 10 048 ₸ от 1 плательщика, выход 0 ₸ 0 получателям. Пороги ролей не достигнуты, признаков роли нет.",Периферия,,3,False,1,0,10048.0,0.0,1,0,0.0,0,1,0,0.0,,1,0,0,0,,,none
100000000625169100,peripheral,0.9,1,0.0643,"Вход 10 000 ₸ от 1 плательщика, выход 0 ₸ 0 получателям. Пороги ролей не достигнуты, признаков роли нет.",Периферия,,2,False,1,0,10000.0,0.0,1,0,0.0,0,1,0,0.0,,1,0,0,0,,,none
100000000704700100,peripheral,0.4,25,0.0643,4-е колено: исходящие не собирались (обрыв выборки). Вход 10 000 ₸ от 1 плательщика. Конечным получателем не считаем. Похожие узлы 1-3 колена пересылают дальше в 27% случаев.,Периферия,,4,False,1,0,10000.0,0.0,1,0,0.0,0,1,0,0.0,,1,0,0,0,0.2693,cutoff_depth4,cutoff
100000000979567100,peripheral,0.9,1,0.0643,"Вход 10 000 ₸ от 1 плательщика, выход 0 ₸ 0 получателям. Пороги ролей не достигнуты, признаков роли нет.",Периферия,,2,False,1,0,10000.0,0.0,1,0,0.0,0,1,0,0.0,,1,0,0,0,,,none
100000002130400100,peripheral,0.4,38,0.0643,4-е колено: исходящие не собирались (обрыв выборки). Вход 10 000 ₸ от 1 плательщика. Конечным получателем не считаем. Похожие узлы 1-3 колена пересылают дальше в 27% случаев.,Периферия,,4,False,1,0,10000.0,0.0,1,0,0.0,0,1,0,0.0,,1,0,0,0,0.2693,cutoff_depth4,cutoff
100000004950490100,peripheral,0.9,8,0.0643,"Вход 10 000 ₸ от 1 плательщика, выход 0 ₸ 0 получателям. Пороги ролей не достигнуты, признаков роли нет.",Периферия,,2,False,1,0,10000.0,0.0,1,0,0.0,0,1,0,0.0,,1,0,0,0,,,none
100000008129393100,peripheral,0.9,54,0.0643,"Вход 10 000 ₸ от 1 плательщика, выход 0 ₸ 0 получателям. Пороги ролей не достигнуты, признаков роли нет.",Периферия,,1,False,1,0,10000.0,0.0,1,0,0.0,1,1,0,0.0,,1,0,0,0,,,none
100000008463968100,peripheral,0.9,1,0.0643,"Вход 10 000 ₸ от 1 плательщика, выход 0 ₸ 0 получателям. Пороги ролей не достигнуты, признаков роли нет.",Периферия,,3,False,1,0,10000.0,0.0,1,0,0.0,0,1,0,0.0,,1,0,0,0,,,none
100000008478414100,peripheral,0.9,1,0.0643,"Вход 10 000 ₸ от 1 плательщика, выход 0 ₸ 0 получателям. Пороги ролей не достигнуты, признаков роли нет.",Периферия,,2,False,1,0,10000.0,0.0,1,0,0.0,0,1,0,0.0,,1,0,0,0,,,none
100000001325618100,peripheral,0.4,18,0.0626,4-е колено: исходящие не собирались (обрыв выборки). Вход 9 300 ₸ от 1 плательщика. Конечным получателем не считаем. Похожие узлы 1-3 колена пересылают дальше в 27% случаев.,Периферия,,4,False,1,0,9300.0,0.0,1,0,0.0,0,1,0,0.0,,1,0,0,0,0.2693,cutoff_depth4,cutoff
100000004263867100,peripheral,0.4,18,0.0618,4-е колено: исходящие не собирались (обрыв выборки). Вход 9 000 ₸ от 1 плательщика. Конечным получателем не считаем. Похожие узлы 1-3 колена пересылают дальше в 27% случаев.,Периферия,,4,False,1,0,9000.0,0.0,1,0,0.0,0,1,0,0.0,,1,0,0,0,0.2693,cutoff_depth4,cutoff
100000004449824100,peripheral,0.4,18,0.0618,4-е колено: исходящие не собирались (обрыв выборки). Вход 9 000 ₸ от 1 плательщика. Конечным получателем не считаем. Похожие узлы 1-3 колена пересылают дальше в 27% случаев.,Периферия,,4,False,1,0,9000.0,0.0,1,0,0.0,0,1,0,0.0,,1,0,0,0,0.2693,cutoff_depth4,cutoff
100000008708061100,peripheral,0.9,1,0.0609,"Вход 8 650 ₸ от 1 плательщика, выход 0 ₸ 0 получателям. Пороги ролей не достигнуты, признаков роли нет.",Периферия,,3,False,1,0,8650.0,0.0,1,0,0.0,0,1,0,0.0,,1,0,0,0,,,none
100000008672200100,peripheral,0.9,1,0.0606,"Вход 8 511 ₸ от 1 плательщика, выход 0 ₸ 0 получателям. Пороги ролей не достигнуты, признаков роли нет.",Периферия,,1,False,1,0,8511.0,0.0,1,0,0.0,1,1,0,0.0,,1,0,0,0,,,none
100000008750464100,peripheral,0.9,1,0.0605,"Вход 8 500 ₸ от 1 плательщика, выход 0 ₸ 0 получателям. Пороги ролей не достигнуты, признаков роли нет.",Периферия,,3,False,1,0,8500.0,0.0,1,0,0.0,0,1,0,0.0,,1,0,0,0,,,none
100000005807278100,peripheral,0.9,47,0.0602,"Вход 8 385 ₸ от 1 плательщика, выход 0 ₸ 0 получателям. Пороги ролей не достигнуты, признаков роли нет.",Периферия,,1,False,1,0,8385.0,0.0,1,0,0.0,1,1,0,0.0,,1,0,0,0,,,none
100000001256409100,peripheral,0.4,20,0.0591,4-е колено: исходящие не собирались (обрыв выборки). Вход 8 000 ₸ от 1 плательщика. Конечным получателем не считаем. Похожие узлы 1-3 колена пересылают дальше в 27% случаев.,Периферия,,4,False,1,0,8000.0,0.0,1,0,0.0,0,1,0,0.0,,1,0,0,0,0.2693,cutoff_depth4,cutoff
100000001299443100,peripheral,0.4,18,0.0591,4-е колено: исходящие не собирались (обрыв выборки). Вход 8 000 ₸ от 1 плательщика. Конечным получателем не считаем. Похожие узлы 1-3 колена пересылают дальше в 27% случаев.,Периферия,,4,False,1,0,8000.0,0.0,1,0,0.0,0,1,0,0.0,,1,0,0,0,0.2693,cutoff_depth4,cutoff
100000008537380100,peripheral,0.9,1,0.0591,"Вход 8 000 ₸ от 1 плательщика, выход 0 ₸ 0 получателям. Пороги ролей не достигнуты, признаков роли нет.",Периферия,,3,False,1,0,8000.0,0.0,1,0,0.0,0,1,0,0.0,,1,0,0,0,,,none
100000002974256100,peripheral,0.9,12,0.0567,"Вход 7 200 ₸ от 1 плательщика, выход 0 ₸ 0 получателям. Пороги ролей не достигнуты, признаков роли нет.",Периферия,,2,False,1,0,7200.0,0.0,1,0,0.0,0,1,0,0.0,,1,0,0,0,,,none
100000003005167100,peripheral,0.4,18,0.0561,4-е колено: исходящие не собирались (обрыв выборки). Вход 7 000 ₸ от 1 плательщика. Конечным получателем не считаем. Похожие узлы 1-3 колена пересылают дальше в 27% случаев.,Периферия,,4,False,1,0,7000.0,0.0,1,0,0.0,0,1,0,0.0,,1,0,0,0,0.2693,cutoff_depth4,cutoff
100000003377795100,peripheral,0.9,8,0.0561,"Вход 7 000 ₸ от 1 плательщика, выход 0 ₸ 0 получателям. Пороги ролей не достигнуты, признаков роли нет.",Периферия,,1,False,1,0,7000.0,0.0,1,0,0.0,1,1,0,0.0,,1,0,0,0,,,none
100000004592467100,peripheral,0.9,3,0.0561,"Вход 7 000 ₸ от 1 плательщика, выход 0 ₸ 0 получателям. Пороги ролей не достигнуты, признаков роли нет.",Периферия,,2,False,1,0,7000.0,0.0,1,0,0.0,0,1,0,0.0,,1,0,0,0,,,none
100000008755754100,peripheral,0.9,13,0.0561,"Вход 7 000 ₸ от 1 плательщика, выход 0 ₸ 0 получателям. Пороги ролей не достигнуты, признаков роли нет.",Периферия,,3,False,1,0,7000.0,0.0,1,0,0.0,0,1,0,0.0,,1,0,0,0,,,none
100000000955444100,peripheral,0.9,45,0.0558,"Вход 6 910 ₸ от 1 плательщика, выход 0 ₸ 0 получателям. Пороги ролей не достигнуты, признаков роли нет.",Периферия,,2,False,1,0,6910.0,0.0,1,0,0.0,0,1,0,0.0,,1,0,0,0,,,none
100000001714883100,peripheral,0.4,18,0.0557,4-е колено: исходящие не собирались (обрыв выборки). Вход 6 900 ₸ от 1 плательщика. Конечным получателем не считаем. Похожие узлы 1-3 колена пересылают дальше в 27% случаев.,Периферия,,4,False,1,0,6900.0,0.0,1,0,0.0,0,1,0,0.0,,1,0,0,0,0.2693,cutoff_depth4,cutoff
100000002474570100,peripheral,0.4,18,0.0552,4-е колено: исходящие не собирались (обрыв выборки). Вход 6 750 ₸ от 1 плательщика. Конечным получателем не считаем. Похожие узлы 1-3 колена пересылают дальше в 27% случаев.,Периферия,,4,False,1,0,6750.0,0.0,1,0,0.0,0,1,0,0.0,,1,0,0,0,0.2693,cutoff_depth4,cutoff
100000005055454100,peripheral,0.9,30,0.0544,"Вход 6 500 ₸ от 1 плательщика, выход 0 ₸ 0 получателям. Пороги ролей не достигнуты, признаков роли нет.",Периферия,,3,False,1,0,6500.0,0.0,1,0,0.0,0,1,0,0.0,,1,0,0,0,,,none
100000003194831100,peripheral,0.4,10,0.0535,4-е колено: исходящие не собирались (обрыв выборки). Вход 6 265 ₸ от 1 плательщика. Конечным получателем не считаем. Похожие узлы 1-3 колена пересылают дальше в 27% случаев.,Периферия,,4,False,1,0,6265.0,0.0,1,0,0.0,0,1,0,0.0,,1,0,0,0,0.2693,cutoff_depth4,cutoff
100000000718427100,peripheral,0.9,1,0.0525,"Вход 6 000 ₸ от 1 плательщика, выход 0 ₸ 0 получателям. Пороги ролей не достигнуты, признаков роли нет.",Периферия,,2,False,1,0,6000.0,0.0,1,0,0.0,0,1,0,0.0,,1,0,0,0,,,none
100000002346166100,peripheral,0.9,1,0.0525,"Вход 6 000 ₸ от 1 плательщика, выход 0 ₸ 0 получателям. Пороги ролей не достигнуты, признаков роли нет.",Периферия,,3,False,1,0,6000.0,0.0,1,0,0.0,0,1,0,0.0,,1,0,0,0,,,none
100000002512742100,peripheral,0.4,18,0.0525,4-е колено: исходящие не собирались (обрыв выборки). Вход 6 000 ₸ от 1 плательщика. Конечным получателем не считаем. Похожие узлы 1-3 колена пересылают дальше в 27% случаев.,Периферия,,4,False,1,0,6000.0,0.0,1,0,0.0,0,1,0,0.0,,1,0,0,0,0.2693,cutoff_depth4,cutoff
100000002878483100,peripheral,0.4,18,0.0525,4-е колено: исходящие не собирались (обрыв выборки). Вход 6 000 ₸ от 1 плательщика. Конечным получателем не считаем. Похожие узлы 1-3 колена пересылают дальше в 27% случаев.,Периферия,,4,False,1,0,6000.0,0.0,1,0,0.0,0,1,0,0.0,,1,0,0,0,0.2693,cutoff_depth4,cutoff
100000002986245100,peripheral,0.4,18,0.0515,4-е колено: исходящие не собирались (обрыв выборки). Вход 5 750 ₸ от 1 плательщика. Конечным получателем не считаем. Похожие узлы 1-3 колена пересылают дальше в 27% случаев.,Периферия,,4,False,1,0,5750.0,0.0,1,0,0.0,0,1,0,0.0,,1,0,0,0,0.2693,cutoff_depth4,cutoff
100000006831291100,peripheral,0.95,54,0.0512,"seed. Вход 0 ₸ от 0 плательщиков, выход 15 000 ₸ 1 получателю. Пороги ролей не достигнуты, признаков роли нет.",Периферия,,0,True,0,1,0.0,15000.0,0,3,,0,0,0,0.0,,0,0,0,0,,seed,none
100000008488166100,peripheral,0.9,1,0.0509,"Вход 5 600 ₸ от 1 плательщика, выход 0 ₸ 0 получателям. Пороги ролей не достигнуты, признаков роли нет.",Периферия,,3,False,1,0,5600.0,0.0,1,0,0.0,0,1,0,0.0,,1,0,0,0,,,none
100000004268036100,peripheral,0.4,18,0.0505,4-е колено: исходящие не собирались (обрыв выборки). Вход 5 500 ₸ от 1 плательщика. Конечным получателем не считаем. Похожие узлы 1-3 колена пересылают дальше в 27% случаев.,Периферия,,4,False,1,0,5500.0,0.0,1,0,0.0,0,1,0,0.0,,1,0,0,0,0.2693,cutoff_depth4,cutoff
100000002614095100,peripheral,0.9,1,0.0497,"Вход 5 300 ₸ от 1 плательщика, выход 0 ₸ 0 получателям. Пороги ролей не достигнуты, признаков роли нет.",Периферия,,3,False,1,0,5300.0,0.0,1,0,0.0,0,1,0,0.0,,1,0,0,0,,,none
100000002635746100,peripheral,0.4,18,0.0497,4-е колено: исходящие не собирались (обрыв выборки). Вход 5 300 ₸ от 1 плательщика. Конечным получателем не считаем. Похожие узлы 1-3 колена пересылают дальше в 27% случаев.,Периферия,,4,False,1,0,5300.0,0.0,1,0,0.0,0,1,0,0.0,,1,0,0,0,0.2693,cutoff_depth4,cutoff
100000008648783100,peripheral,0.4,18,0.0492,4-е колено: исходящие не собирались (обрыв выборки). Вход 5 200 ₸ от 1 плательщика. Конечным получателем не считаем. Похожие узлы 1-3 колена пересылают дальше в 27% случаев.,Периферия,,4,False,1,0,5200.0,0.0,1,0,0.0,0,1,0,0.0,,1,0,0,0,0.2693,cutoff_depth4,cutoff
100000001590795100,peripheral,0.4,18,0.0486,4-е колено: исходящие не собирались (обрыв выборки). Вход 5 060 ₸ от 1 плательщика. Конечным получателем не считаем. Похожие узлы 1-3 колена пересылают дальше в 27% случаев.,Периферия,,4,False,1,0,5060.0,0.0,1,0,0.0,0,1,0,0.0,,1,0,0,0,0.2693,cutoff_depth4,cutoff
100000000307908100,peripheral,0.9,44,0.0483,"Вход 5 000 ₸ от 1 плательщика, выход 0 ₸ 0 получателям. Пороги ролей не достигнуты, признаков роли нет.",Периферия,,2,False,1,0,5000.0,0.0,1,0,0.0,0,1,0,0.0,,1,0,0,0,,,none
100000001860090100,peripheral,0.9,8,0.0483,"Вход 5 000 ₸ от 1 плательщика, выход 0 ₸ 0 получателям. Пороги ролей не достигнуты, признаков роли нет.",Периферия,,3,False,1,0,5000.0,0.0,1,0,0.0,0,1,0,0.0,,1,0,0,0,,,none
100000006490557100,peripheral,0.9,8,0.0483,"Вход 5 000 ₸ от 1 плательщика, выход 0 ₸ 0 получателям. Пороги ролей не достигнуты, признаков роли нет.",Периферия,,2,False,1,0,5000.0,0.0,1,0,0.0,0,1,0,0.0,,1,0,0,0,,,none
100000007510875100,peripheral,0.9,9,0.0483,"Вход 5 000 ₸ от 1 плательщика, выход 0 ₸ 0 получателям. Пороги ролей не достигнуты, признаков роли нет.",Периферия,,3,False,1,0,5000.0,0.0,1,0,0.0,0,1,0,0.0,,1,0,0,0,,,none
100000007930878100,peripheral,0.9,45,0.0483,"Вход 5 000 ₸ от 1 плательщика, выход 0 ₸ 0 получателям. Пороги ролей не достигнуты, признаков роли нет.",Периферия,,2,False,1,0,5000.0,0.0,1,0,0.0,0,1,0,0.0,,1,0,0,0,,,none
100000008042075100,peripheral,0.9,24,0.0483,"Вход 5 000 ₸ от 1 плательщика, выход 0 ₸ 0 получателям. Пороги ролей не достигнуты, признаков роли нет.",Периферия,,3,False,1,0,5000.0,0.0,1,0,0.0,0,1,0,0.0,,1,0,0,0,,,none
100000005543136100,peripheral,0.95,11,0.0433,"seed. Вход 0 ₸ от 0 плательщиков, выход 10 000 ₸ 1 получателю. Пороги ролей не достигнуты, признаков роли нет.",Периферия,,0,True,0,1,0.0,10000.0,0,1,,0,0,0,0.0,,0,0,0,0,,seed,none
100000000456947100,peripheral,0.9,0,0.0297,"Seed без внутрибанковских переводов от 5 000 ₸ в июле: связей в выборке нет. Признаков роли по данным нет, нужны другие источники.",Периферия,,0,True,0,0,0.0,0.0,0,0,,0,0,0,0.0,,0,0,0,0,,seed;isolated,isolated
100000003265658100,peripheral,0.9,0,0.0297,"Seed без внутрибанковских переводов от 5 000 ₸ в июле: связей в выборке нет. Признаков роли по данным нет, нужны другие источники.",Периферия,,0,True,0,0,0.0,0.0,0,0,,0,0,0,0.0,,0,0,0,0,,seed;isolated,isolated
100000003349739100,peripheral,0.9,0,0.0297,"Seed без внутрибанковских переводов от 5 000 ₸ в июле: связей в выборке нет. Признаков роли по данным нет, нужны другие источники.",Периферия,,0,True,0,0,0.0,0.0,0,0,,0,0,0,0.0,,0,0,0,0,,seed;isolated,isolated
100000003770083100,peripheral,0.9,0,0.0297,"Seed без внутрибанковских переводов от 5 000 ₸ в июле: связей в выборке нет. Признаков роли по данным нет, нужны другие источники.",Периферия,,0,True,0,0,0.0,0.0,0,0,,0,0,0,0.0,,0,0,0,0,,seed;isolated,isolated
100000004021459100,peripheral,0.9,0,0.0297,"Seed без внутрибанковских переводов от 5 000 ₸ в июле: связей в выборке нет. Признаков роли по данным нет, нужны другие источники.",Периферия,,0,True,0,0,0.0,0.0,0,0,,0,0,0,0.0,,0,0,0,0,,seed;isolated,isolated
100000004174835100,peripheral,0.9,0,0.0297,"Seed без внутрибанковских переводов от 5 000 ₸ в июле: связей в выборке нет. Признаков роли по данным нет, нужны другие источники.",Периферия,,0,True,0,0,0.0,0.0,0,0,,0,0,0,0.0,,0,0,0,0,,seed;isolated,isolated
100000005017150100,peripheral,0.9,0,0.0297,"Seed без внутрибанковских переводов от 5 000 ₸ в июле: связей в выборке нет. Признаков роли по данным нет, нужны другие источники.",Периферия,,0,True,0,0,0.0,0.0,0,0,,0,0,0,0.0,,0,0,0,0,,seed;isolated,isolated
100000005087431100,peripheral,0.9,0,0.0297,"Seed без внутрибанковских переводов от 5 000 ₸ в июле: связей в выборке нет. Признаков роли по данным нет, нужны другие источники.",Периферия,,0,True,0,0,0.0,0.0,0,0,,0,0,0,0.0,,0,0,0,0,,seed;isolated,isolated
100000005235389100,peripheral,0.9,0,0.0297,"Seed без внутрибанковских переводов от 5 000 ₸ в июле: связей в выборке нет. Признаков роли по данным нет, нужны другие источники.",Периферия,,0,True,0,0,0.0,0.0,0,0,,0,0,0,0.0,,0,0,0,0,,seed;isolated,isolated
100000005480435100,peripheral,0.9,0,0.0297,"Seed без внутрибанковских переводов от 5 000 ₸ в июле: связей в выборке нет. Признаков роли по данным нет, нужны другие источники.",Периферия,,0,True,0,0,0.0,0.0,0,0,,0,0,0,0.0,,0,0,0,0,,seed;isolated,isolated
100000005495722100,peripheral,0.9,0,0.0297,"Seed без внутрибанковских переводов от 5 000 ₸ в июле: связей в выборке нет. Признаков роли по данным нет, нужны другие источники.",Периферия,,0,True,0,0,0.0,0.0,0,0,,0,0,0,0.0,,0,0,0,0,,seed;isolated,isolated
100000005550592100,peripheral,0.9,0,0.0297,"Seed без внутрибанковских переводов от 5 000 ₸ в июле: связей в выборке нет. Признаков роли по данным нет, нужны другие источники.",Периферия,,0,True,0,0,0.0,0.0,0,0,,0,0,0,0.0,,0,0,0,0,,seed;isolated,isolated
100000005560900100,peripheral,0.9,0,0.0297,"Seed без внутрибанковских переводов от 5 000 ₸ в июле: связей в выборке нет. Признаков роли по данным нет, нужны другие источники.",Периферия,,0,True,0,0,0.0,0.0,0,0,,0,0,0,0.0,,0,0,0,0,,seed;isolated,isolated
100000005568407100,peripheral,0.9,0,0.0297,"Seed без внутрибанковских переводов от 5 000 ₸ в июле: связей в выборке нет. Признаков роли по данным нет, нужны другие источники.",Периферия,,0,True,0,0,0.0,0.0,0,0,,0,0,0,0.0,,0,0,0,0,,seed;isolated,isolated
100000008117324100,peripheral,0.9,0,0.0297,"Seed без внутрибанковских переводов от 5 000 ₸ в июле: связей в выборке нет. Признаков роли по данным нет, нужны другие источники.",Периферия,,0,True,0,0,0.0,0.0,0,0,,0,0,0,0.0,,0,0,0,0,,seed;isolated,isolated
100000008205000100,peripheral,0.9,0,0.0297,"Seed без внутрибанковских переводов от 5 000 ₸ в июле: связей в выборке нет. Признаков роли по данным нет, нужны другие источники.",Периферия,,0,True,0,0,0.0,0.0,0,0,,0,0,0,0.0,,0,0,0,0,,seed;isolated,isolated
100000008513251100,peripheral,0.9,0,0.0297,"Seed без внутрибанковских переводов от 5 000 ₸ в июле: связей в выборке нет. Признаков роли по данным нет, нужны другие источники.",Периферия,,0,True,0,0,0.0,0.0,0,0,,0,0,0,0.0,,0,0,0,0,,seed;isolated,isolated
100000008669037100,peripheral,0.9,0,0.0297,"Seed без внутрибанковских переводов от 5 000 ₸ в июле: связей в выборке нет. Признаков роли по данным нет, нужны другие источники.",Периферия,,0,True,0,0,0.0,0.0,0,0,,0,0,0,0.0,,0,0,0,0,,seed;isolated,isolated
100000008701222100,peripheral,0.9,0,0.0297,"Seed без внутрибанковских переводов от 5 000 ₸ в июле: связей в выборке нет. Признаков роли по данным нет, нужны другие источники.",Периферия,,0,True,0,0,0.0,0.0,0,0,,0,0,0,0.0,,0,0,0,0,,seed;isolated,isolated
